"Name,""State"",""Notes"",""User"",""Tags"",""Created"",""Runtime"",""Sweep"",""architecture"",""batch_size"",""budget"",""dataset"",""epochs"",""fanout"",""hidden"",""layer"",""mode"",""num_parts"",""num_threads"",""run"",""sampler"",""accuracy"",""dataloading time"",""end-to-end time"",""inference time"",""loss"",""overall training time"",""process cpu times"",""sampling time"",""system cpu stats"",""system cpu times"",""test-acc"",""time per epoch"",""used memory"",""used memory full"""
"gcn-ogbn-papers100M-labor-cpu-32-20-2-128-10-1024-[10]-1000,""finished"",""-"",""jana-vatter"","""",""2023-07-22T20:48:41.000Z"",""1637"","""",""gcn"",""1024"",""1000"",""ogbn-papers100M"",""20"",""[10]"",""128"",""2"",""cpu"",""10"",""32"",""3"",""labor"",""0.29280325770378113"",""62.91102021599363"",""1628.740155143998"",""940.0014202489984"",""2.363391402214639"",""625.3008737769997"",""[40060.13,5593.47,0.03,6.39,0]"",""0.001996810009586625"",""[136549820,520958818,335152471,0]"",""[519789.28,5.41,122346.52,5694776.29,53.74,0,181.04,2397.44,0,0]"",""0.12953372299671173"",""31.26504188800027"",""187002.15234375"",""[196085968896,203569643520,231817216,2854912,0,198579204096,0,196067405824,196074220544,0]"""
"gcn-ogbn-papers100M-neighbor-cpu-32-20-2-128-10-1024-[10]-1000,""finished"",""-"",""jana-vatter"","""",""2023-07-22T20:21:10.000Z"",""1644"","""",""gcn"",""1024"",""1000"",""ogbn-papers100M"",""20"",""[10]"",""128"",""2"",""cpu"",""10"",""32"",""3"",""neighbor"",""0.29143017530441284"",""61.83565015399654"",""1636.1428865899943"",""1076.6396493280045"",""2.360112843622688"",""497.13977929500106"",""[40231.06,7150.78,0.02,6.01,0]"",""0.0017823780071921649"",""[123385570,468191855,308450929,0]"",""[479794.97,5.41,116735.27,5635417.74,53.01,0,170.51,2329.03,0,0]"",""0.1292724609375"",""24.856987302299967"",""186980.69140625"",""[196063465472,203613700096,231960576,2854912,0,198556708864,0,196045053952,196051693568,0]"""
"gcn-ogbn-papers100M-labor-cpu-32-20-2-128-10-1024-[10]-1000,""finished"",""-"",""jana-vatter"","""",""2023-07-22T19:48:14.000Z"",""1750"","""",""gcn"",""1024"",""1000"",""ogbn-papers100M"",""20"",""[10]"",""128"",""2"",""cpu"",""10"",""32"",""2"",""labor"",""0.2881810665130615"",""63.99764849900384"",""1739.461341060989"",""1058.644199798"",""2.3626050552743485"",""616.2953849150072"",""[42103.24,7108.12,0.02,6.05,0]"",""0.001877839007647708"",""[108954161,409727707,280338311,0]"",""[438931.81,5.41,109147.87,5564299.69,52.25,0,159.11,2243.28,0,0]"",""0.12708432972431183"",""30.814767434849635"",""186944.65625"",""[196025679872,203572719616,232513536,2854912,0,198517829632,0,196007010304,196013728768,0]"""
"gcn-ogbn-papers100M-neighbor-cpu-32-20-2-128-10-1024-[10]-1000,""finished"",""-"",""jana-vatter"","""",""2023-07-22T19:21:09.000Z"",""1618"","""",""gcn"",""1024"",""1000"",""ogbn-papers100M"",""20"",""[10]"",""128"",""2"",""cpu"",""10"",""32"",""2"",""neighbor"",""0.28959405422210693"",""61.56038944800093"",""1608.177042174997"",""1047.132636069"",""2.35507976493156"",""498.97339566900337"",""[39538.12,6931.63,0.01,5.99,0]"",""0.0016648190066916868"",""[95743055,355096173,252483304,0]"",""[396911.04,5.41,102025.11,5501237.81,51.59,0,147.31,2161.83,0,0]"",""0.1268043965101242"",""24.94866797439827"",""186930.921875"",""[196011278336,203559247872,232464384,2854912,0,198503718912,0,195992702976,195999495168,0]"""
"gcn-ogbn-papers100M-labor-cpu-32-20-2-128-10-1024-[10]-1000,""finished"",""-"",""jana-vatter"","""",""2023-07-22T18:48:07.000Z"",""1757"","""",""gcn"",""1024"",""1000"",""ogbn-papers100M"",""20"",""[10]"",""128"",""2"",""cpu"",""10"",""32"",""1"",""labor"",""0.2893465757369995"",""62.38792602799367"",""1747.7958451769955"",""1068.0749660790025"",""2.365959220664596"",""616.7683369119914"",""[42503.06,6995.46,0.02,6.15,0]"",""0.001810679998015985"",""[81447625,297413113,224754023,0]"",""[356742.19,5.41,94659.03,5431108.74,50.82,0,136.27,2076.13,0,0]"",""0.12780281901359558"",""30.838415178700963"",""186953.95703125"",""[196035432448,203585146880,231776256,2854912,0,198528471040,0,196016635904,196023418880,0]"""
"gcn-ogbn-papers100M-neighbor-cpu-32-20-2-128-10-1024-[10]-1000,""finished"",""-"",""jana-vatter"","""",""2023-07-22T18:20:53.000Z"",""1627"","""",""gcn"",""1024"",""1000"",""ogbn-papers100M"",""20"",""[10]"",""128"",""2"",""cpu"",""10"",""32"",""1"",""neighbor"",""0.29064783453941345"",""62.27340784599073"",""1619.8215518119978"",""1052.4672309460002"",""2.3587260412098088"",""504.56106218800414"",""[39614.21,7194.91,0.03,7.54,0]"",""0.0018711980083025992"",""[68140895,242485500,196780271,0]"",""[314316.91,5.41,87649.26,5368000.26,50.18,0,127.18,1995.23,0,0]"",""0.12825070321559906"",""25.228051198700268"",""186939.5234375"",""[196020297728,203505233920,230924288,2854912,0,198514102272,0,196001947648,196008650752,0]"""
"gcn-ogbn-papers100M-labor-cpu-1-20-2-128-10-1024-[10]-1000,""finished"",""-"",""jana-vatter"","""",""2023-07-22T16:51:36.000Z"",""4862"","""",""gcn"",""1024"",""1000"",""ogbn-papers100M"",""20"",""[10]"",""128"",""2"",""cpu"",""10"",""1"",""3"",""labor"",""0.2855067253112793"",""63.49455048699747"",""4853.14948943301"",""3832.705322999013"",""2.3659480048803276"",""956.3984940820084"",""[3574.26,1270.04,0.02,7.05,0]"",""0.004018432999146171"",""[53602870,184033134,168888180,0]"",""[274528.86,5.41,80242.61,5279563.53,49.06,0,117.47,1905.41,0,0]"",""0.1268417239189148"",""47.81992274655276"",""186787.71875"",""[195861118976,198998646784,231116800,2854912,0,196012199936,0,195841179648,195848036352,0]"""
"gcn-ogbn-papers100M-neighbor-cpu-1-20-2-128-10-1024-[10]-1000,""finished"",""-"",""jana-vatter"","""",""2023-07-22T15:29:42.000Z"",""4908"","""",""gcn"",""1024"",""1000"",""ogbn-papers100M"",""20"",""[10]"",""128"",""2"",""cpu"",""10"",""1"",""3"",""neighbor"",""0.29325827956199646"",""62.49379059000057"",""4898.840577091993"",""3889.146087931993"",""2.356590049159638"",""946.6774119089968"",""[3642.45,1247.57,0.02,7.35,0]"",""0.0035339769965503365"",""[51812018,181251863,165150400,0]"",""[270924.87,5.41,78958.59,4972916.03,46.67,0,115.9,1806.9,0,0]"",""0.1307467669248581"",""47.33386864404893"",""186762.2734375"",""[195834437632,198971822080,231260160,2854912,0,195985371136,0,195814912000,195821575168,0]"""
"gcn-ogbn-papers100M-labor-cpu-1-20-2-128-10-1024-[10]-1000,""finished"",""-"",""jana-vatter"","""",""2023-07-22T13:58:24.000Z"",""4956"","""",""gcn"",""1024"",""1000"",""ogbn-papers100M"",""20"",""[10]"",""128"",""2"",""cpu"",""10"",""1"",""2"",""labor"",""0.2849638760089874"",""64.3318274270132"",""4946.4389199709985"",""3943.962426173995"",""2.364381901180471"",""937.623765530996"",""[3670.62,1267.5,0.04,7.04,0]"",""0.003753156997845508"",""[49901786,178228859,161256367,0]"",""[266953.05,5.41,77492.86,4630919.85,44.17,0,113.79,1696.28,0,0]"",""0.12609989941120148"",""46.88118640320026"",""186796.12890625"",""[195869937664,199007199232,231157760,2854912,0,196020748288,0,195850321920,195857009664,0]"""
"gcn-ogbn-papers100M-neighbor-cpu-1-20-2-128-10-1024-[10]-1000,""finished"",""-"",""jana-vatter"","""",""2023-07-22T12:36:29.000Z"",""4909"","""",""gcn"",""1024"",""1000"",""ogbn-papers100M"",""20"",""[10]"",""128"",""2"",""cpu"",""10"",""1"",""2"",""neighbor"",""0.2891390323638916"",""62.10686457400152"",""4901.933130792997"",""3904.215022677992"",""2.3579312875373977"",""935.0047635139928"",""[3624.86,1267.49,0.02,7.42,0]"",""0.0037486210057977583"",""[48128086,175517672,157760049,0]"",""[263252.98,5.41,76212.81,4318570.87,41.86,0,111.94,1594.97,0,0]"",""0.1283673495054245"",""46.7502363469488"",""186791.4609375"",""[195865042944,199002460160,231018496,2854912,0,196016009216,0,195845386240,195852091392,0]"""
"gcn-ogbn-papers100M-labor-cpu-1-20-2-128-10-1024-[10]-1000,""finished"",""-"",""jana-vatter"","""",""2023-07-22T11:05:53.000Z"",""4913"","""",""gcn"",""1024"",""1000"",""ogbn-papers100M"",""20"",""[10]"",""128"",""2"",""cpu"",""10"",""1"",""1"",""labor"",""0.2883167564868927"",""63.07594702300412"",""4903.660302714998"",""3896.6381401929975"",""2.3636577414495648"",""943.4076582330016"",""[3623.5,1272.01,0.02,7.32,0]"",""0.004562627000268549"",""[46177790,172535486,153987516,0]"",""[259295.68,5.41,74726.94,3976310.76,39.35,0,110.09,1485.77,0,0]"",""0.12786813080310822"",""47.17038076219942"",""186786.625"",""[195859972096,198996860928,231747584,2854912,0,196010409984,0,195840372736,195847048192,0]"""
"gcn-ogbn-papers100M-neighbor-cpu-1-20-2-128-10-1024-[10]-1000,""finished"",""-"",""jana-vatter"","""",""2023-07-22T09:42:00.000Z"",""5027"","""",""gcn"",""1024"",""1000"",""ogbn-papers100M"",""20"",""[10]"",""128"",""2"",""cpu"",""10"",""1"",""1"",""neighbor"",""0.29046422243118286"",""61.26388247999421"",""5016.836215547002"",""3997.901440927999"",""2.357692888169293"",""957.1396056340018"",""[3734.25,1272.92,0.02,7.44,0]"",""0.007305956001800951"",""[44395996,169810929,150486598,0]"",""[255641.41,5.41,73439.8,3666448.77,36.98,0,108.34,1386.24,0,0]"",""0.12862861156463623"",""47.85697833770064"",""186806.328125"",""[195880632320,199017959424,231108608,2854912,0,196031508480,0,195860996096,195867721728,0]"""
"gcn-ogbn-papers100M-labor-cpu-2-20-2-128-10-1024-[10]-1000,""finished"",""-"",""jana-vatter"","""",""2023-07-22T08:41:43.000Z"",""3219"","""",""gcn"",""1024"",""1000"",""ogbn-papers100M"",""20"",""[10]"",""128"",""2"",""cpu"",""10"",""2"",""3"",""labor"",""0.2907675802707672"",""63.53378747300303"",""3209.2644183329976"",""2397.692167911002"",""2.3623521366394407"",""747.5141685179988"",""[4780.23,1554.35,0.02,6.09,0]"",""0.003383716997632291"",""[42412143,166682432,146410401,0]"",""[251502.15,5.41,71950.71,3324992.61,34.37,0,106.31,1273.55,0,0]"",""0.12971101701259613"",""37.37570645869964"",""186796.140625"",""[195869949952,199146369024,231079936,2854912,0,196097363968,0,195850395648,195857111040,0]"""
"gcn-ogbn-papers100M-neighbor-cpu-2-20-2-128-10-1024-[10]-1000,""finished"",""-"",""jana-vatter"","""",""2023-07-22T07:48:36.000Z"",""3181"","""",""gcn"",""1024"",""1000"",""ogbn-papers100M"",""20"",""[10]"",""128"",""2"",""cpu"",""10"",""2"",""3"",""neighbor"",""0.2909671366214752"",""62.60541027200088"",""3172.6277134779957"",""2436.469489668001"",""2.3612639319603477"",""672.9969024650054"",""[4631.09,1631.6,0.02,6.02,0]"",""0.0033643670030869544"",""[41226538,163963718,143185010,0]"",""[246705.06,5.41,70385.52,3125090.33,32.88,0,100.44,1209.85,0,0]"",""0.1283486783504486"",""33.6498432261993"",""186795.03125"",""[195868786688,199144194048,231907328,2854912,0,196095188992,0,195848916992,195855811584,0]"""
"gcn-ogbn-papers100M-labor-cpu-2-20-2-128-10-1024-[10]-1000,""finished"",""-"",""jana-vatter"","""",""2023-07-22T06:47:02.000Z"",""3292"","""",""gcn"",""1024"",""1000"",""ogbn-papers100M"",""20"",""[10]"",""128"",""2"",""cpu"",""10"",""2"",""2"",""labor"",""0.284564733505249"",""61.05640778900124"",""3282.542187138002"",""2483.259064402002"",""2.366294250132372"",""737.6486219419967"",""[4813.53,1669.68,0.02,6.22,0]"",""0.003417571999307256"",""[39890264,160868777,139435194,0]"",""[241681.29,5.41,68540.86,2902683.51,31.25,0,99.08,1138.21,0,0]"",""0.12713564932346344"",""36.882429382498955"",""186782.0390625"",""[195855163392,199130456064,232140800,2854912,0,196081451008,0,195835691008,195842345984,0]"""
"gcn-ogbn-papers100M-neighbor-cpu-2-20-2-128-10-1024-[10]-1000,""finished"",""-"",""jana-vatter"","""",""2023-07-22T05:52:15.000Z"",""3281"","""",""gcn"",""1024"",""1000"",""ogbn-papers100M"",""20"",""[10]"",""128"",""2"",""cpu"",""10"",""2"",""2"",""neighbor"",""0.2905839681625366"",""62.12232906700228"",""3271.2238688180005"",""2539.308212996999"",""2.3557768697148163"",""669.2533371270038"",""[4744.11,1713.52,0.01,6.85,0]"",""0.0047995360000641085"",""[38616131,157982435,135906545,0]"",""[236849.33,5.41,66859.29,2698100.75,29.69,0,97,1071.13,0,0]"",""0.1288992166519165"",""33.46266480945051"",""186796.89453125"",""[195870740480,199146840064,231288832,2854912,0,196097835008,0,195851448320,195858109440,0]"""
"gcn-ogbn-papers100M-labor-cpu-2-20-2-128-10-1024-[10]-1000,""finished"",""-"",""jana-vatter"","""",""2023-07-22T04:50:44.000Z"",""3295"","""",""gcn"",""1024"",""1000"",""ogbn-papers100M"",""20"",""[10]"",""128"",""2"",""cpu"",""10"",""2"",""1"",""labor"",""0.28900331258773804"",""64.11408754700096"",""3286.189779625005"",""2474.779684223998"",""2.367133363209305"",""746.7760451360009"",""[4808.69,1677.06,0.03,6.72,0]"",""0.003643916999862995"",""[37251788,154766960,132014060,0]"",""[231712.98,5.41,64933.87,2469970.26,28.03,0,94.43,997.25,0,0]"",""0.12713564932346344"",""37.33880049530053"",""186796.51953125"",""[195870347264,199146254336,231354368,2854912,0,196097249280,0,195850792960,195857503232,0]"""
"gcn-ogbn-papers100M-neighbor-cpu-2-20-2-128-10-1024-[10]-1000,""finished"",""-"",""jana-vatter"","""",""2023-07-22T03:57:04.000Z"",""3214"","""",""gcn"",""1024"",""1000"",""ogbn-papers100M"",""20"",""[10]"",""128"",""2"",""cpu"",""10"",""2"",""1"",""neighbor"",""0.29642757773399353"",""62.275284577001"",""3205.230481609993"",""2464.6676043639964"",""2.3574633563950065"",""677.7583018580044"",""[4622.68,1705.13,0.02,6.04,0]"",""0.004659425998397637"",""[36026657,151882541,128527124,0]"",""[226885.7,5.41,63245.22,2265224.09,26.55,0,93.2,930.94,0,0]"",""0.13111068308353424"",""33.88791324984959"",""186781.7265625"",""[195854835712,199131443200,230920192,2854912,0,196082438144,0,195835400192,195842084864,0]"""
"gcn-ogbn-papers100M-labor-cpu-4-20-2-128-10-1024-[10]-1000,""finished"",""-"",""jana-vatter"","""",""2023-07-22T03:13:20.000Z"",""2322"","""",""gcn"",""1024"",""1000"",""ogbn-papers100M"",""20"",""[10]"",""128"",""2"",""cpu"",""10"",""4"",""3"",""labor"",""0.28257694840431213"",""62.91950943599659"",""2313.781937109001"",""1661.2702459329955"",""2.363931666197061"",""588.951683776002"",""[6900.17,2113.31,0.01,6.9,0]"",""0.0023827870027162135"",""[34701363,148744845,124721061,0]"",""[221865.32,0.03,61314.49,2047236.61,24.61,0,90.94,859,0,0]"",""0.1263798326253891"",""29.44758278834961"",""186796.6875"",""[195870523392,199429427200,231010304,2854912,0,196249456640,0,195851411456,195858115584,0]"""
"gcn-ogbn-papers100M-neighbor-cpu-4-20-2-128-10-1024-[10]-1000,""finished"",""-"",""jana-vatter"","""",""2023-07-22T02:35:47.000Z"",""2246"","""",""gcn"",""1024"",""1000"",""ogbn-papers100M"",""20"",""[10]"",""128"",""2"",""cpu"",""10"",""4"",""3"",""neighbor"",""0.2923561930656433"",""61.162116981999134"",""2237.475638754"",""1655.509564920998"",""2.3548237986237037"",""520.2502647429974"",""[6610.76,2103.51,0.03,6.76,0]"",""0.0032863899978110567"",""[33781316,145353424,121230674,0]"",""[214953.26,0.03,59189.03,1907270.8,23.59,0,90.11,811.71,0,0]"",""0.13026155531406405"",""26.01251160749998"",""186762.265625"",""[195834429440,199391993856,231886848,2854912,0,196212166656,0,195815133184,195821836288,0]"""
"gcn-ogbn-papers100M-labor-cpu-4-20-2-128-10-1024-[10]-1000,""finished"",""-"",""jana-vatter"","""",""2023-07-22T01:51:30.000Z"",""2353"","""",""gcn"",""1024"",""1000"",""ogbn-papers100M"",""20"",""[10]"",""128"",""2"",""cpu"",""10"",""4"",""2"",""labor"",""0.28378239274024963"",""63.34953453200069"",""2343.4405796989995"",""1653.1643522779996"",""2.3692759256225404"",""626.1603532260015"",""[7043.06,2083.88,0.03,7.21,0]"",""0.0029611889985972084"",""[32768169,141670251,117420687,0]"",""[207948.77,0.03,56855.4,1753401.81,22.48,0,88.82,759.31,0,0]"",""0.1259365975856781"",""31.308016166649757"",""186799.9609375"",""[195873955840,199433388032,230838272,2854912,0,196253421568,0,195854639104,195861435392,0]"""
"gcn-ogbn-papers100M-neighbor-cpu-4-20-2-128-10-1024-[10]-1000,""finished"",""-"",""jana-vatter"","""",""2023-07-22T01:15:10.000Z"",""2174"","""",""gcn"",""1024"",""1000"",""ogbn-papers100M"",""20"",""[10]"",""128"",""2"",""cpu"",""10"",""4"",""2"",""neighbor"",""0.2887319028377533"",""62.414232221999555"",""2165.387517244002"",""1585.0341639239996"",""2.35870700331438"",""517.3960922960032"",""[6477.11,1946.69,0.02,6.58,0]"",""0.0021505089971469715"",""[31845445,138147106,113730043,0]"",""[200893.8,0.03,54758.34,1611682.97,21.46,0,88.19,710.73,0,0]"",""0.1279241144657135"",""25.86980284735"",""186801.26953125"",""[195875328000,199433510912,231370752,2854912,0,196253679616,0,195856359424,195862982656,0]"""
"gcn-ogbn-papers100M-labor-cpu-4-20-2-128-10-1024-[10]-1000,""finished"",""-"",""jana-vatter"","""",""2023-07-22T00:31:23.000Z"",""2324"","""",""gcn"",""1024"",""1000"",""ogbn-papers100M"",""20"",""[10]"",""128"",""2"",""cpu"",""10"",""4"",""1"",""labor"",""0.28727099299430847"",""60.67574722499921"",""2314.299698581999"",""1635.1843243619987"",""2.366237242207677"",""617.9147348600018"",""[7004.85,2016.1,0.01,7.32,0]"",""0.0026318659984099213"",""[30891390,134615379,110011554,0]"",""[194029.32,0.03,52585.97,1462146.71,20.37,0,86.82,659.6,0,0]"",""0.1277468353509903"",""30.89573515610009"",""186797.44921875"",""[195871322112,199430225920,231063552,2854912,0,196250259456,0,195851812864,195858644992,0]"""
"gcn-ogbn-papers100M-neighbor-cpu-4-20-2-128-10-1024-[10]-1000,""finished"",""-"",""jana-vatter"","""",""2023-07-21T23:54:20.000Z"",""2217"","""",""gcn"",""1024"",""1000"",""ogbn-papers100M"",""20"",""[10]"",""128"",""2"",""cpu"",""10"",""4"",""1"",""neighbor"",""0.2927473783493042"",""62.27480463599932"",""2209.7721385950026"",""1643.630732888003"",""2.354401259426347"",""503.31940087600015"",""[6504.78,2093.94,0.02,7.21,0]"",""0.002238661996670998"",""[29975504,131127238,106363690,0]"",""[187012.37,0.03,50557.75,1322230.77,19.35,0,85.97,611.6,0,0]"",""0.1284233331680298"",""25.165968189999695"",""186799.5"",""[195873472512,199430934528,232161280,2854912,0,196251062272,0,195854393344,195861037056,0]"""
"gcn-ogbn-papers100M-labor-cpu-8-20-2-128-10-1024-[10]-1000,""finished"",""-"",""jana-vatter"","""",""2023-07-21T23:19:26.000Z"",""1833"","""",""gcn"",""1024"",""1000"",""ogbn-papers100M"",""20"",""[10]"",""128"",""2"",""cpu"",""10"",""8"",""3"",""labor"",""0.29368138313293457"",""64.44914488700306"",""1823.536136507002"",""1222.4224991049996"",""2.3635636494258785"",""536.0948399680019"",""[10840.99,3172.69,0.01,7.05,0]"",""0.002133197998773539"",""[28999924,127476963,102527110,0]"",""[180114.93,0.03,48187.59,1172853.01,18.25,0,83.41,559.26,0,0]"",""0.1297530084848404"",""26.804740203499932"",""186812.21484375"",""[195886804992,200009629696,231215104,2854912,0,196577161216,0,195868360704,195874988032,0]"""
"gcn-ogbn-papers100M-neighbor-cpu-8-20-2-128-10-1024-[10]-1000,""finished"",""-"",""jana-vatter"","""",""2023-07-21T22:50:48.000Z"",""1711"","""",""gcn"",""1024"",""1000"",""ogbn-papers100M"",""20"",""[10]"",""128"",""2"",""cpu"",""10"",""8"",""3"",""neighbor"",""0.29143816232681274"",""61.79717380800139"",""1703.4191549690004"",""1210.7610648430018"",""2.3548365070012993"",""430.3045978420014"",""[10032.62,3041.45,0.03,7.22,0]"",""0.0019299080013297496"",""[27688327,120946015,96233713,0]"",""[169272.2,0.03,45004.22,1069290.77,17.64,0,77.8,517.11,0,0]"",""0.1281667202711105"",""21.515227189449796"",""186815.87109375"",""[195890638848,200009502720,231321600,2854912,0,196580564992,0,195871887360,195878602752,0]"""
"gcn-ogbn-papers100M-labor-cpu-8-20-2-128-10-1024-[10]-1000,""finished"",""-"",""jana-vatter"","""",""2023-07-21T22:16:10.000Z"",""1816"","""",""gcn"",""1024"",""1000"",""ogbn-papers100M"",""20"",""[10]"",""128"",""2"",""cpu"",""10"",""8"",""2"",""labor"",""0.2923881411552429"",""61.1203144200008"",""1807.545986096"",""1223.6601810659995"",""2.3631509173411853"",""522.2084726249996"",""[10785.34,3128.75,0.02,7.35,0]"",""0.002017349999732687"",""[26329976,114358754,89977398,0]"",""[158857,0.03,41687.71,956712.22,16.71,0,62.11,471.56,0,0]"",""0.12889455258846283"",""26.11042195380005"",""186807.1328125"",""[195881476096,200002768896,231030784,2854912,0,196571680768,0,195862429696,195869215744,0]"""
"gcn-ogbn-papers100M-neighbor-cpu-8-20-2-128-10-1024-[10]-1000,""finished"",""-"",""jana-vatter"","""",""2023-07-21T21:47:54.000Z"",""1689"","""",""gcn"",""1024"",""1000"",""ogbn-papers100M"",""20"",""[10]"",""128"",""2"",""cpu"",""10"",""8"",""2"",""neighbor"",""0.29005709290504456"",""61.723814892999144"",""1681.5965955899992"",""1195.5284951799986"",""2.356331982382078"",""423.77730491500006"",""[9898.37,3007.77,0.02,6.6,0]"",""0.0019008999988727735"",""[25031309,107836347,83702975,0]"",""[148070.82,0.03,38547.76,854079.41,16.11,0,58.73,429.66,0,0]"",""0.12771417200565338"",""21.188863634699736"",""186817.75"",""[195892609024,200012017664,230989824,2854912,0,196583014400,0,195873976320,195880680448,0]"""
"gcn-ogbn-papers100M-labor-cpu-8-20-2-128-10-1024-[10]-1000,""finished"",""-"",""jana-vatter"","""",""2023-07-21T21:13:23.000Z"",""1811"","""",""gcn"",""1024"",""1000"",""ogbn-papers100M"",""20"",""[10]"",""128"",""2"",""cpu"",""10"",""8"",""1"",""labor"",""0.2906797528266907"",""62.56078971600073"",""1802.3472749109987"",""1203.822142699999"",""2.362720952588082"",""535.2792451639998"",""[10791.63,3074.13,0.02,6.01,0]"",""0.0020541319991025375"",""[23665742,101346748,77523665,0]"",""[137786.86,0,35275.76,742870.33,15.36,0,56.62,384.18,0,0]"",""0.12825070321559906"",""26.763960634249635"",""186810.58984375"",""[195885101056,200007188480,231305216,2854912,0,196575481856,0,195866050560,195872884736,0]"""
"gcn-ogbn-papers100M-neighbor-cpu-8-20-2-128-10-1024-[10]-1000,""finished"",""-"",""jana-vatter"","""",""2023-07-21T20:44:47.000Z"",""1709"","""",""gcn"",""1024"",""1000"",""ogbn-papers100M"",""20"",""[10]"",""128"",""2"",""cpu"",""10"",""8"",""1"",""neighbor"",""0.2935297191143036"",""61.82832879899979"",""1700.4462368120005"",""1211.0891047940004"",""2.354486008232382"",""426.9610384389998"",""[9974.06,3080.27,0.02,6.67,0]"",""0.0020528799996100133"",""[22352958,94851363,71257865,0]"",""[126994.04,0,32191.67,640441.45,14.67,0,54.56,342.47,0,0]"",""0.12999095022678375"",""21.348050106699976"",""186809.6875"",""[195884154880,200003248128,231342080,2854912,0,196574310400,0,195865808896,195872411648,0]"""
"gcn-ogbn-papers100M-labor-cpu-16-20-2-128-10-1024-[10]-1000,""finished"",""-"",""jana-vatter"","""",""2023-07-21T20:12:33.000Z"",""1696"","""",""gcn"",""1024"",""1000"",""ogbn-papers100M"",""20"",""[10]"",""128"",""2"",""cpu"",""10"",""16"",""3"",""labor"",""0.2853390872478485"",""61.75718769100058"",""1684.0113256310017"",""1057.9867604669998"",""2.3658017651118697"",""563.6294273149997"",""[20682.27,4815.95,0.02,6.87,0]"",""0.0017644859999563778"",""[20966553,88243749,65028931,0]"",""[116579.82,0,28788.18,529529.09,13.93,0,48.29,297.38,0,0]"",""0.12639382481575012"",""28.18146986669999"",""186835.703125"",""[195911434240,201130348544,231272448,2854912,0,197196546048,0,195892924416,195899589632,0]"""
"gcn-ogbn-papers100M-neighbor-cpu-16-20-2-128-10-1024-[10]-1000,""finished"",""-"",""jana-vatter"","""",""2023-07-21T19:47:13.000Z"",""1513"","""",""gcn"",""1024"",""1000"",""ogbn-papers100M"",""20"",""[10]"",""128"",""2"",""cpu"",""10"",""16"",""3"",""neighbor"",""0.2893545627593994"",""62.4575066110001"",""1503.658841669"",""1001.1182052210006"",""2.359233443468076"",""439.50245943699974"",""[18177.23,4444.07,0.03,6.57,0]"",""0.0018791520005834172"",""[17502437,73321829,53763861,0]"",""[95913.41,0,23959.61,446249.67,13.22,0,39.15,247.68,0,0]"",""0.12763485312461853"",""21.975121278650025"",""186857.109375"",""[195933880320,201151975424,232091648,2854912,0,197217476608,0,195915190272,195921884160,0]"""
"gcn-ogbn-papers100M-labor-cpu-16-20-2-128-10-1024-[10]-1000,""finished"",""-"",""jana-vatter"","""",""2023-07-21T19:15:15.000Z"",""1677"","""",""gcn"",""1024"",""1000"",""ogbn-papers100M"",""20"",""[10]"",""128"",""2"",""cpu"",""10"",""16"",""2"",""labor"",""0.28979364037513733"",""63.95425141800024"",""1666.3745477419998"",""1043.3185638719997"",""2.3624668543979817"",""558.5363521540003"",""[20314.1,4868.13,0.02,6.46,0]"",""0.0028731759994116146"",""[14023344,59069291,43420052,0]"",""[77315.96,0,19183.45,357380.63,12.03,0,32.32,195.65,0,0]"",""0.1282553672790527"",""27.926794410350062"",""186830.515625"",""[195905994752,201126727680,230584320,2854912,0,197192167424,0,195887611904,195894061056,0]"""
"gcn-ogbn-papers100M-neighbor-cpu-16-20-2-128-10-1024-[10]-1000,""finished"",""-"",""jana-vatter"","""",""2023-07-21T18:49:17.000Z"",""1552"","""",""gcn"",""1024"",""1000"",""ogbn-papers100M"",""20"",""[10]"",""128"",""2"",""cpu"",""10"",""16"",""2"",""neighbor"",""0.2945275902748108"",""61.7901415690003"",""1544.3977413650005"",""1049.1907441100002"",""2.356907784281594"",""432.8337507750002"",""[18565.98,4735.17,0.02,6.34,0]"",""0.0017461950001234072"",""[10549783,44156679,32203029,0]"",""[57021.97,0,14304.66,275075.38,10.78,0,22.96,148.1,0,0]"",""0.12982764840126038"",""21.641685788199972"",""186843.97265625"",""[195920105472,201137127424,231776256,2854912,0,197204287488,0,195901485056,195907973120,0]"""
"gcn-ogbn-papers100M-labor-cpu-16-20-2-128-10-1024-[10]-1000,""finished"",""-"",""jana-vatter"","""",""2023-07-21T18:17:57.000Z"",""1645"","""",""gcn"",""1024"",""1000"",""ogbn-papers100M"",""20"",""[10]"",""128"",""2"",""cpu"",""10"",""16"",""1"",""labor"",""0.2877579629421234"",""64.619278442"",""1637.3577002200002"",""1034.121025334"",""2.3621262765921607"",""538.0341498510002"",""[20050.45,4692.19,0.02,5.95,0]"",""0.0018150789996980168"",""[7051913,29518192,21541077,0]"",""[38034.62,0,9252.28,184814.38,8.62,0,15.69,97.08,0,0]"",""0.12713564932346344"",""26.90170558645"",""186839.15625"",""[195915055104,201133260800,231682048,2854912,0,197199794176,0,195896340480,195902980096,0]"""
"gcn-ogbn-papers100M-neighbor-cpu-16-20-2-128-10-1024-[10]-1000,""finished"",""-"",""jana-vatter"","""",""2023-07-21T17:52:27.000Z"",""1522"","""",""gcn"",""1024"",""1000"",""ogbn-papers100M"",""20"",""[10]"",""128"",""2"",""cpu"",""10"",""16"",""1"",""neighbor"",""0.29288309812545776"",""82.84160715600001"",""1512.932840528"",""1006.67310736"",""2.3532191475535775"",""422.841425478"",""[18019.12,4505.2,0.03,4.78,4.29]"",""0.004665240999997877"",""[3676734,14814379,10497315,0]"",""[18004.75,0,4550.43,103781.35,7.68,0,14.72,50.11,0,0]"",""0.1285446286201477"",""21.14206942634999"",""186867.83984375"",""[195945132032,201164357632,228630528,2854912,0,197232246784,0,195926339584,195932827648,0]"""
