"Name,""State"",""Notes"",""User"",""Tags"",""Created"",""Runtime"",""Sweep"",""architecture"",""batch_size"",""budget"",""run"",""dataset"",""epochs"",""fanout"",""hidden"",""layer"",""mode"",""num_parts"",""num_threads"",""test-acc"",""sampler"",""accuracy"",""dataloading time"",""end-to-end time"",""inference time"",""loss"",""overall training time"",""process cpu times"",""sampling time"",""system cpu stats"",""system cpu times"",""time per epoch"",""used memory"",""used memory full"""
"gat-ogbn-products-ladies-cpu-32-20-2-16-10-1024-[350000]-1000,""finished"",""-"",""jana-vatter"","""",""2024-01-01T05:44:09.000Z"",""47154"","""",""gat"",""1024"",""1000"",""3"",""ogbn-products"",""20"",""[350000]"",""16"",""2"",""cpu"",""10"",""32"",""0.6378531455993652"",""ladies"",""0.804872453212738"",""11.855175828561189"",""47148.85300983675"",""124.9923115093261"",""0.8727040185829519"",""46986.00360385887"",""[756517.1,90405.62,0,0.04,0.01]"",""25.447222348302603"",""[6955234558,28538407508,26178880550,0]"",""[74201075.98,1621.08,8476227.93,376108060.93,3695.53,0,11386.4,483483.1,0,0]"",""2349.299396837875"",""25121.58203125"",""[26341888000,33152430080,199884800,2838528,0,28844511232,0,26326450176,26334379008,0]"""
"gat-ogbn-products-ladies-cpu-32-20-2-16-10-1024-[300000]-1000,""finished"",""-"",""jana-vatter"","""",""2023-12-31T17:27:55.000Z"",""44165"","""",""gat"",""1024"",""1000"",""3"",""ogbn-products"",""20"",""[300000]"",""16"",""2"",""cpu"",""10"",""32"",""0.6032621264457703"",""ladies"",""0.7832565903663635"",""11.474478600546718"",""44161.00127195567"",""136.80116029269993"",""1.0174996710811872"",""43989.18115903996"",""[711881.61,88905.7,0,0.05,0]"",""22.977025032043457"",""[6918075888,28295732776,25931040446,0]"",""[73448852.68,1621.08,8386290.1,375446544.64,3681.13,0,11356.3,478246.17,0,0]"",""2199.4580729994923"",""25018.76171875"",""[26234073088,33007714304,200343552,2838528,0,28735815680,0,26218741760,26226436096,0]"""
"gat-ogbn-products-ladies-cpu-32-20-2-16-10-1024-[200000]-1000,""finished"",""-"",""jana-vatter"","""",""2023-12-31T06:44:53.000Z"",""38572"","""",""gat"",""1024"",""1000"",""3"",""ogbn-products"",""20"",""[200000]"",""16"",""2"",""cpu"",""10"",""32"",""0.6358762383460999"",""ladies"",""0.8032194972038269"",""11.686138538643718"",""38567.27245648764"",""128.35599180869758"",""0.9095689092275392"",""38402.626608612016"",""[611853.04,77574.06,0,0.04,0]"",""24.022019675001506"",""[6881797874,28064868687,25699088467,0]"",""[72740858.85,1609.31,8297824.36,374834462.38,3667.33,0,11327.78,473431.78,0,0]"",""1920.1306275569832"",""25334.94140625"",""[26565611520,33419239424,199282688,2838528,0,29069017088,0,26551205888,26558717952,0]"""
"gat-ogbn-products-ladies-cpu-32-20-2-16-10-1024-[115000]-1000,""finished"",""-"",""jana-vatter"","""",""2023-12-31T00:06:23.000Z"",""23901"","""",""gat"",""1024"",""1000"",""3"",""ogbn-products"",""20"",""[115000]"",""16"",""2"",""cpu"",""10"",""32"",""0.6600144505500793"",""ladies"",""0.8221142888069153"",""12.00352935679257"",""23895.69516282901"",""125.26364096067846"",""0.8316748500487965"",""23734.450672393665"",""[352507.46,48022.12,0,0.04,0]"",""23.40946765616536"",""[6846780207,27862795623,25492592240,0]"",""[72132410.09,1609.31,8220644.65,374289909.89,3655.25,0,11299.86,469182.82,0,0]"",""1186.7219968807883"",""21401.26953125"",""[22440857600,33543528448,199741440,2838528,0,24968732672,0,22427717632,22435458048,0]"""
"gat-ogbn-products-ladies-cpu-32-20-2-16-10-1024-[50000]-1000,""finished"",""-"",""jana-vatter"","""",""2023-12-30T21:41:53.000Z"",""8661"","""",""gat"",""1024"",""1000"",""3"",""ogbn-products"",""20"",""[50000]"",""16"",""2"",""cpu"",""10"",""32"",""0.6585454344749451"",""ladies"",""0.820105254650116"",""12.002718368545176"",""8654.687448125333"",""130.6038370821625"",""0.9547958997864796"",""8487.725133989006"",""[123179.09,12851.44,0,0.04,0]"",""23.69899563677609"",""[6815792673,27732823257,25368568354,0]"",""[71781642.53,1596.26,8172830.85,373925770.92,3648.14,0,11267.54,466847.08,0,0]"",""424.385661940556"",""15628.4765625"",""[16387645440,35051171840,198868992,2838528,0,18915221504,0,16373731328,16381365248,0]"""
"gat-ogbn-products-fastgcn-cpu-32-20-2-16-10-1024-[350000]-1000,""finished"",""-"",""jana-vatter"","""",""2023-12-30T14:28:18.000Z"",""26006"","""",""gat"",""1024"",""1000"",""3"",""ogbn-products"",""20"",""[350000]"",""16"",""2"",""cpu"",""10"",""32"",""0.6460357904434204"",""fastgcn"",""0.8095771074295044"",""11.9027155097574"",""26000.494637597352"",""127.96307396702468"",""0.995807233252056"",""25835.441494852304"",""[215024.81,31185.98,0,0.04,0]"",""24.592375356703997"",""[6796164703,27674913096,25319923920,0]"",""[71659036.68,1596.13,8160021.59,373784640.94,3644.62,0,11244.32,466039.62,0,0]"",""1291.7715233359486"",""22969.52734375"",""[24085295104,34095349760,199290880,2838528,0,30672371712,0,24071557120,24079418368,0]"""
"gat-ogbn-products-fastgcn-cpu-32-20-2-16-10-1024-[300000]-1000,""finished"",""-"",""jana-vatter"","""",""2023-12-30T08:01:53.000Z"",""23176"","""",""gat"",""1024"",""1000"",""3"",""ogbn-products"",""20"",""[300000]"",""16"",""2"",""cpu"",""10"",""32"",""0.6410816311836243"",""fastgcn"",""0.8121201395988464"",""11.734708277508616"",""23168.572089424357"",""121.01530806347728"",""1.046449896276306"",""23012.755806853995"",""[185835.13,24298.12,0,0.04,0]"",""22.484645826742053"",""[6770890710,27587575011,25239486224,0]"",""[71444985.18,1596.13,8128956.35,373198743.34,3632.99,0,11218.36,464629.15,0,0]"",""1150.637215803843"",""26778.67578125"",""[28079476736,34892316672,198520832,2838528,0,30584979456,0,28066111488,28073687040,0]"""
"gat-ogbn-products-fastgcn-cpu-32-20-2-16-10-1024-[200000]-1000,""finished"",""-"",""jana-vatter"","""",""2023-12-30T02:38:22.000Z"",""19400"","""",""gat"",""1024"",""1000"",""3"",""ogbn-products"",""20"",""[200000]"",""16"",""2"",""cpu"",""10"",""32"",""0.6442220211029053"",""fastgcn"",""0.8011596202850342"",""12.056504582986236"",""19395.298471508548"",""131.41977836936712"",""1.1197488604431942"",""19229.69116681255"",""[122534.69,17300.95,0,0.05,0]"",""21.51910683326423"",""[6747008106,27510375200,25169992502,0]"",""[71259974.01,1596.13,8104743.1,372667379.88,3622.73,0,11188.35,463457.73,0,0]"",""961.483941812534"",""19367.67578125"",""[20308480000,34231832576,198557696,2838528,0,22864707584,0,20294660096,20302294016,0]"""
"gat-ogbn-products-fastgcn-cpu-32-20-2-16-10-1024-[115000]-1000,""finished"",""-"",""jana-vatter"","""",""2023-12-29T22:28:33.000Z"",""14980"","""",""gat"",""1024"",""1000"",""3"",""ogbn-products"",""20"",""[115000]"",""16"",""2"",""cpu"",""10"",""32"",""0.6416686177253723"",""fastgcn"",""0.7844772934913635"",""12.273114388808608"",""14975.715797761455"",""124.78517911210656"",""1.253939554790141"",""14815.640737863258"",""[74148.95,8014.43,0,0.04,0]"",""22.472543247044086"",""[6726634761,27451350845,25118896381,0]"",""[71137912.6,1594.62,8087489.87,372186507.95,3613.8,0,11163.85,462638.58,0,0]"",""740.7814373098314"",""15556.55078125"",""[16312225792,34046386176,198713344,2838528,0,18820648960,0,16295436288,16303070208,0]"""
"gat-ogbn-products-fastgcn-cpu-32-20-2-16-10-1024-[50000]-1000,""finished"",""-"",""jana-vatter"","""",""2023-12-29T18:42:03.000Z"",""13581"","""",""gat"",""1024"",""1000"",""3"",""ogbn-products"",""20"",""[50000]"",""16"",""2"",""cpu"",""10"",""32"",""0.6421959400177002"",""fastgcn"",""0.7474760413169861"",""11.963788269087672"",""13575.049803661184"",""120.9525486715138"",""1.5336337960445818"",""13418.592382265257"",""[44845.99,2448.26,0,0.04,0]"",""22.971784165129066"",""[6711922532,27410539709,25084825499,0]"",""[71064028.12,1587.2,8079482.24,371789281.38,3606.65,0,11140,462164.34,0,0]"",""670.9291060644202"",""14552.9765625"",""[15259901952,33154256896,199405568,2838528,0,17847967744,0,15246319616,15254097920,0]"""
"gat-ogbn-products-ladies-cpu-32-20-2-16-10-1024-[350000]-1000,""finished"",""-"",""jana-vatter"","""",""2023-12-29T05:38:40.000Z"",""46994"","""",""gat"",""1024"",""1000"",""2"",""ogbn-products"",""20"",""[350000]"",""16"",""2"",""cpu"",""10"",""32"",""0.6449079513549805"",""ladies"",""0.8141037225723267"",""12.848774205893278"",""46989.17949938774"",""132.34235382266343"",""0.8570461835268248"",""46818.39646094851"",""[756170.18,90198.36,0,0.04,0]"",""25.00954913534224"",""[6701886323,27385699915,25064718519,0]"",""[71019310.69,1587.2,8077021.41,371401956.96,3600.7,0,11119.77,461914.68,0,0]"",""2340.91907152934"",""25133.36328125"",""[26354241536,33193304064,199766016,2838528,0,28858966016,0,26341134336,26348859392,0]"""
"gat-ogbn-products-ladies-cpu-32-20-2-16-10-1024-[300000]-1000,""finished"",""-"",""jana-vatter"","""",""2023-12-28T17:22:19.000Z"",""44172"","""",""gat"",""1024"",""1000"",""2"",""ogbn-products"",""20"",""[300000]"",""16"",""2"",""cpu"",""10"",""32"",""0.6445121169090271"",""ladies"",""0.8140019774436951"",""23.97983239404857"",""44166.16042053141"",""128.76802100986242"",""0.8084918133953075"",""43989.19203636795"",""[710049.99,86606.74,0,0.05,0]"",""23.67414857260883"",""[6665132803,27143599570,24824234866,0]"",""[70267566.46,1587.2,7987306.89,370744961.58,3586.34,0,11089.32,456589.32,0,0]"",""2199.4588131235914"",""25130.29296875"",""[26351022080,33200398336,200163328,2838528,0,28886986752,0,26336096256,26343896064,0]"""
"gat-ogbn-products-ladies-cpu-32-20-2-16-10-1024-[200000]-1000,""finished"",""-"",""jana-vatter"","""",""2023-12-28T06:33:39.000Z"",""38910"","""",""gat"",""1024"",""1000"",""2"",""ogbn-products"",""20"",""[200000]"",""16"",""2"",""cpu"",""10"",""32"",""0.6522347927093506"",""ladies"",""0.8221651315689087"",""12.427778247743843"",""38905.61210577004"",""126.4311264101416"",""0.8394345403335255"",""38743.89360064827"",""[614861.57,77167.15,0,0.04,0]"",""22.2948986236006"",""[6628752598,26913632846,24590541395,0]"",""[69561511.89,1581.44,7901144.04,370128540.37,3573.35,0,11058.25,451734.44,0,0]"",""1937.1939670127815"",""25361.6328125"",""[26593599488,33402064896,200040448,2838528,0,29105717248,0,26579587072,26587422720,0]"""
"gat-ogbn-products-ladies-cpu-32-20-2-16-10-1024-[115000]-1000,""finished"",""-"",""jana-vatter"","""",""2023-12-27T23:56:14.000Z"",""23836"","""",""gat"",""1024"",""1000"",""2"",""ogbn-products"",""20"",""[115000]"",""16"",""2"",""cpu"",""10"",""32"",""0.6548148989677429"",""ladies"",""0.8254202604293823"",""12.27154927700758"",""23831.056168921292"",""120.38191004283726"",""0.8042580072280656"",""23675.839336523783"",""[351871.49,48772.03,0,0.04,0]"",""21.981712942942977"",""[6592315162,26709978599,24384230736,0]"",""[68950253.16,1572.99,7824386.15,369575836.73,3562.32,0,11029.31,447268.13,0,0]"",""1183.7913368089123"",""21602.65625"",""[22652026880,33629724672,199753728,2838528,0,25193799680,0,22638559232,22646352896,0]"""
"gat-ogbn-products-ladies-cpu-32-20-2-16-10-1024-[50000]-1000,""finished"",""-"",""jana-vatter"","""",""2023-12-27T21:33:48.000Z"",""8537"","""",""gat"",""1024"",""1000"",""2"",""ogbn-products"",""20"",""[50000]"",""16"",""2"",""cpu"",""10"",""32"",""0.6394757628440857"",""ladies"",""0.8035755157470703"",""11.436493832617998"",""8533.230693727732"",""130.2775285821408"",""1.0316967542616198"",""8369.160483336076"",""[121936.95,12438.2,0.01,0.04,0]"",""21.807388581335545"",""[6561131357,26580018314,24261587318,0]"",""[68600253.07,1570.47,7775848.77,369213908.72,3554.63,0,10996.88,444805.71,0,0]"",""418.4575024407357"",""15783.9453125"",""[16550666240,35193155584,199217152,2838528,0,19081019392,0,16536891392,16544761856,0]"""
"gat-ogbn-products-fastgcn-cpu-32-20-2-16-10-1024-[350000]-1000,""finished"",""-"",""jana-vatter"","""",""2023-12-27T14:45:22.000Z"",""24496"","""",""gat"",""1024"",""1000"",""2"",""ogbn-products"",""20"",""[350000]"",""16"",""2"",""cpu"",""10"",""32"",""0.6266018748283386"",""fastgcn"",""0.7935559153556824"",""11.216580156236889"",""24488.871733525768"",""132.55359093286097"",""1.069652026181394"",""24324.82454900816"",""[213436.54,31337.28,0,0.05,0]"",""19.710954040288925"",""[6542243551,26522915101,24214179884,0]"",""[68478889.41,1570.33,7763451.61,369074950.64,3550.96,0,10972.9,444015.44,0,0]"",""1216.2405474328436"",""25957.44921875"",""[27218358272,34037579776,198709248,2838528,0,30513393664,0,27204661248,27212380160,0]"""
"gat-ogbn-products-fastgcn-cpu-32-20-2-16-10-1024-[300000]-1000,""finished"",""-"",""jana-vatter"","""",""2023-12-27T08:32:11.000Z"",""22382"","""",""gat"",""1024"",""1000"",""2"",""ogbn-products"",""20"",""[300000]"",""16"",""2"",""cpu"",""10"",""32"",""0.6232373714447021"",""fastgcn"",""0.7944459915161133"",""11.336607148870826"",""22377.41414210573"",""114.19947528094052"",""1.0799477696418762"",""22230.20346870646"",""[185695.39,24421.32,0,0.04,0]"",""21.10938349738717"",""[6516694140,26435860505,24136080351,0]"",""[68266453.64,1570.33,7732240.93,368536034.84,3540.46,0,10944.9,442528.81,0,0]"",""1111.5096215638332"",""26587.7109375"",""[27879235584,34776518656,198479872,2838528,0,30470819840,0,27862450176,27870016512,0]"""
"gat-ogbn-products-fastgcn-cpu-32-20-2-16-10-1024-[200000]-1000,""finished"",""-"",""jana-vatter"","""",""2023-12-27T03:21:02.000Z"",""18660"","""",""gat"",""1024"",""1000"",""2"",""ogbn-products"",""20"",""[200000]"",""16"",""2"",""cpu"",""10"",""32"",""0.6491495370864868"",""fastgcn"",""0.8096534013748169"",""11.760365068912506"",""18654.90498512052"",""136.2557097002864"",""1.070452260538704"",""18485.804502803832"",""[122158.51,17257.97,0,0.04,0]"",""20.51552035100758"",""[6492770523,26358810783,24067254905,0]"",""[68081636.26,1562.68,7707909.33,368030039.8,3530.51,0,10914.31,441313.02,0,0]"",""924.289696839638"",""19256.36328125"",""[20191760384,34113318912,199053312,2838528,0,22699905024,0,20177805312,20185646080,0]"""
"gat-ogbn-products-fastgcn-cpu-32-20-2-16-10-1024-[115000]-1000,""finished"",""-"",""jana-vatter"","""",""2023-12-26T23:30:51.000Z"",""13802"","""",""gat"",""1024"",""1000"",""2"",""ogbn-products"",""20"",""[115000]"",""16"",""2"",""cpu"",""10"",""32"",""0.6440557837486267"",""fastgcn"",""0.7894362211227417"",""12.015338990837336"",""13796.522142086178"",""133.54587035998702"",""1.1831482701350988"",""13629.093958459796"",""[72602.78,7565.2,0,0.03,0]"",""21.2969224229455"",""[6472154646,26299716014,24017190383,0]"",""[67959985.43,1560.27,7690704.32,367572400.35,3521.87,0,10890.4,440461.99,0,0]"",""681.4541566966102"",""15718.640625"",""[16482189312,34027614208,199901184,2838528,0,18994769920,0,16468586496,16476403712,0]"""
"gat-ogbn-products-fastgcn-cpu-32-20-2-16-10-1024-[50000]-1000,""finished"",""-"",""jana-vatter"","""",""2023-12-26T20:19:52.000Z"",""11450"","""",""gat"",""1024"",""1000"",""2"",""ogbn-products"",""20"",""[50000]"",""16"",""2"",""cpu"",""10"",""32"",""0.635089099407196"",""fastgcn"",""0.7448058128356934"",""11.821482179686427"",""11444.44565952383"",""124.61906326375902"",""1.5218449256580728"",""11284.347892185671"",""[42201.17,2187.91,0.01,0.04,0]"",""23.09777593612671"",""[6458200726,26260019452,23984217917,0]"",""[67887651.61,1560.27,7683149.37,367210883.15,3515.56,0,10867.67,439984.12,0,0]"",""564.2168018759228"",""14459.28515625"",""[15161659392,33113452544,198574080,2838528,0,17721790464,0,15143997440,15151771648,0]"""
"gat-ogbn-products-ladies-cpu-32-20-2-16-10-1024-[350000]-1000,""finished"",""-"",""jana-vatter"","""",""2023-12-26T07:20:28.000Z"",""46755"","""",""gat"",""1024"",""1000"",""1"",""ogbn-products"",""20"",""[350000]"",""16"",""2"",""cpu"",""10"",""32"",""0.6408277153968811"",""ladies"",""0.8074917793273926"",""11.302167363464832"",""46747.37786999717"",""128.69465214945376"",""0.862545687299936"",""46586.341554395854"",""[751841.03,92798.27,0,0.04,0]"",""20.48078694753349"",""[6448335500,26236284660,23965278554,0]"",""[67845563.39,1560.17,7680948.64,366888733.65,3510.53,0,10849.16,439717.97,0,0]"",""2329.316318566166"",""25174.234375"",""[26397097984,33199529984,200409088,2838528,0,28900962304,0,26383572992,26391397376,0]"""
"gat-ogbn-products-ladies-cpu-32-20-2-16-10-1024-[300000]-1000,""finished"",""-"",""jana-vatter"","""",""2023-12-25T19:18:15.000Z"",""43324"","""",""gat"",""1024"",""1000"",""1"",""ogbn-products"",""20"",""[300000]"",""16"",""2"",""cpu"",""10"",""32"",""0.6196175217628479"",""ladies"",""0.7864608764648438"",""12.074859583750367"",""43318.066174989566"",""127.27660892345013"",""0.9434730830587872"",""43156.95178187452"",""[699861.16,86400.64,0,0.05,0]"",""21.18589263781905"",""[6411297728,25994146406,23723331450,0]"",""[67098059.92,1560.17,7588641.37,366237718.81,3497.57,0,10815.75,434428.78,0,0]"",""2157.8467700909823"",""25782.6171875"",""[27035033600,33923936256,200019968,2838528,0,29538689024,0,27021279232,27028881408,0]"""
"gat-ogbn-products-ladies-cpu-32-20-2-16-10-1024-[200000]-1000,""finished"",""-"",""jana-vatter"","""",""2023-12-25T08:54:04.000Z"",""37442"","""",""gat"",""1024"",""1000"",""1"",""ogbn-products"",""20"",""[200000]"",""16"",""2"",""cpu"",""10"",""32"",""0.6366990804672241"",""ladies"",""0.8119930028915405"",""11.424178794026377"",""37437.23736459762"",""125.09000311233105"",""0.8634730390625297"",""37278.54970046505"",""[598089.47,77307.65,0,0.05,0]"",""21.59641866199672"",""[6374382463,25766695101,23492516912,0]"",""[66402234.33,1547.21,7502691.17,365638077.04,3484.8,0,10787.06,429443.57,0,0]"",""1863.9267445144244"",""25538.67578125"",""[26779242496,33668001792,200335360,2838528,0,29283221504,0,26765656064,26773563392,0]"""
"gat-ogbn-products-ladies-cpu-32-20-2-16-10-1024-[115000]-1000,""finished"",""-"",""jana-vatter"","""",""2023-12-25T02:21:32.000Z"",""23543"","""",""gat"",""1024"",""1000"",""1"",""ogbn-products"",""20"",""[115000]"",""16"",""2"",""cpu"",""10"",""32"",""0.6150004863739014"",""ladies"",""0.7831294536590576"",""11.50303777307272"",""23539.058908645064"",""121.02052554860713"",""1.0253065778183814"",""23385.49552877061"",""[349742.56,47520.99,0,0.05,0]"",""20.46126422472298"",""[6339940293,25568045425,23302119623,0]"",""[65807487.1,1547.21,7425781.15,365115687.76,3472.93,0,10759.36,425223.41,0,0]"",""1169.2741550887004"",""21564.1015625"",""[22611599360,33594109952,200335360,2838528,0,25196437504,0,22597476352,22605273088,0]"""
"gat-ogbn-products-ladies-cpu-32-20-2-16-10-1024-[50000]-1000,""finished"",""-"",""jana-vatter"","""",""2023-12-24T23:56:11.000Z"",""8711"","""",""gat"",""1024"",""1000"",""1"",""ogbn-products"",""20"",""[50000]"",""16"",""2"",""cpu"",""10"",""32"",""0.6569322943687439"",""ladies"",""0.8177148103713989"",""11.833522267639635"",""8706.693410689011"",""135.43115676753223"",""0.9401294450068104"",""8538.278378149495"",""[124871.88,12142.35,0,0.05,0]"",""20.587041649967432"",""[6308579948,25438876446,23182681327,0]"",""[65459708.84,1544.76,7378502.89,364759694.24,3465.38,0,10727.43,422741.01,0,0]"",""426.9133837070316"",""16044.734375"",""[16824123392,35464966144,198361088,2838528,0,19351932928,0,16810115072,16818045952,0]"""
"gat-ogbn-products-fastgcn-cpu-32-20-2-16-10-1024-[350000]-1000,""finished"",""-"",""jana-vatter"","""",""2023-12-24T17:07:20.000Z"",""24521"","""",""gat"",""1024"",""1000"",""1"",""ogbn-products"",""20"",""[350000]"",""16"",""2"",""cpu"",""10"",""32"",""0.6326784491539001"",""fastgcn"",""0.8005747199058533"",""11.791928144171834"",""24515.38259945251"",""136.36268137395382"",""1.025505990098795"",""24346.77086620964"",""[215970.42,31785.29,0.01,0.04,0]"",""19.91010838933289"",""[6288001582,25380478911,23132557469,0]"",""[65335407.95,1542.27,7366396.27,364617863.54,3461.86,0,10704.77,421870.11,0,0]"",""1217.3380439334549"",""25689.0234375"",""[26936893440,33819582464,199266304,2838528,0,30702243840,0,26923319296,26931194880,0]"""
"gat-ogbn-products-fastgcn-cpu-32-20-2-16-10-1024-[300000]-1000,""finished"",""-"",""jana-vatter"","""",""2023-12-24T11:02:13.000Z"",""21898"","""",""gat"",""1024"",""1000"",""1"",""ogbn-products"",""20"",""[300000]"",""16"",""2"",""cpu"",""10"",""32"",""0.6253936290740967"",""fastgcn"",""0.784095823764801"",""11.890831384807823"",""21892.94706968963"",""120.15149711631238"",""1.167682416389643"",""21742.060739753768"",""[186292.81,24451.4,0,0.04,0]"",""18.27033357694745"",""[6261067651,25292056329,23051616650,0]"",""[65120504.47,1542.16,7334746.15,364081112.08,3450.73,0,10677.27,420261.7,0,0]"",""1087.102504291944"",""26689.8984375"",""[27986386944,34741551104,199761920,2838528,0,30581555200,0,27969253376,27977066496,0]"""
"gat-ogbn-products-fastgcn-cpu-32-20-2-16-10-1024-[200000]-1000,""finished"",""-"",""jana-vatter"","""",""2023-12-24T06:19:22.000Z"",""16962"","""",""gat"",""1024"",""1000"",""1"",""ogbn-products"",""20"",""[200000]"",""16"",""2"",""cpu"",""10"",""32"",""0.633432149887085"",""fastgcn"",""0.7865880131721497"",""13.541958648711445"",""16956.633954871446"",""142.53399645909667"",""1.18858748581743"",""16780.42006491311"",""[121065.63,16979.91,0,0.04,0]"",""19.564226277172565"",""[6236407005,25214492502,22981370535,0]"",""[64935113.22,1542.16,7310390.87,363591220.4,3441.6,0,10649.18,419016.73,0,0]"",""839.0203162537888"",""19316.2890625"",""[20254597120,34070085632,198287360,2838528,0,22771695616,0,20241383424,20249105408,0]"""
"gat-ogbn-products-fastgcn-cpu-32-20-2-16-10-1024-[115000]-1000,""finished"",""-"",""jana-vatter"","""",""2023-12-24T02:42:47.000Z"",""12986"","""",""gat"",""1024"",""1000"",""1"",""ogbn-products"",""20"",""[115000]"",""16"",""2"",""cpu"",""10"",""32"",""0.6459372639656067"",""fastgcn"",""0.7912417650222778"",""11.936599435284734"",""12979.64289828576"",""134.55252115614712"",""1.2039913059516274"",""12812.889934349803"",""[72148.74,7124.23,0,0.04,0]"",""19.707520943135023"",""[6215105290,25155578053,22930349999,0]"",""[64814520.37,1542.16,7293459.29,363186496.7,3434.41,0,10623.96,418171.73,0,0]"",""640.6438454720192"",""15877.15234375"",""[16648400896,34004553728,199528448,2838528,0,19193208832,0,16634130432,16641874944,0]"""
"gat-ogbn-products-fastgcn-cpu-32-20-2-16-10-1024-[50000]-1000,""finished"",""-"",""jana-vatter"","""",""2023-12-23T23:32:22.000Z"",""11416"","""",""gat"",""1024"",""1000"",""1"",""ogbn-products"",""20"",""[50000]"",""16"",""2"",""cpu"",""10"",""32"",""0.6406564116477966"",""fastgcn"",""0.7485440969467163"",""13.386168964207172"",""11411.098107468337"",""121.9307027440518"",""1.4835578508945326"",""11256.818410495296"",""[42219.13,2202.33,0,0.04,0]"",""18.384862147271633"",""[6200702014,25116073200,22897052295,0]"",""[64742640.44,1540.53,7286343.42,362850253.97,3427.87,0,10601.45,417705.35,0,0]"",""562.840317245014"",""14550.05859375"",""[15256842240,33258213376,199868416,2838528,0,17810694144,0,15239860224,15247489024,0]"""
"gat-ogbn-products-saint-cpu-32-20-2-16-10-1024-[10, 10]-800000,""finished"",""-"",""jana-vatter"","""",""2023-12-22T21:57:32.000Z"",""92082"","""",""gat"",""1024"",""800000"",""3"",""ogbn-products"",""20"",""[10,10]"",""16"",""2"",""cpu"",""10"",""32"",""0.7970503568649292"",""saint"",""0.8280033469200134"",""13.111236130818725"",""92077.68840589748"",""145.43634328618646"",""0.944809270646288"",""91918.57695830986"",""[1409882.14,149572.44,0.01,0.03,0]"",""0.0033984314650297165"",""[6190831570,25091301343,22877952625,0]"",""[64700537.74,1533.88,7284126.42,362529323.69,3422.19,0,10584.72,417452.01,0,0]"",""4595.928060014825"",""12812.9453125"",""[13435346944,19979980800,197046272,2838528,0,15943364608,0,13422272512,13430079488,0]"""
"gat-ogbn-products-saint-cpu-32-20-2-16-10-1024-[10, 10]-700000,""finished"",""-"",""jana-vatter"","""",""2023-12-21T23:33:36.000Z"",""80628"","""",""gat"",""1024"",""700000"",""3"",""ogbn-products"",""20"",""[10,10]"",""16"",""2"",""cpu"",""10"",""32"",""0.7928218841552734"",""saint"",""0.8235470652580261"",""13.30298244021833"",""80620.84478287585"",""126.02364668250084"",""1.0005926391003663"",""80480.9744164031"",""[1226653.56,131212.23,0,0.04,0]"",""0.00220407173037529"",""[6144226971,24670395400,22424625018,0]"",""[63299200.74,1527.67,7135376.22,361143108.96,3394.09,0,10555.6,407155.36,0,0]"",""4024.0478130565025"",""12893.69921875"",""[13520023552,20059254784,198144000,2838528,0,16022585344,0,13502480384,13510345728,0]"""
"gat-ogbn-products-saint-cpu-32-20-2-16-10-1024-[10, 10]-400000,""finished"",""-"",""jana-vatter"","""",""2023-12-21T12:08:40.000Z"",""41088"","""",""gat"",""1024"",""400000"",""3"",""ogbn-products"",""20"",""[10,10]"",""16"",""2"",""cpu"",""10"",""32"",""0.7943478226661682"",""saint"",""0.823123037815094"",""11.136524125933647"",""41083.73324918561"",""130.06262087635696"",""1.021632263079826"",""40941.09377644025"",""[645683.86,78058.28,0,0.05,0]"",""0.0019521862268447876"",""[6100127439,24300939428,22028762084,0]"",""[62080186.62,1498.31,7004896.95,359921871.57,3365.25,0,10535,397875.91,0,0]"",""2047.0538370694037"",""12772.32421875"",""[13392752640,19935776768,198369280,2838528,0,15899111424,0,13379514368,13387966464,0]"""
"gat-ogbn-products-saint-cpu-32-20-2-16-10-1024-[10, 10]-230000,""finished"",""-"",""jana-vatter"","""",""2023-12-21T06:58:40.000Z"",""18591"","""",""gat"",""1024"",""230000"",""3"",""ogbn-products"",""20"",""[10,10]"",""16"",""2"",""cpu"",""10"",""32"",""0.7895852327346802"",""saint"",""0.8145956993103027"",""13.546272618696094"",""18585.39154671133"",""109.47751973941922"",""1.1338868536479731"",""18461.81920926459"",""[327269.83,30638.29,0,0.04,0]"",""0.0024762284010648727"",""[6067746209,24095068173,21818296243,0]"",""[61438076.67,1484.58,6927226.34,359331138.55,3352.51,0,10521.6,393325.79,0,0]"",""923.0904067368248"",""13427.265625"",""[14079508480,20614275072,198287360,2838528,0,16581750784,0,14062366720,14070687744,0]"""
"gat-ogbn-products-saint-cpu-32-20-2-16-10-1024-[10, 10]-100000,""finished"",""-"",""jana-vatter"","""",""2023-12-21T05:20:29.000Z"",""5882"","""",""gat"",""1024"",""100000"",""3"",""ogbn-products"",""20"",""[10,10]"",""16"",""2"",""cpu"",""10"",""32"",""0.778435230255127"",""saint"",""0.7934595942497253"",""16.199796868488193"",""5877.128268277273"",""111.74699939228594"",""1.3336282783221705"",""5748.418021352962"",""[119827.77,3355.64,0,0.05,0]"",""0.002434823662042618"",""[6045071903,23986896289,21709316152,0]"",""[61112623.76,1484.58,6896735.76,359094210.94,3346.43,0,10514.34,391000.87,0,0]"",""287.4204804614186"",""13586.265625"",""[14246232064,20776005632,197529600,2838528,0,16749965312,0,14229827584,14238262272,0]"""
"gat-ogbn-products-shadow-cpu-32-20-2-16-10-1024-[50]-1000,""finished"",""-"",""jana-vatter"","""",""2023-12-20T00:23:08.000Z"",""104233"","""",""gat"",""1024"",""1000"",""3"",""ogbn-products"",""20"",""[50]"",""16"",""2"",""cpu"",""10"",""32"",""0.7542360424995422"",""shadow"",""0.8409010171890259"",""16.551363112404943"",""104228.10702093132"",""128.20505146868527"",""0.7918422110957802"",""104082.81503471172"",""[1496696.5,203015.44,0,0.04,0]"",""0.002576807513833046"",""[6033099433,23945075974,21669000037,0]"",""[60993333.27,1481.31,6893380.25,359029040.74,3344.65,0,10510.23,390275.13,0,0]"",""5204.139975746255"",""12776.80859375"",""[13397454848,20032925696,197431296,2838528,0,15905497088,0,13384712192,13393160192,0]"""
"gat-ogbn-products-shadow-cpu-32-20-2-16-10-1024-[40]-1000,""finished"",""-"",""jana-vatter"","""",""2023-12-19T01:22:53.000Z"",""82806"","""",""gat"",""1024"",""1000"",""3"",""ogbn-products"",""20"",""[40]"",""16"",""2"",""cpu"",""10"",""32"",""0.7710275053977966"",""shadow"",""0.8481878638267517"",""13.416555907577276"",""82801.38136034831"",""136.03184154815972"",""0.7604516800203471"",""82651.37509871274"",""[1176185.34,165845.08,0,0.04,0]"",""0.00193888321518898"",""[5981188612,23480224526,21174377393,0]"",""[59505720.93,1477.76,6691518.26,357394474.44,3314.56,0,10449.59,379310.7,0,0]"",""4132.567900519166"",""12753.25"",""[13372751872,19953364992,197341184,2838528,0,15879938048,0,13359235072,13367666688,0]"""
"gat-ogbn-products-shadow-cpu-32-20-2-16-10-1024-[30]-1000,""finished"",""-"",""jana-vatter"","""",""2023-12-18T10:17:23.000Z"",""54321"","""",""gat"",""1024"",""1000"",""3"",""ogbn-products"",""20"",""[30]"",""16"",""2"",""cpu"",""10"",""32"",""0.7580031752586365"",""shadow"",""0.8435701727867126"",""13.107672231271865"",""54317.12922586873"",""133.3503756634891"",""0.7903993790631467"",""54170.12742959894"",""[809523.41,117184.31,0,0.03,0]"",""0.002246381714940071"",""[5935503995,23107642974,20794575019,0]"",""[58336485.51,1463.45,6526582.83,356087669.59,3291.92,0,10411.44,370666.26,0,0]"",""2708.5056376894004"",""12668.40625"",""[13283786752,19982872576,197996544,2838528,0,15789314048,0,13269323776,13277766656,0]"""
"gat-ogbn-products-shadow-cpu-32-20-2-16-10-1024-[20]-1000,""finished"",""-"",""jana-vatter"","""",""2023-12-18T02:17:31.000Z"",""28784"","""",""gat"",""1024"",""1000"",""3"",""ogbn-products"",""20"",""[20]"",""16"",""2"",""cpu"",""10"",""32"",""0.7436323165893555"",""shadow"",""0.838314414024353"",""12.573669631034136"",""28777.207119971514"",""135.0473851878196"",""0.8375851962850501"",""28628.826163103804"",""[439937.11,65385.51,0.01,0.04,0]"",""0.00242755189538002"",""[5896631068,22841755875,20528233602,0]"",""[57531797.99,1463.25,6410054.83,355276585.22,3278.81,0,10377.77,364581.16,0,0]"",""1431.4406771916897"",""12745.69140625"",""[13364826112,19941216256,197087232,2838528,0,15872110592,0,13351297024,13359660032,0]"""
"gat-ogbn-products-shadow-cpu-32-20-2-16-10-1024-[10]-1000,""finished"",""-"",""jana-vatter"","""",""2023-12-18T00:27:09.000Z"",""6613"","""",""gat"",""1024"",""1000"",""3"",""ogbn-products"",""20"",""[10]"",""16"",""2"",""cpu"",""10"",""32"",""0.7361626625061035"",""shadow"",""0.8302996158599854"",""10.383147338405252"",""6606.3709021080285"",""111.280131816864"",""0.9353001160942828"",""6484.149201048538"",""[138360.59,7235.31,0,0.04,0]"",""0.0023131035268306732"",""[5863445791,22682869978,20376714354,0]"",""[57094509.13,1460.25,6345037.75,354861064.89,3271.7,0,10343.91,361222.45,0,0]"",""324.2070183351636"",""13459.12890625"",""[14112919552,21068300288,198152192,2838528,0,16615882752,0,14096109568,14104580096,0]"""
"gat-ogbn-products-cluster-cpu-32-20-2-16-3500-1024-[10, 10]-1000,""finished"",""-"",""jana-vatter"","""",""2023-12-17T23:58:59.000Z"",""1682"","""",""gat"",""1024"",""1000"",""3"",""ogbn-products"",""20"",""[10,10]"",""16"",""2"",""cpu"",""3500"",""32"",""0.1310393512248993"",""cluster"",""0.13083021342754364"",""9.653892004862428"",""1676.701984493062"",""137.45356967113912"",""4.774892330169678"",""1399.201441610232"",""[23009.27,3800.21,0.02,0.52,0]"",""129.87640959769487"",""[5847499523,22627469954,20327264525,0]"",""[56956832.65,1460.25,6337821.88,354794998.57,3269.98,0,10306.2,360404.64,0,0]"",""69.95971540166065"",""12693.5234375"",""[13310124032,19889963008,198320128,2838528,0,15814692864,0,13294854144,13303351296,0]"""
"gat-ogbn-products-cluster-cpu-32-20-2-16-5000-1024-[10, 10]-1000,""finished"",""-"",""jana-vatter"","""",""2023-12-17T23:30:55.000Z"",""1676"","""",""gat"",""1024"",""1000"",""3"",""ogbn-products"",""20"",""[10,10]"",""16"",""2"",""cpu"",""5000"",""32"",""0.1710480898618698"",""cluster"",""0.1686268299818039"",""12.426492715254426"",""1670.2726698871702"",""128.94476185925305"",""4.578159332275391"",""1349.1172052491456"",""[22265.63,3810.61,0.01,0.53,0]"",""179.27880757674575"",""[5845712105,22618815121,20318979006,0]"",""[56933964.44,1460.25,6334039.63,354767752.18,3265.52,0,10305.2,360218.38,0,0]"",""67.45550079932437"",""12690.8203125"",""[13307289600,19886616576,199036928,2838528,0,15811350528,0,13292535808,13300921344,0]"""
"gat-ogbn-products-cluster-cpu-32-20-2-16-6000-1024-[10, 10]-1000,""finished"",""-"",""jana-vatter"","""",""2023-12-17T23:04:10.000Z"",""1596"","""",""gat"",""1024"",""1000"",""3"",""ogbn-products"",""20"",""[10,10]"",""16"",""2"",""cpu"",""6000"",""32"",""0.29899492859840393"",""cluster"",""0.2979356348514557"",""12.22943646647036"",""1589.173145443201"",""139.0798320453614"",""4.444061915079753"",""1289.632464952767"",""[21911.61,3674.15,0.02,0.53,0]"",""147.69107679091394"",""[5843889126,22610259104,20310978447,0]"",""[56911826.9,1460.25,6330245.66,354739934.3,3259.97,0,10304.16,360038.72,0,0]"",""64.48125014426186"",""12667.71875"",""[13283065856,19863736320,198881280,2838528,0,15788466176,0,13269245952,13277785088,0]"""
"gat-ogbn-products-cluster-cpu-32-20-2-16-10000-1024-[10, 10]-1000,""finished"",""-"",""jana-vatter"","""",""2023-12-17T22:39:33.000Z"",""1469"","""",""gat"",""1024"",""1000"",""3"",""ogbn-products"",""20"",""[10,10]"",""16"",""2"",""cpu"",""10000"",""32"",""0.45899060368537903"",""cluster"",""0.4637940227985382"",""8.198141319677234"",""1464.430833587423"",""118.03659794479609"",""3.3230042695999145"",""1118.5672359298917"",""[21025.71,2989.81,0.02,0.58,0]"",""219.0782415289432"",""[5841725557,22601606167,20303191520,0]"",""[56890041.67,1456.46,6326585.22,354714314.43,3253.52,0,10303.21,359849.27,0,0]"",""55.92798476787284"",""12872.48046875"",""[13497774080,20074684416,198840320,2838528,0,15999418368,0,13480046592,13488546816,0]"""
"gat-ogbn-products-cluster-cpu-32-20-2-16-25000-1024-[10, 10]-1000,""finished"",""-"",""jana-vatter"","""",""2023-12-17T22:16:41.000Z"",""1364"","""",""gat"",""1024"",""1000"",""3"",""ogbn-products"",""20"",""[10,10]"",""16"",""2"",""cpu"",""25000"",""32"",""0.6678812503814697"",""cluster"",""0.6577692627906799"",""12.724898271262646"",""1358.669165769592"",""102.28912016749382"",""2.465221996307373"",""899.5656010620296"",""[20750.62,1176.9,0.02,0.87,0]"",""343.57470626197755"",""[5839643964,22593264512,20295606154,0]"",""[56869114.96,1456.25,6323602.91,354691089.76,3247.06,0,10302.36,359708.59,0,0]"",""44.977939021680506"",""13397.73828125"",""[14048546816,20625633280,198934528,2838528,0,16550363136,0,14031409152,14039883776,0]"""
"gat-ogbn-products-labor-cpu-32-20-2-16-10-1024-[50]-1000,""finished"",""-"",""jana-vatter"","""",""2023-12-17T20:17:28.000Z"",""7145"","""",""gat"",""1024"",""1000"",""3"",""ogbn-products"",""20"",""[50]"",""16"",""2"",""cpu"",""10"",""32"",""0.6653956174850464"",""labor"",""0.8352363705635071"",""13.133101811632514"",""7141.315243404359"",""112.80851842463017"",""0.7943372856150019"",""7014.833034496754"",""[130620.15,22086.55,0,0.05,0]"",""0.002479664981365204"",""[5837127360,22584878634,20288251561,0]"",""[56848449.2,1456.25,6322423.78,354669189.91,3242.31,0,10301.08,359581.04,0,0]"",""350.7411841617897"",""13226.1015625"",""[13868572672,33006653440,196927488,2838528,0,16476692480,0,13851426816,13859892224,0]"""
"gat-ogbn-products-labor-cpu-32-20-2-16-10-1024-[40]-1000,""finished"",""-"",""jana-vatter"","""",""2023-12-17T18:44:51.000Z"",""5548"","""",""gat"",""1024"",""1000"",""3"",""ogbn-products"",""20"",""[40]"",""16"",""2"",""cpu"",""10"",""32"",""0.6722791790962219"",""labor"",""0.8429926633834839"",""12.352702785283329"",""5542.885841947049"",""120.9793551992625"",""0.7442903316391565"",""5409.011472988874"",""[104193.63,15781.83,0.01,0.03,0]"",""0.0025932546705007553"",""[5821612937,22529251207,20240632314,0]"",""[56718556.19,1456.25,6300449.66,354593110.7,3240.93,0,10285.19,358645.5,0,0]"",""270.45002038059755"",""13075.36328125"",""[13710512128,32929484800,198246400,2838528,0,16334180352,0,13692768256,13701293056,0]"""
"gat-ogbn-products-labor-cpu-32-20-2-16-10-1024-[30]-1000,""finished"",""-"",""jana-vatter"","""",""2023-12-17T17:41:14.000Z"",""3808"","""",""gat"",""1024"",""1000"",""3"",""ogbn-products"",""20"",""[30]"",""16"",""2"",""cpu"",""10"",""32"",""0.6782911419868469"",""labor"",""0.84510338306427"",""12.35805555805564"",""3801.7374257668857"",""128.39228102564812"",""0.7601788871646545"",""3660.4499099887903"",""[72445.09,10213.5,0,0.04,0]"",""0.0025718603283166885"",""[5806375710,22481971532,20200676294,0]"",""[56614912.35,1456.25,6284741.5,354535384,3239.55,0,10270.73,357869.75,0,0]"",""183.0220407983288"",""13211.10546875"",""[13852848128,32799072256,197107712,2838528,0,16521805824,0,13839527936,13847875584,0]"""
"gat-ogbn-products-labor-cpu-32-20-2-16-10-1024-[20]-1000,""finished"",""-"",""jana-vatter"","""",""2023-12-17T17:02:16.000Z"",""2330"","""",""gat"",""1024"",""1000"",""3"",""ogbn-products"",""20"",""[20]"",""16"",""2"",""cpu"",""10"",""32"",""0.6871574521064758"",""labor"",""0.8502657413482666"",""7.824120147153735"",""2326.0450576655567"",""129.61707744188607"",""0.7857175858527268"",""2188.0600338354707"",""[47078.66,6052.94,0,0.04,0]"",""0.0029151663184165955"",""[5795455569,22447430431,20172996938,0]"",""[56542827.69,1456.25,6274570.25,354496103.75,3238.82,0,10255.41,357389.54,0,0]"",""109.40245651928709"",""13139.12890625"",""[13777375232,32727097344,197963776,2838528,0,16482009088,0,13763653632,13772085248,0]"""
"gat-ogbn-products-labor-cpu-32-20-2-16-10-1024-[10]-1000,""finished"",""-"",""jana-vatter"","""",""2023-12-17T16:42:54.000Z"",""1154"","""",""gat"",""1024"",""1000"",""3"",""ogbn-products"",""20"",""[10]"",""16"",""2"",""cpu"",""10"",""32"",""0.6841015815734863"",""labor"",""0.8344988822937012"",""12.20662633702159"",""1148.9215739872309"",""128.48122366704047"",""1.032770850497824"",""1007.70559220016"",""[28415.82,784.36,0.01,0.03,0]"",""0.002524357289075851"",""[5786424048,22421499797,20154392792,0]"",""[56495988.72,1456.25,6268540.76,354474466.93,3238.35,0,10240.12,357113.45,0,0]"",""50.38486789353192"",""14064.69140625"",""[14747897856,32752115712,197615616,2838528,0,17479995392,0,14734737408,14743175168,0]"""
"gat-ogbn-products-neighbor-cpu-32-20-2-16-10-1024-[50]-1000,""finished"",""-"",""jana-vatter"","""",""2023-12-17T14:39:35.000Z"",""7390"","""",""gat"",""1024"",""1000"",""3"",""ogbn-products"",""20"",""[50]"",""16"",""2"",""cpu"",""10"",""32"",""0.651723325252533"",""neighbor"",""0.8312692046165466"",""12.387688336893916"",""7384.03953747265"",""114.47675509937108"",""0.8350765871878115"",""7256.638667194173"",""[151790.6,25477.12,0,0.03,0]"",""0.001987611874938011"",""[5780653904,22405453932,20143037451,0]"",""[56467711.5,1456.25,6267752.79,354466481.49,3238.15,0,10225.41,356963.51,0,0]"",""362.8314311528578"",""16118.01171875"",""[16900960256,33172013056,197742592,2838528,0,19537248256,0,16883560448,16891934720,0]"""
"gat-ogbn-products-neighbor-cpu-32-20-2-16-10-1024-[40]-1000,""finished"",""-"",""jana-vatter"","""",""2023-12-17T12:59:54.000Z"",""5972"","""",""gat"",""1024"",""1000"",""3"",""ogbn-products"",""20"",""[40]"",""16"",""2"",""cpu"",""10"",""32"",""0.6649889349937439"",""neighbor"",""0.8378556966781616"",""12.73209873214364"",""5965.022655200213"",""115.8428337071091"",""0.788835918656285"",""5835.907975770533"",""[121841.62,21218.28,0.01,0.03,0]"",""0.002466123551130295"",""[5762471612,22342793545,20088393208,0]"",""[56316752.07,1456.25,6242404.4,354407159.03,3236.63,0,10207.36,355874.49,0,0]"",""291.7949336102232"",""15830.41015625"",""[16599388160,33000955904,196911104,2838528,0,19271098368,0,16582721536,16591177728,0]"""
"gat-ogbn-products-neighbor-cpu-32-20-2-16-10-1024-[30]-1000,""finished"",""-"",""jana-vatter"","""",""2023-12-17T11:50:04.000Z"",""4182"","""",""gat"",""1024"",""1000"",""3"",""ogbn-products"",""20"",""[30]"",""16"",""2"",""cpu"",""10"",""32"",""0.6835593581199646"",""neighbor"",""0.8555298447608948"",""17.256551081314683"",""4178.497781056911"",""125.84365465678276"",""0.6993937350307722"",""4034.847967447713"",""[89216.18,14487.18,0,0.04,0]"",""0.002090994268655777"",""[5745737024,22289099126,20042867666,0]"",""[56195520.63,1456.25,6221283.3,354359120.81,3235.71,0,10189.62,355027.09,0,0]"",""201.74196253102272"",""14943.59375"",""[15669493760,32833667072,197001216,2838528,0,18375094272,0,15655239680,15663683584,0]"""
"gat-ogbn-products-neighbor-cpu-32-20-2-16-10-1024-[20]-1000,""finished"",""-"",""jana-vatter"","""",""2023-12-17T11:04:58.000Z"",""2697"","""",""gat"",""1024"",""1000"",""3"",""ogbn-products"",""20"",""[20]"",""16"",""2"",""cpu"",""10"",""32"",""0.678897500038147"",""neighbor"",""0.8474429845809937"",""11.394173968583344"",""2691.2405970524997"",""130.00741756148636"",""0.7935229271187065"",""2549.2927645426244"",""[59208.63,8978.68,0,0.04,0]"",""0.00770372711122036"",""[5733535755,22248593551,20009254900,0]"",""[56106779.29,1456.25,6206864.77,354328781.98,3234.95,0,10171.3,354435.49,0,0]"",""127.46423209933565"",""14964.0234375"",""[15690915840,32717111296,196775936,2838528,0,18432118784,0,15677702144,15686074368,0]"""
"gat-ogbn-products-neighbor-cpu-32-20-2-16-10-1024-[10]-1000,""finished"",""-"",""jana-vatter"","""",""2023-12-17T10:41:02.000Z"",""1427"","""",""gat"",""1024"",""1000"",""3"",""ogbn-products"",""20"",""[10]"",""16"",""2"",""cpu"",""10"",""32"",""0.6834797859191895"",""neighbor"",""0.8453322649002075"",""13.584803564473988"",""1421.1866983994842"",""128.80243665911257"",""0.9555795779499984"",""1278.2556264754385"",""[34602.92,3754.39,0,0.03,0]"",""0.002253018319606781"",""[5722771674,22218135997,19986051562,0]"",""[56047858.25,1456.25,6197922.51,354310459.03,3234.47,0,10148.72,354058.59,0,0]"",""63.91231042603031"",""14145.0078125"",""[14832115712,32601190400,196554752,2838528,0,17585659904,0,14817263616,14825783296,0]"""
"gat-ogbn-products-saint-cpu-32-20-2-16-10-1024-[10, 10]-800000,""finished"",""-"",""jana-vatter"","""",""2023-12-16T09:09:04.000Z"",""91910"","""",""gat"",""1024"",""800000"",""2"",""ogbn-products"",""20"",""[10,10]"",""16"",""2"",""cpu"",""10"",""32"",""0.798255443572998"",""saint"",""0.8295102119445801"",""16.464530754834414"",""91902.8051789049"",""138.27095601148903"",""0.9498512090178968"",""91747.5138966646"",""[1406736.51,155918.37,0.01,0.03,0]"",""0.0020524151623249054"",""[5713522080,22196475581,19971101378,0]"",""[56013396.08,1456.25,6194176.61,354302931.59,3234.11,0,10118.6,353856.4,0,0]"",""4587.374865021649"",""12790.1796875"",""[13411475456,19954806784,198107136,2838528,0,15918137344,0,13398085632,13406631936,0]"""
"gat-ogbn-products-saint-cpu-32-20-2-16-10-1024-[10, 10]-700000,""finished"",""-"",""jana-vatter"","""",""2023-12-15T10:57:07.000Z"",""79909"","""",""gat"",""1024"",""700000"",""2"",""ogbn-products"",""20"",""[10,10]"",""16"",""2"",""cpu"",""10"",""32"",""0.8017474412918091"",""saint"",""0.8320311903953552"",""12.32234768383205"",""79903.74969494529"",""132.27716520242393"",""0.92270800949996"",""79758.60682857782"",""[1217777.4,136870.9,0.01,0.04,0]"",""0.0023162104189395905"",""[5668313224,21775477505,19521442769,0]"",""[54614862.34,1434.89,6039081.17,352925584.41,3204.66,0,10091.59,343991.52,0,0]"",""3987.929503496457"",""12769.65234375"",""[13389950976,19933143040,197234688,2838528,0,15896473600,0,13375737856,13384148992,0]"""
"gat-ogbn-products-saint-cpu-32-20-2-16-10-1024-[10, 10]-400000,""finished"",""-"",""jana-vatter"","""",""2023-12-14T23:31:08.000Z"",""41151"","""",""gat"",""1024"",""400000"",""2"",""ogbn-products"",""20"",""[10,10]"",""16"",""2"",""cpu"",""10"",""32"",""0.7920695543289185"",""saint"",""0.8224136829376221"",""14.511603880673649"",""41145.44014054909"",""129.79782226122916"",""1.0384173411779454"",""41000.56623508036"",""[643672.32,76266.31,0,0.04,0]"",""0.0020452048629522324"",""[5626056763,21407571564,19133765277,0]"",""[53404262.63,1431.7,5902945.44,351724026.12,3179.5,0,10068.44,335266.91,0,0]"",""2050.0275299466216"",""12856.4765625"",""[13480992768,20024623104,197226496,2838528,0,15987953664,0,13467131904,13475525632,0]"""
"gat-ogbn-products-saint-cpu-32-20-2-16-10-1024-[10, 10]-230000,""finished"",""-"",""jana-vatter"","""",""2023-12-14T18:24:02.000Z"",""18417"","""",""gat"",""1024"",""230000"",""2"",""ogbn-products"",""20"",""[10,10]"",""16"",""2"",""cpu"",""10"",""32"",""0.7925272583961487"",""saint"",""0.8173553347587585"",""11.970691584050655"",""18410.246451493353"",""138.5521436817944"",""1.1133055952546511"",""18259.185235850513"",""[325057.74,30306.38,0,0.04,0]"",""0.002023603767156601"",""[5593406470,21202438428,18921116251,0]"",""[52764267.04,1408.94,5827070.34,351127491.75,3166,0,10057.49,330642.73,0,0]"",""912.95871551577"",""12811.2421875"",""[13433561088,19972452352,198500352,2838528,0,15939932160,0,13420793856,13428990976,0]"""
"gat-ogbn-products-saint-cpu-32-20-2-16-10-1024-[10, 10]-100000,""finished"",""-"",""jana-vatter"","""",""2023-12-14T16:47:04.000Z"",""5810"","""",""gat"",""1024"",""100000"",""2"",""ogbn-products"",""20"",""[10,10]"",""16"",""2"",""cpu"",""10"",""32"",""0.7782933712005615"",""saint"",""0.7923055291175842"",""14.362507430836558"",""5804.802376976237"",""114.15230522677302"",""1.3680871027121273"",""5675.7498867902905"",""[119924.75,2232.32,0,0.04,0.29]"",""0.007519233971834183"",""[5570943418,21094863878,18814120681,0]"",""[52441010.62,1408.78,5796908.91,350893625.87,3160.32,0,10050.67,328341.33,0,0]"",""283.78697392707693"",""13768.30078125"",""[14437109760,20964941824,198455296,2838528,0,16938897408,0,14419771392,14428136448,0]"""
"gat-ogbn-products-shadow-cpu-32-20-2-16-10-1024-[50]-1000,""finished"",""-"",""jana-vatter"","""",""2023-12-13T11:48:39.000Z"",""104295"","""",""gat"",""1024"",""1000"",""2"",""ogbn-products"",""20"",""[50]"",""16"",""2"",""cpu"",""10"",""32"",""0.7660574913024902"",""shadow"",""0.8432112336158752"",""24.003540648147464"",""104289.85310984775"",""122.47333206608891"",""0.7884676975289775"",""104142.82025479151"",""[1498640.29,209399.11,0.01,0.03,0]"",""0.004603076726198196"",""[5559743311,21054275821,18774793645,0]"",""[52321573.21,1408.78,5794670.83,350829699.32,3158.57,0,10046.79,327636.61,0,0]"",""5207.1401411264205"",""12910.2890625"",""[13537419264,20409696256,197713920,2838528,0,16041103360,0,13520162816,13528648704,0]"""
"gat-ogbn-products-shadow-cpu-32-20-2-16-10-1024-[40]-1000,""finished"",""-"",""jana-vatter"","""",""2023-12-12T12:55:42.000Z"",""82369"","""",""gat"",""1024"",""1000"",""2"",""ogbn-products"",""20"",""[40]"",""16"",""2"",""cpu"",""10"",""32"",""0.7664614915847778"",""shadow"",""0.8440495729446411"",""15.532018415629864"",""82361.20689376816"",""129.2678860500455"",""0.7904622452864375"",""82215.84656504728"",""[1174782.93,163298.19,0.01,0.04,0]"",""0.0021141767501831055"",""[5507636326,20587757725,18276656275,0]"",""[50831837.62,1350.15,5586399.59,349201563.9,3121.54,0,9994.6,316755.33,0,0]"",""4110.79134772392"",""12751.265625"",""[13370671104,20012302336,196673536,2838528,0,15878881280,0,13357182976,13365623808,0]"""
"gat-ogbn-products-shadow-cpu-32-20-2-16-10-1024-[30]-1000,""finished"",""-"",""jana-vatter"","""",""2023-12-11T21:54:15.000Z"",""54079"","""",""gat"",""1024"",""1000"",""2"",""ogbn-products"",""20"",""[30]"",""16"",""2"",""cpu"",""10"",""32"",""0.7475729584693909"",""shadow"",""0.839968204498291"",""12.164918076246977"",""54073.173472324386"",""127.7345671094954"",""0.8074345134700518"",""53932.704568525776"",""[809594.3,118949.25,0.01,0.03,0]"",""0.002769138664007187"",""[5461123731,20215558880,17882674640,0]"",""[49664250.46,1346.74,5424041.66,347904824.04,3096.66,0,9955.88,307925.81,0,0]"",""2696.6343693191184"",""12762.08984375"",""[13382021120,19990142976,197718016,2838528,0,15922302976,0,13368352768,13376879616,0]"""
"gat-ogbn-products-shadow-cpu-32-20-2-16-10-1024-[20]-1000,""finished"",""-"",""jana-vatter"","""",""2023-12-11T13:48:23.000Z"",""29143"","""",""gat"",""1024"",""1000"",""2"",""ogbn-products"",""20"",""[20]"",""16"",""2"",""cpu"",""10"",""32"",""0.7404824495315552"",""shadow"",""0.8388255834579468"",""12.576274836435914"",""29138.312157092616"",""135.13548679836094"",""0.8352755898021046"",""28990.041205698624"",""[441363.22,66935.75,0,0.04,0]"",""0.001996193081140518"",""[5423299136,19950081459,17617604022,0]"",""[48859452.55,1339.43,5305752.43,347103416.52,3083.47,0,9922.92,301946.82,0,0]"",""1449.5013445125892"",""12789.109375"",""[13410353152,19991248896,196874240,2838528,0,15917690880,0,13396443136,13404854272,0]"""
"gat-ogbn-products-shadow-cpu-32-20-2-16-10-1024-[10]-1000,""finished"",""-"",""jana-vatter"","""",""2023-12-11T11:54:58.000Z"",""6796"","""",""gat"",""1024"",""1000"",""2"",""ogbn-products"",""20"",""[10]"",""16"",""2"",""cpu"",""10"",""32"",""0.7319292426109314"",""shadow"",""0.8263204097747803"",""11.666167229413986"",""6789.2596875317395"",""105.64253071136773"",""0.9748269183648064"",""6671.3998533617705"",""[138525.32,9441.49,0,0.04,0]"",""0.002321183681488037"",""[5389340396,19789954362,17468628653,0]"",""[48420714.28,1339.43,5239189.01,346679312.32,3077.25,0,9889.5,298466.52,0,0]"",""333.56954944171014"",""13161.64453125"",""[13800984576,20377776128,197980160,2838528,0,16303824896,0,13783900160,13792293888,0]"""
"gat-ogbn-products-cluster-cpu-32-20-2-16-3500-1024-[10, 10]-1000,""finished"",""-"",""jana-vatter"","""",""2023-12-11T11:27:43.000Z"",""1627"","""",""gat"",""1024"",""1000"",""2"",""ogbn-products"",""20"",""[10,10]"",""16"",""2"",""cpu"",""3500"",""32"",""0.15982307493686676"",""cluster"",""0.15843258798122406"",""11.89640219323337"",""1622.4741697981954"",""127.8391046654433"",""4.77947461605072"",""1352.8112182263285"",""[22915.68,3862.89,0.01,0.53,0]"",""129.38875770568848"",""[5372002759,19732423442,17418523815,0]"",""[48282858.14,1328.66,5229773.25,346609821.81,3075.56,0,9853.3,297629.52,0,0]"",""67.64019971601665"",""12672.33203125"",""[13287903232,19867414528,198799360,2838528,0,15792144384,0,13272985600,13281420288,0]"""
"gat-ogbn-products-cluster-cpu-32-20-2-16-5000-1024-[10, 10]-1000,""finished"",""-"",""jana-vatter"","""",""2023-12-11T11:00:10.000Z"",""1644"","""",""gat"",""1024"",""1000"",""2"",""ogbn-products"",""20"",""[10,10]"",""16"",""2"",""cpu"",""5000"",""32"",""0.21799057722091675"",""cluster"",""0.21314610540866852"",""12.2787582334131"",""1639.38701727055"",""126.02634485065936"",""4.552698612213135"",""1332.2974021099508"",""[22114.44,3833.34,0.02,0.52,0]"",""168.23760266415775"",""[5370378519,19723856562,17410751369,0]"",""[48260069.48,1328.66,5225926.68,346584275.73,3070.8,0,9852.29,297456.81,0,0]"",""66.61449040435255"",""12673.375"",""[13288996864,19867381760,199544832,2838528,0,15792111616,0,13273944064,13282255872,0]"""
"gat-ogbn-products-cluster-cpu-32-20-2-16-6000-1024-[10, 10]-1000,""finished"",""-"",""jana-vatter"","""",""2023-12-11T10:33:42.000Z"",""1579"","""",""gat"",""1024"",""1000"",""2"",""ogbn-products"",""20"",""[10,10]"",""16"",""2"",""cpu"",""6000"",""32"",""0.29098033905029297"",""cluster"",""0.28928935527801514"",""10.852561993524432"",""1573.512196334079"",""128.74086623825133"",""4.556598901748657"",""1295.41918499209"",""[21687.68,3588.58,0.01,0.54,0]"",""137.9609593078494"",""[5368610642,19715355692,17403035892,0]"",""[48238084.61,1328.66,5222110.72,346557366.96,3066.07,0,9851.38,297281.54,0,0]"",""64.7705776466988"",""12664.0078125"",""[13279174656,19859881984,198914048,2838528,0,15784611840,0,13265764352,13274115072,0]"""
"gat-ogbn-products-cluster-cpu-32-20-2-16-10000-1024-[10, 10]-1000,""finished"",""-"",""jana-vatter"","""",""2023-12-11T10:08:32.000Z"",""1502"","""",""gat"",""1024"",""1000"",""2"",""ogbn-products"",""20"",""[10,10]"",""16"",""2"",""cpu"",""10000"",""32"",""0.4406551718711853"",""cluster"",""0.4467521607875824"",""5.776397889479995"",""1497.110349677503"",""127.88917013444006"",""3.4131792306900026"",""1150.315720209852"",""[21216.45,3133.54,0.02,0.55,0]"",""212.58711318299177"",""[5366589326,19706844092,17395512657,0]"",""[48216517.99,1328.66,5218537.03,346531915.47,3061.15,0,9850.49,297103.23,0,0]"",""57.5154246523045"",""12734.5859375"",""[13353181184,19932831744,199213056,2838528,0,15857561600,0,13339041792,13347300352,0]"""
"gat-ogbn-products-cluster-cpu-32-20-2-16-25000-1024-[10, 10]-1000,""finished"",""-"",""jana-vatter"","""",""2023-12-11T09:45:41.000Z"",""1363"","""",""gat"",""1024"",""1000"",""2"",""ogbn-products"",""20"",""[10,10]"",""16"",""2"",""cpu"",""25000"",""32"",""0.7140971422195435"",""cluster"",""0.700859785079956"",""11.544058166444302"",""1357.8302221614867"",""110.7173355575651"",""2.2710552978515626"",""902.833088196814"",""[20798.33,1366.01,0.02,0.86,0]"",""332.2129992172122"",""[5364221329,19698186150,17387973910,0]"",""[48195416.92,1328.66,5215415.29,346507952.72,3053.63,0,9849.87,296934.36,0,0]"",""45.14129294734448"",""13243.265625"",""[13886570496,20488347648,199659520,2838528,0,16413069312,0,13869772800,13878213632,0]"""
"gat-ogbn-products-labor-cpu-32-20-2-16-10-1024-[50]-1000,""finished"",""-"",""jana-vatter"","""",""2023-12-11T07:46:40.000Z"",""7132"","""",""gat"",""1024"",""1000"",""2"",""ogbn-products"",""20"",""[50]"",""16"",""2"",""cpu"",""10"",""32"",""0.6608806252479553"",""labor"",""0.8358467221260071"",""11.629212003201246"",""7124.768938340247"",""121.09689575061202"",""0.8171235705904393"",""6991.362263074145"",""[130301.84,21728.46,0.01,0.03,0]"",""0.002470972016453743"",""[5361549978,19689579212,17380622488,0]"",""[48174724.65,1328.66,5214049.72,346486210.26,3048.56,0,9848.81,296801.02,0,0]"",""349.5676595998928"",""13057.578125"",""[13691863040,32932540416,197214208,2838528,0,16313823232,0,13674426368,13682921472,0]"""
"gat-ogbn-products-labor-cpu-32-20-2-16-10-1024-[40]-1000,""finished"",""-"",""jana-vatter"","""",""2023-12-11T06:16:15.000Z"",""5416"","""",""gat"",""1024"",""1000"",""2"",""ogbn-products"",""20"",""[40]"",""16"",""2"",""cpu"",""10"",""32"",""0.6750874519348145"",""labor"",""0.8490450978279114"",""11.801105108112097"",""5410.882377767935"",""116.6358099039644"",""0.745626205298567"",""5281.898831430823"",""[103875.9,15323.79,0,0.04,0]"",""0.002548998221755028"",""[5346069298,19634022127,17333727938,0]"",""[48045163.81,1328.66,5192434.89,346409958.67,3046.94,0,9833.4,295847.75,0,0]"",""264.0944346776232"",""13749.80859375"",""[14417719296,33022676992,197378048,2838528,0,17077006336,0,14400495616,14408950784,0]"""
"gat-ogbn-products-labor-cpu-32-20-2-16-10-1024-[30]-1000,""finished"",""-"",""jana-vatter"","""",""2023-12-11T05:12:06.000Z"",""3840"","""",""gat"",""1024"",""1000"",""2"",""ogbn-products"",""20"",""[30]"",""16"",""2"",""cpu"",""10"",""32"",""0.679665207862854"",""labor"",""0.8447219133377075"",""11.86915715225041"",""3833.978770967573"",""122.5865543168038"",""0.7608902275253454"",""3698.980793802067"",""[73034.34,10131.29,0,0.04,0]"",""0.0024603046476840973"",""[5331637024,19588081289,17294448230,0]"",""[47941818.49,1328.66,5177179.17,346355694.27,3045.92,0,9818.21,295064.73,0,0]"",""184.94856001818553"",""13029.64453125"",""[13662572544,32862994432,198262784,2838528,0,16320696320,0,13648785408,13657020416,0]"""
"gat-ogbn-products-labor-cpu-32-20-2-16-10-1024-[20]-1000,""finished"",""-"",""jana-vatter"","""",""2023-12-11T04:33:05.000Z"",""2333"","""",""gat"",""1024"",""1000"",""2"",""ogbn-products"",""20"",""[20]"",""16"",""2"",""cpu"",""10"",""32"",""0.6903846263885498"",""labor"",""0.8518678545951843"",""6.003908121958375"",""2329.4093888625503"",""129.2182562686503"",""0.7762349655591144"",""2193.63057920523"",""[47255.85,6004.09,0,0.04,0]"",""0.0023390688002109528"",""[5320744538,19553461325,17266606502,0]"",""[47869155.07,1325.63,5167090.48,346315905.74,3045.2,0,9803.91,294585.65,0,0]"",""109.68094674767926"",""13297.1953125"",""[13943119872,32725671936,196870144,2838528,0,16660807680,0,13928603648,13937093632,0]"""
"gat-ogbn-products-labor-cpu-32-20-2-16-10-1024-[10]-1000,""finished"",""-"",""jana-vatter"","""",""2023-12-11T04:13:30.000Z"",""1167"","""",""gat"",""1024"",""1000"",""2"",""ogbn-products"",""20"",""[10]"",""16"",""2"",""cpu"",""10"",""32"",""0.6827604174613953"",""labor"",""0.8382371664047241"",""12.198181059211493"",""1161.244659980759"",""125.8085020892322"",""1.0193245432537454"",""1022.7319861259311"",""[28409.85,944.51,0.01,0.03,0]"",""0.0028510279953479767"",""[5311654412,19527448836,17247764563,0]"",""[47822154.76,1325.63,5161111.77,346294293.07,3044.76,0,9788.72,294311.48,0,0]"",""51.136168357543646"",""14023.18359375"",""[14704373760,32647450624,197935104,2838528,0,17448435712,0,14689898496,14698117120,0]"""
"gat-ogbn-products-neighbor-cpu-32-20-2-16-10-1024-[50]-1000,""finished"",""-"",""jana-vatter"","""",""2023-12-11T02:09:58.000Z"",""7404"","""",""gat"",""1024"",""1000"",""2"",""ogbn-products"",""20"",""[50]"",""16"",""2"",""cpu"",""10"",""32"",""0.6818937659263611"",""neighbor"",""0.8535208106040955"",""12.370679315179586"",""7398.384441189468"",""110.02589016221464"",""0.6581431491387323"",""7275.450971562415"",""[151987.19,25846.73,0,0.04,0]"",""0.0029430165886878967"",""[5305730140,19511198734,17236327619,0]"",""[47793870.16,1325.63,5160164.22,346286084.39,3044.55,0,9774.85,294164.59,0,0]"",""363.7720167818479"",""16230.703125"",""[17019125760,33256906752,197570560,2838528,0,19691118592,0,17002045440,17010520064,0]"""
"gat-ogbn-products-neighbor-cpu-32-20-2-16-10-1024-[40]-1000,""finished"",""-"",""jana-vatter"","""",""2023-12-11T00:27:40.000Z"",""6129"","""",""gat"",""1024"",""1000"",""2"",""ogbn-products"",""20"",""[40]"",""16"",""2"",""cpu"",""10"",""32"",""0.66380774974823"",""neighbor"",""0.8400681614875793"",""12.561027087271214"",""6124.09794555977"",""122.43176005221903"",""0.7584804639297446"",""5988.563885549083"",""[123603.89,21324.45,0,0.04,0]"",""0.002508658915758133"",""[5287043198,19448277811,17181301146,0]"",""[47642674.97,1325.63,5134442.08,346226930.36,3043.39,0,9755.81,293018.21,0,0]"",""299.4276459868066"",""15628.40625"",""[16387571712,33008726016,198250496,2838528,0,19054088192,0,16370782208,16379216896,0]"""
"gat-ogbn-products-neighbor-cpu-32-20-2-16-10-1024-[30]-1000,""finished"",""-"",""jana-vatter"","""",""2023-12-10T23:11:11.000Z"",""4580"","""",""gat"",""1024"",""1000"",""2"",""ogbn-products"",""20"",""[30]"",""16"",""2"",""cpu"",""10"",""32"",""0.6684189438819885"",""neighbor"",""0.8448490500450134"",""13.438437331467869"",""4575.099365962669"",""119.18491251207888"",""0.7621212992334613"",""4441.917435027659"",""[95325.83,14444.73,0,0.04,0]"",""0.002350214868783951"",""[5269522806,19393599654,17134151276,0]"",""[47519713.21,1325.63,5113218.71,346175636.59,3042.4,0,9737.47,292104.28,0,0]"",""222.0954042412341"",""15354.984375"",""[16100868096,32908263424,197881856,2838528,0,18806427648,0,16084267008,16092715008,0]"""
"gat-ogbn-products-neighbor-cpu-32-20-2-16-10-1024-[20]-1000,""finished"",""-"",""jana-vatter"","""",""2023-12-10T22:24:58.000Z"",""2765"","""",""gat"",""1024"",""1000"",""2"",""ogbn-products"",""20"",""[20]"",""16"",""2"",""cpu"",""10"",""32"",""0.6898857951164246"",""neighbor"",""0.8576914072036743"",""11.36996286548674"",""2759.735418267548"",""131.7830428890884"",""0.7231343077408835"",""2616.051508979872"",""[60576.38,8726.26,0,0.04,0]"",""0.0022237226366996765"",""[5254212716,19350459280,17096921549,0]"",""[47424955.56,1325.63,5098850.83,346138704.83,3041.73,0,9715.47,291294.8,0,0]"",""130.80209446623925"",""14889.99609375"",""[15613292544,32776478720,198373376,2838528,0,18375303168,0,15599738880,15608257536,0]"""
"gat-ogbn-products-neighbor-cpu-32-20-2-16-10-1024-[10]-1000,""finished"",""-"",""jana-vatter"","""",""2023-12-10T22:00:09.000Z"",""1480"","""",""gat"",""1024"",""1000"",""2"",""ogbn-products"",""20"",""[10]"",""16"",""2"",""cpu"",""10"",""32"",""0.6814292669296265"",""neighbor"",""0.8384152054786682"",""13.895838733762504"",""1473.8997541647404"",""130.92970784567297"",""0.9826911771235688"",""1328.5291634816676"",""[35363.75,3885.97,0,0.04,0]"",""0.002394508570432663"",""[5242570389,19319280419,17072519988,0]"",""[47364716.59,1325.51,5090164.58,346119323.99,3041.17,0,9693.29,290874.61,0,0]"",""66.42602326404304"",""14050.96484375"",""[14733504512,32681279488,197619712,2838528,0,17459449856,0,14720081920,14728496128,0]"""
"gat-ogbn-products-saint-cpu-32-20-2-16-10-1024-[10, 10]-800000,""finished"",""-"",""jana-vatter"","""",""2023-12-09T20:13:13.000Z"",""92807"","""",""gat"",""1024"",""800000"",""1"",""ogbn-products"",""20"",""[10,10]"",""16"",""2"",""cpu"",""10"",""32"",""0.8004022240638733"",""saint"",""0.8306105136871338"",""14.235144017264249"",""92800.73022459076"",""135.03516700305045"",""0.9385938215132203"",""92650.91389633717"",""[1410190,153213.91,0.01,0.04,0]"",""0.002357352524995804"",""[5232725269,19297460264,17057000939,0]"",""[47329500.08,1325.51,5086287.83,346110975.86,3040.9,0,9662.37,290650.89,0,0]"",""4632.544915461913"",""12769.83984375"",""[13390147584,19931193344,197988352,2838528,0,15894528000,0,13374541824,13382994944,0]"""
"gat-ogbn-products-saint-cpu-32-20-2-16-10-1024-[10, 10]-700000,""finished"",""-"",""jana-vatter"","""",""2023-12-08T22:28:22.000Z"",""78282"","""",""gat"",""1024"",""700000"",""1"",""ogbn-products"",""20"",""[10,10]"",""16"",""2"",""cpu"",""10"",""32"",""0.7968041300773621"",""saint"",""0.8266070485115051"",""11.722157089039683"",""78277.29474814422"",""126.9179032407701"",""0.9553504632544642"",""78137.94271618314"",""[1213541.81,132255.51,0,0.05,0]"",""0.0021722037345170975"",""[5186305655,18875437297,16608437203,0]"",""[45928124.67,1319.16,4933946.14,344705625.13,3015.74,0,9632.54,279973.23,0,0]"",""3906.896397214383"",""12861.48046875"",""[13486239744,20028747776,198279168,2838528,0,15992082432,0,13472677888,13481049088,0]"""
"gat-ogbn-products-saint-cpu-32-20-2-16-10-1024-[10, 10]-400000,""finished"",""-"",""jana-vatter"","""",""2023-12-08T11:10:31.000Z"",""40663"","""",""gat"",""1024"",""400000"",""1"",""ogbn-products"",""20"",""[10,10]"",""16"",""2"",""cpu"",""10"",""32"",""0.7986201047897339"",""saint"",""0.8268528580665588"",""11.880294743925331"",""40657.40952137299"",""131.0505376830697"",""1.010318036524125"",""40513.87590377219"",""[638812.19,75859,0,0.04,0]"",""0.007774954661726952"",""[5144353035,18509960794,16241315145,0]"",""[44721621.93,1306.34,4802384.55,343547225.07,2992.64,0,9610.68,271474.53,0,0]"",""2025.693091867864"",""12820.54296875"",""[13443313664,19985698816,198238208,2838528,0,15949078528,0,13429313536,13437755392,0]"""
"gat-ogbn-products-saint-cpu-32-20-2-16-10-1024-[10, 10]-230000,""finished"",""-"",""jana-vatter"","""",""2023-12-08T06:07:10.000Z"",""18192"","""",""gat"",""1024"",""230000"",""1"",""ogbn-products"",""20"",""[10,10]"",""16"",""2"",""cpu"",""10"",""32"",""0.7866002917289734"",""saint"",""0.8125393390655518"",""10.754951624199748"",""18186.664608661085"",""111.07766340486704"",""1.1395669273761888"",""18064.28244620934"",""[322939.04,29021.51,0,0.04,0]"",""0.002597643062472343"",""[5111810927,18306236009,16043935360,0]"",""[44086592.66,1306.34,4726940.82,342961034.65,2978.6,0,9599.65,266738.13,0,0]"",""903.213553602621"",""13529.78515625"",""[14187008000,20722311168,197910528,2838528,0,16689799168,0,14169804800,14178282496,0]"""
"gat-ogbn-products-saint-cpu-32-20-2-16-10-1024-[10, 10]-100000,""finished"",""-"",""jana-vatter"","""",""2023-12-08T04:26:57.000Z"",""6005"","""",""gat"",""1024"",""100000"",""1"",""ogbn-products"",""20"",""[10,10]"",""16"",""2"",""cpu"",""10"",""32"",""0.77472323179245"",""saint"",""0.7907161116600037"",""15.435131523758171"",""6000.080359579995"",""109.9648043513298"",""1.3731025321495964"",""5874.13489799574"",""[119410.18,5785.83,0,0.04,0]"",""0.002578301355242729"",""[5089286406,18199700737,15941969907,0]"",""[43765429.74,1306.34,4698056.75,342730922.86,2974.26,0,9593.65,264388.96,0,0]"",""293.70631823334844"",""13493.03125"",""[14148468736,20676804608,198017024,2838528,0,16650756096,0,14130720768,14137920512,0]"""
"gat-ogbn-products-shadow-cpu-32-20-2-16-10-1024-[50]-1000,""finished"",""-"",""jana-vatter"","""",""2023-12-06T23:46:51.000Z"",""103197"","""",""gat"",""1024"",""1000"",""1"",""ogbn-products"",""20"",""[50]"",""16"",""2"",""cpu"",""10"",""32"",""0.7698264718055725"",""shadow"",""0.8441115617752075"",""15.959476763382554"",""103190.91795524582"",""126.6701484657824"",""0.7796057147683257"",""103047.74016729183"",""[1487165.89,208089.15,0,0.04,0]"",""0.002426546066999435"",""[5076386567,18155958515,15901760069,0]"",""[43646611.89,1264.51,4692270.69,342663875.22,2971.89,0,9589.79,263603.83,0,0]"",""5152.386247792374"",""12891.65625"",""[13517881344,20271288320,197775360,2838528,0,16024588288,0,13504020480,13511247872,0]"""
"gat-ogbn-products-shadow-cpu-32-20-2-16-10-1024-[40]-1000,""finished"",""-"",""jana-vatter"","""",""2023-12-06T01:03:39.000Z"",""81783"","""",""gat"",""1024"",""1000"",""1"",""ogbn-products"",""20"",""[40]"",""16"",""2"",""cpu"",""10"",""32"",""0.7676963806152344"",""shadow"",""0.8460091352462769"",""26.704780969768763"",""81778.7885811273"",""134.17301540449262"",""0.7726668341789839"",""81617.35082605667"",""[1170848.87,167748.75,0,0.03,0]"",""0.0020339936017990112"",""[5025749405,17692851780,15439865292,0]"",""[42168424.98,1239.15,4485359.01,341058028.45,2943.53,0,9541.69,252731.18,0,0]"",""4080.866693259776"",""12814.64453125"",""[13437128704,20010967040,197697536,2838528,0,15943458816,0,13423185920,13430264832,0]"""
"gat-ogbn-products-shadow-cpu-32-20-2-16-10-1024-[30]-1000,""finished"",""-"",""jana-vatter"","""",""2023-12-05T09:59:07.000Z"",""54263"","""",""gat"",""1024"",""1000"",""1"",""ogbn-products"",""20"",""[30]"",""16"",""2"",""cpu"",""10"",""32"",""0.7542938590049744"",""shadow"",""0.8394796848297119"",""11.860314257442951"",""54258.55492629297"",""125.60553024150433"",""0.8135780966961322"",""54120.53665529378"",""[805828.75,119996.47,0,0.04,0]"",""0.0021722223609685898"",""[4973180285,17315770462,15004570076,0]"",""[41004565.2,1224.14,4318557.31,339780574.96,2921.59,0,9480.79,244085.46,0,0]"",""2706.025895738509"",""12623.6796875"",""[13236887552,19815952384,197562368,2838528,0,15742394368,0,13221728256,13229015040,0]"""
"gat-ogbn-products-shadow-cpu-32-20-2-16-10-1024-[20]-1000,""finished"",""-"",""jana-vatter"","""",""2023-12-05T01:55:31.000Z"",""29008"","""",""gat"",""1024"",""1000"",""1"",""ogbn-products"",""20"",""[20]"",""16"",""2"",""cpu"",""10"",""32"",""0.738857090473175"",""shadow"",""0.8365702033042908"",""11.675255311653018"",""29000.953549697995"",""136.36099703982472"",""0.8423634782973967"",""28852.074304178357"",""[440834.64,66155.62,0,0.04,0]"",""0.0022845957428216934"",""[4932617719,17048690126,14731340070,0]"",""[40203752.67,1224.02,4199270.71,338970485.45,2906.21,0,9438.41,237881.04,0,0]"",""1442.6031037257983"",""12769.95703125"",""[13390270464,20276834304,197808128,2838528,0,15895179264,0,13374545920,13381862400,0]"""
"gat-ogbn-products-shadow-cpu-32-20-2-16-10-1024-[10]-1000,""finished"",""-"",""jana-vatter"","""",""2023-12-05T00:04:07.000Z"",""6676"","""",""gat"",""1024"",""1000"",""1"",""ogbn-products"",""20"",""[10]"",""16"",""2"",""cpu"",""10"",""32"",""0.7319441437721252"",""shadow"",""0.8266284465789795"",""9.550883296877146"",""6671.1567140277475"",""108.33135215565562"",""0.974062570944969"",""6552.719415117055"",""[137336.72,9343.45,0,0.04,0]"",""0.0021450165659189224"",""[4899302152,16888822813,14585829706,0]"",""[39765570.49,1211.96,4133483.18,338549543.28,2898.97,0,9407.98,234448.46,0,0]"",""327.6353578380309"",""13416.9921875"",""[14068736000,20642963456,197357568,2838528,0,16571809792,0,14051299328,14058400768,0]"""
"gat-ogbn-products-cluster-cpu-32-20-2-16-3500-1024-[10, 10]-1000,""finished"",""-"",""jana-vatter"","""",""2023-12-04T23:36:49.000Z"",""1630"","""",""gat"",""1024"",""1000"",""1"",""ogbn-products"",""20"",""[10,10]"",""16"",""2"",""cpu"",""3500"",""32"",""0.19501367211341855"",""cluster"",""0.19511201977729797"",""11.603845983743668"",""1623.126627156511"",""132.36350535228848"",""4.767872095108032"",""1353.0658276397735"",""[22944.46,3835.63,0.01,0.56,0]"",""125.57711390964688"",""[4882728814,16831991936,14539379073,0]"",""[39628923.19,1211.96,4124171.3,338482441.74,2897.42,0,9373.1,233603.42,0,0]"",""67.65291739022359"",""12751.54296875"",""[13370961920,19951202304,199364608,2838528,0,15875932160,0,13357096960,13364400128,0]"""
"gat-ogbn-products-cluster-cpu-32-20-2-16-5000-1024-[10, 10]-1000,""finished"",""-"",""jana-vatter"","""",""2023-12-04T23:09:19.000Z"",""1642"","""",""gat"",""1024"",""1000"",""1"",""ogbn-products"",""20"",""[10,10]"",""16"",""2"",""cpu"",""5000"",""32"",""0.2536492943763733"",""cluster"",""0.2535596787929535"",""12.0747902225703"",""1637.9047141596675"",""136.6242901366204"",""4.660629463195801"",""1320.5760043580085"",""[22419.88,3836.76,0.01,0.53,0]"",""168.0791201237589"",""[4881093201,16823422649,14531745019,0]"",""[39606116.94,1211.96,4120353.98,338456940.93,2894.85,0,9371.98,233423.74,0,0]"",""66.02837430471554"",""12757.625"",""[13377339392,19956494336,199254016,2838528,0,15881224192,0,13362331648,13369456640,0]"""
"gat-ogbn-products-cluster-cpu-32-20-2-16-6000-1024-[10, 10]-1000,""finished"",""-"",""jana-vatter"","""",""2023-12-04T22:43:00.000Z"",""1571"","""",""gat"",""1024"",""1000"",""1"",""ogbn-products"",""20"",""[10,10]"",""16"",""2"",""cpu"",""6000"",""32"",""0.3714998662471771"",""cluster"",""0.37475425004959106"",""11.212335623800756"",""1565.6572105977684"",""133.10649974271655"",""4.0592901309331255"",""1279.1135954987258"",""[21703.06,3648.9,0.02,0.54,0]"",""141.69203560613096"",""[4879142973,16814753162,14524200512,0]"",""[39583840.45,1211.96,4116536.54,338430401.89,2890.21,0,9370.99,233239.18,0,0]"",""63.95530188977718"",""12689.68359375"",""[13306097664,19885821952,198156288,2838528,0,15810551808,0,13290291200,13297615872,0]"""
"gat-ogbn-products-cluster-cpu-32-20-2-16-10000-1024-[10, 10]-1000,""finished"",""-"",""jana-vatter"","""",""2023-12-04T22:18:26.000Z"",""1466"","""",""gat"",""1024"",""1000"",""1"",""ogbn-products"",""20"",""[10,10]"",""16"",""2"",""cpu"",""10000"",""32"",""0.4772017896175385"",""cluster"",""0.48220252990722656"",""4.884889738634229"",""1460.6101394165307"",""127.84727529995143"",""3.1930723905563356"",""1114.0430724378675"",""[21023.16,3160.23,0.02,0.56,0]"",""213.2759076040238"",""[4877188379,16806242590,14516652816,0]"",""[39562261.93,1211.78,4112902.92,338405270.16,2885.57,0,9370.13,233060.24,0,0]"",""55.70180043978617"",""12748.296875"",""[13367558144,19948212224,199081984,2838528,0,15872942080,0,13353586688,13360901120,0]"""
"gat-ogbn-products-cluster-cpu-32-20-2-16-25000-1024-[10, 10]-1000,""finished"",""-"",""jana-vatter"","""",""2023-12-04T21:55:42.000Z"",""1356"","""",""gat"",""1024"",""1000"",""1"",""ogbn-products"",""20"",""[10,10]"",""16"",""2"",""cpu"",""25000"",""32"",""0.698634147644043"",""cluster"",""0.683677077293396"",""11.768753426149487"",""1351.7750777602196"",""104.96745484136044"",""2.4349012088775637"",""903.3339171521366"",""[20575.74,1363.11,0.03,0.82,0]"",""331.1680899709463"",""[4875070652,16797761247,14509404495,0]"",""[39541328.32,1211.78,4109751.05,338382334.99,2879.1,0,9369.01,232925.05,0,0]"",""45.16636607144028"",""13288.6640625"",""[13934174208,20510093312,199892992,2838528,0,16434823168,0,13916852224,13923931136,0]"""
"gat-ogbn-products-labor-cpu-32-20-2-16-10-1024-[50]-1000,""finished"",""-"",""jana-vatter"","""",""2023-12-04T19:59:30.000Z"",""6963"","""",""gat"",""1024"",""1000"",""1"",""ogbn-products"",""20"",""[50]"",""16"",""2"",""cpu"",""10"",""32"",""0.6710166931152344"",""labor"",""0.8483330607414246"",""11.724860278889537"",""6957.605357693508"",""113.16161891631782"",""0.720499280512024"",""6832.144485566765"",""[129012.82,21376.41,0,0.04,0]"",""0.0023518409579992294"",""[4872461256,16789249507,14502466722,0]"",""[39520842.62,1211.78,4108387.21,338360628.86,2874.06,0,9367.99,232802.69,0,0]"",""341.60672888746484"",""13331.34765625"",""[13978931200,32984977408,198344704,2838528,0,16593694720,0,13961506816,13968799744,0]"""
"gat-ogbn-products-labor-cpu-32-20-2-16-10-1024-[40]-1000,""finished"",""-"",""jana-vatter"","""",""2023-12-04T18:27:55.000Z"",""5487"","""",""gat"",""1024"",""1000"",""1"",""ogbn-products"",""20"",""[40]"",""16"",""2"",""cpu"",""10"",""32"",""0.675780177116394"",""labor"",""0.8475955724716187"",""11.855754239484668"",""5482.0715438611805"",""117.47980689629912"",""0.7242896488911129"",""5352.162228316069"",""[103677.54,15929.1,0,0.03,0]"",""0.002340652048587799"",""[4858149615,16734746579,14458706621,0]"",""[39392566.46,1211.78,4087122.59,338288116.19,2872.69,0,9353.56,231926.65,0,0]"",""267.60759353497997"",""13235.53515625"",""[13878464512,33002319872,196952064,2838528,0,16519876608,0,13865009152,13872216064,0]"""
"gat-ogbn-products-labor-cpu-32-20-2-16-10-1024-[30]-1000,""finished"",""-"",""jana-vatter"","""",""2023-12-04T17:23:42.000Z"",""3844"","""",""gat"",""1024"",""1000"",""1"",""ogbn-products"",""20"",""[30]"",""16"",""2"",""cpu"",""10"",""32"",""0.6782581210136414"",""labor"",""0.8506472110748291"",""12.031137220561504"",""3837.645663015544"",""122.63574184477328"",""0.70737409412166"",""3702.4399989508097"",""[74270.93,9581.12,0,0.04,0]"",""0.0025406815111637115"",""[4843434411,16687971269,14422829238,0]"",""[39289398.79,1211.78,4071261.85,338231973.43,2871.39,0,9338.68,231145.69,0,0]"",""185.1214630894363"",""13700.8125"",""[14366343168,32950681600,197926912,2838528,0,17095806976,0,14349320192,14355735552,0]"""
"gat-ogbn-products-labor-cpu-32-20-2-16-10-1024-[20]-1000,""finished"",""-"",""jana-vatter"","""",""2023-12-04T16:44:14.000Z"",""2360"","""",""gat"",""1024"",""1000"",""1"",""ogbn-products"",""20"",""[20]"",""16"",""2"",""cpu"",""10"",""32"",""0.6842036843299866"",""labor"",""0.8488670587539673"",""6.753657143563032"",""2354.497354224324"",""131.21751946769655"",""0.7986465467072521"",""2215.9829278793186"",""[48195.62,5690.09,0,0.04,0]"",""0.002404347062110901"",""[4831952978,16653040136,14397173124,0]"",""[39215475.54,1211.78,4061717.21,338192680.58,2870.28,0,9324.04,230629.86,0,0]"",""110.79862545244396"",""13462.5703125"",""[14116528128,32698056704,197660672,2838528,0,16850792448,0,14102396928,14109061120,0]"""
"gat-ogbn-products-labor-cpu-32-20-2-16-10-1024-[10]-1000,""finished"",""-"",""jana-vatter"","""",""2023-12-04T16:24:27.000Z"",""1179"","""",""gat"",""1024"",""1000"",""1"",""ogbn-products"",""20"",""[10]"",""16"",""2"",""cpu"",""10"",""32"",""0.6773070096969604"",""labor"",""0.8319050073623657"",""11.842630371451378"",""1173.781396303326"",""123.93768710456789"",""1.0545656716576512"",""1037.4630629662424"",""[29032.74,783.43,0,0.03,0]"",""0.008069979026913643"",""[4822172765,16626540720,14378984975,0]"",""[39167528.22,1211.78,4056049.35,338170888.35,2869.81,0,9309.96,230328.67,0,0]"",""51.872690088767555"",""13786.82421875"",""[14456532992,32780705792,197529600,2838528,0,17213210624,0,14443401216,14449816576,0]"""
"gat-ogbn-products-neighbor-cpu-32-20-2-16-10-1024-[50]-1000,""finished"",""-"",""jana-vatter"","""",""2023-12-04T14:15:19.000Z"",""7740"","""",""gat"",""1024"",""1000"",""1"",""ogbn-products"",""20"",""[50]"",""16"",""2"",""cpu"",""10"",""32"",""0.6662871241569519"",""neighbor"",""0.8404241800308228"",""11.654889499768617"",""7734.140072356909"",""117.17449505254626"",""0.7596735923401432"",""7604.752187876031"",""[154381.21,26753.36,0,0.03,0]"",""0.0024954788386821747"",""[4815916459,16610117407,14367768951,0]"",""[39138653.25,1211.78,4055263.1,338162782.6,2869.62,0,9296.19,230190.74,0,0]"",""380.2371690697968"",""15684.12890625"",""[16446001152,32985989120,197468160,2838528,0,19191115776,0,16432381952,16438957056,0]"""
"gat-ogbn-products-neighbor-cpu-32-20-2-16-10-1024-[40]-1000,""finished"",""-"",""jana-vatter"","""",""2023-12-04T12:34:12.000Z"",""6059"","""",""gat"",""1024"",""1000"",""1"",""ogbn-products"",""20"",""[40]"",""16"",""2"",""cpu"",""10"",""32"",""0.6573778390884399"",""neighbor"",""0.8355669975280762"",""11.748729782178998"",""6055.108298791572"",""118.24092418141664"",""0.7984107278789263"",""5924.473107768223"",""[123074.04,21015.01,0.01,0.03,0]"",""0.0019529424607753751"",""[4796779745,16545327958,14314897012,0]"",""[38985231.18,1211.78,4028662.01,338096213.94,2867.96,0,9278.25,228866.91,0,0]"",""296.22365346392615"",""15333.1953125"",""[16078020608,32930758656,197795840,2838528,0,18759221248,0,16060293120,16066814976,0]"""
"gat-ogbn-products-neighbor-cpu-32-20-2-16-10-1024-[30]-1000,""finished"",""-"",""jana-vatter"","""",""2023-12-04T11:24:34.000Z"",""4169"","""",""gat"",""1024"",""1000"",""1"",""ogbn-products"",""20"",""[30]"",""16"",""2"",""cpu"",""10"",""32"",""0.6858059763908386"",""neighbor"",""0.8554535508155823"",""17.0369412060827"",""4166.447481391951"",""128.67956891842186"",""0.6989316106460255"",""4020.195848504082"",""[89717.43,14318.03,0,0.04,0]"",""0.0021781902760267258"",""[4780052055,16490925501,14271175594,0]"",""[38862834.12,1211.78,4007748.17,338046334.61,2866.56,0,9261.31,227951.72,0,0]"",""201.00979053899647"",""15079.2734375"",""[15811764224,32703770624,196927488,2838528,0,18526593024,0,15797809152,15804138496,0]"""
"gat-ogbn-products-neighbor-cpu-32-20-2-16-10-1024-[20]-1000,""finished"",""-"",""jana-vatter"","""",""2023-12-04T10:40:35.000Z"",""2630"","""",""gat"",""1024"",""1000"",""1"",""ogbn-products"",""20"",""[20]"",""16"",""2"",""cpu"",""10"",""32"",""0.6800443530082703"",""neighbor"",""0.8451796770095825"",""10.100248811766503"",""2625.55808486417"",""128.6299112457782"",""0.8207705647834225"",""2486.2619909662753"",""[58575.02,9084.43,0,0.04,0]"",""0.00275304913520813"",""[4767430074,16450135331,14238836125,0]"",""[38773581.45,1211.78,3993491.88,338016766.13,2865.81,0,9242.56,227340.96,0,0]"",""124.31309770746157"",""14243.578125"",""[14935474176,32757719040,197632000,2838528,0,17644949504,0,14922027008,14928429056,0]"""
"gat-ogbn-products-neighbor-cpu-32-20-2-16-10-1024-[10]-1000,""finished"",""-"",""jana-vatter"","""",""2023-12-04T10:17:52.000Z"",""1354"","""",""gat"",""1024"",""1000"",""1"",""ogbn-products"",""20"",""[10]"",""16"",""2"",""cpu"",""10"",""32"",""0.6803863644599915"",""neighbor"",""0.8410090804100037"",""17.181154023855925"",""1350.1492331288755"",""132.93774618767202"",""0.990153035660482"",""1199.4997090939432"",""[33293.65,3872.47,0,0.04,0.28]"",""0.003073040395975113"",""[4757626749,16420061028,14216067416,0]"",""[38715240.03,1211.78,3984435.01,338000079.89,2865.44,0,9218.2,226954.62,0,0]"",""59.97498345868662"",""13923.15625"",""[14599487488,32586612736,198299648,2838528,0,17331101696,0,14584856576,14591364096,0]"""
