"Name,""State"",""Notes"",""User"",""Tags"",""Created"",""Runtime"",""Sweep"",""architecture"",""batch_size"",""budget"",""dataset"",""epochs"",""fanout"",""hidden"",""layer"",""mode"",""num_parts"",""num_threads"",""run"",""sampler"",""accuracy"",""dataloading time"",""end-to-end time"",""inference time"",""loss"",""overall training time"",""process cpu times"",""sampling time"",""system cpu stats"",""system cpu times"",""test-acc"",""time per epoch"",""used memory"",""used memory full"",""f1"",""modelpath"",""test-f1"""
"gcn-ogbn-products-vrgcn-cpu-32-20-2-16-10-1024-[50]-None-1000,""finished"",""-"","""","""",""2024-04-27T09:55:13.000Z"",""6397"","""",""gcn"",""1024"",""1000"",""ogbn-products"",""20"",""[50]"",""16"",""2"",""cpu"",""10"",""32"",""3"",""vrgcn"",""0.8749586939811707"",""11.175428063608706"",""6393.0779654458165"",""44.78138841036707"",""0.4209264986255626"",""5971.361688080244"",""[79798.4,14671.61,0.01,0.04,0]"",""365.2042416622862"",""[2537410806,17692315995,18500837672,0]"",""[55469351.68,857.13,5917856.01,84237016.82,872.68,0,3215.28,375047.8,0,0]"",""0.6955479979515076"",""298.5676149002276"",""14243.69140625"",""[14935592960,35048169472,196190208,2838528,0,17487757312,0,14917959680,14924157952,0]"",""0.8749586939811707"",""2024-04-27-11-55-13-gcn-ogbn-products-vrgcn-cpu-32-20-2-16-10-1024-[50]-None-1000.pkl"",""0.6955479979515076"""
"gcn-ogbn-products-vrgcn-cpu-32-20-2-16-10-1024-[40]-None-1000,""finished"",""-"","""","""",""2024-04-27T08:18:42.000Z"",""5782"","""",""gcn"",""1024"",""1000"",""ogbn-products"",""20"",""[40]"",""16"",""2"",""cpu"",""10"",""32"",""3"",""vrgcn"",""0.8748824000358582"",""11.140512904152274"",""5778.043688988313"",""44.05206625629216"",""0.4160444563534593"",""5353.183789843693"",""[70408.57,12753.35,0,0.03,0]"",""360.71849837340415"",""[2503252567,17641641544,18463265757,0]"",""[55390055.52,857.13,5903264.74,84126676.57,870.44,0,3178.92,374442.4,0,0]"",""0.7001781463623047"",""267.65874502793883"",""13852.7109375"",""[14525620224,34751041536,196923392,2838528,0,17093984256,0,14507950080,14514447360,0]"",""0.8748824000358582"",""2024-04-27-10-18-42-gcn-ogbn-products-vrgcn-cpu-32-20-2-16-10-1024-[40]-None-1000.pkl"",""0.7001781463623047"""
"gcn-ogbn-products-vrgcn-cpu-32-20-2-16-10-1024-[30]-None-1000,""finished"",""-"","""","""",""2024-04-27T07:02:07.000Z"",""4586"","""",""gcn"",""1024"",""1000"",""ogbn-products"",""20"",""[30]"",""16"",""2"",""cpu"",""10"",""32"",""3"",""vrgcn"",""0.8733311295509338"",""11.155802802182734"",""4583.31127423048"",""55.45212075673044"",""0.417986835377204"",""4147.537596235983"",""[60558.57,10311.04,0,0.05,0]"",""368.61018288880587"",""[2473307297,17595665336,18429559381,0]"",""[55320047.42,857.13,5890571.72,84024760.28,868.37,0,3146.83,373923.84,0,0]"",""0.6984863877296448"",""207.376485978486"",""13817.44140625"",""[14488637440,34909843456,197165056,2838528,0,17094754304,0,14471692288,14477976576,0]"",""0.8733311295509338"",""2024-04-27-09-02-07-gcn-ogbn-products-vrgcn-cpu-32-20-2-16-10-1024-[30]-None-1000.pkl"",""0.6984863877296448"""
"gcn-ogbn-products-vrgcn-cpu-32-20-2-16-10-1024-[20]-None-1000,""finished"",""-"","""","""",""2024-04-27T06:10:46.000Z"",""3072"","""",""gcn"",""1024"",""1000"",""ogbn-products"",""20"",""[20]"",""16"",""2"",""cpu"",""10"",""32"",""3"",""vrgcn"",""0.8695928454399109"",""11.456593153998256"",""3066.853564764373"",""39.25649989489466"",""0.4180086675085552"",""2649.6949758799747"",""[50362.82,5665.24,0,0.05,0]"",""365.8880168553442"",""[2447208236,17554356334,18399498723,0]"",""[55259856.39,857.13,5880310.94,83948658.06,867.2,0,3115.74,373453.52,0,0]"",""0.6996052265167236"",""132.4843714304734"",""14146.9453125"",""[14834147328,35378241536,196579328,2838528,0,17464877056,0,14816702464,14823067648,0]"",""0.8695928454399109"",""2024-04-27-08-10-46-gcn-ogbn-products-vrgcn-cpu-32-20-2-16-10-1024-[20]-None-1000.pkl"",""0.6996052265167236"""
"gcn-ogbn-products-vrgcn-cpu-32-20-2-16-10-1024-[10]-None-1000,""finished"",""-"","""","""",""2024-04-27T05:36:00.000Z"",""2078"","""",""gcn"",""1024"",""1000"",""ogbn-products"",""20"",""[10]"",""16"",""2"",""cpu"",""10"",""32"",""3"",""vrgcn"",""0.8602853417396545"",""10.89419354405254"",""2074.0594838010147"",""39.855655543506145"",""0.4185165894637608"",""1655.088393558748"",""[38947.07,3329.86,0.01,0.04,0]"",""367.6898600738496"",""[2426849198,17519989468,18375353610,0]"",""[55209846.47,857.13,5874672.25,83906298.49,866.19,0,3086.59,373098.34,0,0]"",""0.6965922117233276"",""82.7540449324064"",""13293.07421875"",""[13938798592,34640347136,196595712,2838528,0,16662016000,0,13923131392,13929274368,0]"",""0.8602853417396545"",""2024-04-27-07-36-00-gcn-ogbn-products-vrgcn-cpu-32-20-2-16-10-1024-[10]-None-1000.pkl"",""0.6965922117233276"""
"gcn-ogbn-products-vrgcn-cpu-32-20-2-16-10-1024-[50]-None-1000,""finished"",""-"","""","""",""2024-04-27T03:46:13.000Z"",""6578"","""",""gcn"",""1024"",""1000"",""ogbn-products"",""20"",""[50]"",""16"",""2"",""cpu"",""10"",""32"",""2"",""vrgcn"",""0.8722376227378845"",""10.817594996653495"",""6573.833165479824"",""43.10637509264052"",""0.4222686623893871"",""6150.911244441755"",""[80906.12,15282.29,0,0.04,0]"",""368.42479044385254"",""[2411711433,17491317204,18355576344,0]"",""[55171175.9,857.13,5871353.35,83881882.76,865.72,0,3057.24,372844.79,0,0]"",""0.6947160959243774"",""307.5450412517879"",""14316.20703125"",""[15011631104,35081691136,196911104,2838528,0,17565392896,0,14993920000,15000397824,0]"",""0.8722376227378845"",""2024-04-27-05-46-13-gcn-ogbn-products-vrgcn-cpu-32-20-2-16-10-1024-[50]-None-1000.pkl"",""0.6947160959243774"""
"gcn-ogbn-products-vrgcn-cpu-32-20-2-16-10-1024-[40]-None-1000,""finished"",""-"","""","""",""2024-04-27T02:07:07.000Z"",""5937"","""",""gcn"",""1024"",""1000"",""ogbn-products"",""20"",""[40]"",""16"",""2"",""cpu"",""10"",""32"",""2"",""vrgcn"",""0.8751112818717957"",""10.7917302493006"",""5932.346319473349"",""42.547095350921154"",""0.4139654979186973"",""5514.624153451994"",""[71275.83,13042.02,0,0.04,0]"",""363.8295557741076"",""[2374834458,17438859778,18316993129,0]"",""[55090802.51,850.7,5856158.92,83767504.9,862.68,0,3021.14,372207.02,0,0]"",""0.6991926431655884"",""275.7307838629931"",""13876.6953125"",""[14550769664,34789244928,195846144,2838528,0,17116184576,0,14533062656,14539558912,0]"",""0.8751112818717957"",""2024-04-27-04-07-07-gcn-ogbn-products-vrgcn-cpu-32-20-2-16-10-1024-[40]-None-1000.pkl"",""0.6991926431655884"""
"gcn-ogbn-products-vrgcn-cpu-32-20-2-16-10-1024-[30]-None-1000,""finished"",""-"","""","""",""2024-04-27T00:50:45.000Z"",""4573"","""",""gcn"",""1024"",""1000"",""ogbn-products"",""20"",""[30]"",""16"",""2"",""cpu"",""10"",""32"",""2"",""vrgcn"",""0.8742465972900391"",""10.778668225742877"",""4567.04218335636"",""46.55295192915946"",""0.4160169651008022"",""4142.151674923487"",""[59699.63,10427.62,0,0.04,0]"",""366.9934426769614"",""[2345007277,17392389800,18282326195,0]"",""[55019952.99,841.99,5843180.41,83661765.33,860.03,0,2989.19,371669.09,0,0]"",""0.7040835618972778"",""207.10716288276015"",""13939.0546875"",""[14616158208,35032940544,195747840,2838528,0,17218035712,0,14598463488,14604835840,0]"",""0.8742465972900391"",""2024-04-27-02-50-47-gcn-ogbn-products-vrgcn-cpu-32-20-2-16-10-1024-[30]-None-1000.pkl"",""0.7040835618972778"""
"gcn-ogbn-products-vrgcn-cpu-32-20-2-16-10-1024-[20]-None-1000,""finished"",""-"","""","""",""2024-04-27T00:00:09.000Z"",""3028"","""",""gcn"",""1024"",""1000"",""ogbn-products"",""20"",""[20]"",""16"",""2"",""cpu"",""10"",""32"",""2"",""vrgcn"",""0.8725681900978088"",""11.024507842026653"",""3021.755681223236"",""37.51004271302372"",""0.4177501796131925"",""2610.380232336931"",""[49780.68,5769.31,0,0.04,0]"",""362.31708186957985"",""[2318973005,17351293130,18252458881,0]"",""[54960617,841.99,5832804.71,83585399.09,857.96,0,2958.03,371225.91,0,0]"",""0.7012676000595093"",""130.51859455932862"",""14043.0546875"",""[14725210112,35299917824,195903488,2838528,0,17375940608,0,14708240384,14714441728,0]"",""0.8725681900978088"",""2024-04-27-02-00-09-gcn-ogbn-products-vrgcn-cpu-32-20-2-16-10-1024-[20]-None-1000.pkl"",""0.7012676000595093"""
"gcn-ogbn-products-vrgcn-cpu-32-20-2-16-10-1024-[10]-None-1000,""finished"",""-"","""","""",""2024-04-26T23:26:12.000Z"",""2029"","""",""gcn"",""1024"",""1000"",""ogbn-products"",""20"",""[10]"",""16"",""2"",""cpu"",""10"",""32"",""2"",""vrgcn"",""0.8616585731506348"",""11.12248819693923"",""2024.8875521980224"",""43.74324874486774"",""0.4161388543603334"",""1609.028218225576"",""[38177.83,3323.19,0,0.02,0]"",""360.4477857798338"",""[2298888396,17317098373,18228605436,0]"",""[54911152.15,841.99,5827058.99,83543982.95,857,0,2928.88,370871.62,0,0]"",""0.698600709438324"",""80.4509936554823"",""13256.45703125"",""[13900402688,34603958272,196096000,2838528,0,16645861376,0,13883756544,13890185216,0]"",""0.8616585731506348"",""2024-04-27-01-26-12-gcn-ogbn-products-vrgcn-cpu-32-20-2-16-10-1024-[10]-None-1000.pkl"",""0.698600709438324"""
"gcn-ogbn-products-vrgcn-cpu-32-20-2-16-10-1024-[50]-None-1000,""finished"",""-"","""","""",""2024-04-26T21:39:02.000Z"",""6421"","""",""gcn"",""1024"",""1000"",""ogbn-products"",""20"",""[50]"",""16"",""2"",""cpu"",""10"",""32"",""1"",""vrgcn"",""0.8754926919937134"",""10.80648094881326"",""6415.534285929054"",""42.55458312574774"",""0.420279151571847"",""5998.910055408254"",""[79419.62,14958.31,0,0.05,0]"",""362.7181289922446"",""[2283987834,17288695015,18209251780,0]"",""[54873276.62,841.99,5823749.48,83520324.2,856.36,0,2899.9,370603.92,0,0]"",""0.6986865997314453"",""299.94507512841375"",""14097.9765625"",""[14782799872,34922221568,195764224,2838528,0,17329885184,0,14766051328,14772494336,0]"",""0.8754926919937134"",""2024-04-26-23-39-02-gcn-ogbn-products-vrgcn-cpu-32-20-2-16-10-1024-[50]-None-1000.pkl"",""0.6986865997314453"""
"gcn-ogbn-products-vrgcn-cpu-32-20-2-16-10-1024-[40]-None-1000,""finished"",""-"","""","""",""2024-04-26T20:02:41.000Z"",""5773"","""",""gcn"",""1024"",""1000"",""ogbn-products"",""20"",""[40]"",""16"",""2"",""cpu"",""10"",""32"",""1"",""vrgcn"",""0.8731785416603088"",""9.999732154421508"",""5769.225658658892"",""41.327822118997574"",""0.41880117094269687"",""5349.911337287165"",""[70132.25,12919.5,0,0.05,0]"",""367.4286847319454"",""[2250958243,17238358862,18171555738,0]"",""[54794376.24,841.89,5808876.68,83409243.38,854.15,0,2863.59,369964.4,0,0]"",""0.6983110904693604"",""267.495156174805"",""13868.71484375"",""[14542401536,34810216448,195686400,2838528,0,17095127040,0,14524948480,14531387392,0]"",""0.8731785416603088"",""2024-04-26-22-02-42-gcn-ogbn-products-vrgcn-cpu-32-20-2-16-10-1024-[40]-None-1000.pkl"",""0.6983110904693604"""
"gcn-ogbn-products-vrgcn-cpu-32-20-2-16-10-1024-[30]-None-1000,""finished"",""-"","""","""",""2024-04-26T18:46:43.000Z"",""4549"","""",""gcn"",""1024"",""1000"",""ogbn-products"",""20"",""[30]"",""16"",""2"",""cpu"",""10"",""32"",""1"",""vrgcn"",""0.8751621246337891"",""11.203755808062851"",""4545.373324624263"",""43.05538223683834"",""0.4149546849835722"",""4120.9177952567115"",""[59574.34,10238.82,0,0.04,0]"",""369.6376162292436"",""[2220437135,17192103142,18137143856,0]"",""[54724668.65,841.89,5796023.57,83307437.72,851.8,0,2833.03,369450.16,0,0]"",""0.6977114677429199"",""206.04548411080617"",""14061.140625"",""[14744174592,35148582912,196067328,2838528,0,17333288960,0,14725992448,14732478464,0]"",""0.8751621246337891"",""2024-04-26-20-46-43-gcn-ogbn-products-vrgcn-cpu-32-20-2-16-10-1024-[30]-None-1000.pkl"",""0.6977114677429199"""
"gcn-ogbn-products-vrgcn-cpu-32-20-2-16-10-1024-[20]-None-1000,""finished"",""-"","""","""",""2024-04-26T17:55:52.000Z"",""3042"","""",""gcn"",""1024"",""1000"",""ogbn-products"",""20"",""[20]"",""16"",""2"",""cpu"",""10"",""32"",""1"",""vrgcn"",""0.871398389339447"",""12.273605189286172"",""3039.120950564742"",""39.91551751177758"",""0.4147020269552043"",""2617.3068997859955"",""[49778.81,5797.19,0,0.03,0]"",""368.9528850242495"",""[2194003942,17150906612,18107019849,0]"",""[54665457.9,841.89,5785836.14,83231566.61,850.15,0,2800.92,369011.33,0,0]"",""0.7028129696846008"",""130.86491186507047"",""14008.05078125"",""[14688505856,35279368192,197390336,2838528,0,17343758336,0,14671147008,14677499904,0]"",""0.871398389339447"",""2024-04-26-19-55-52-gcn-ogbn-products-vrgcn-cpu-32-20-2-16-10-1024-[20]-None-1000.pkl"",""0.7028129696846008"""
"gcn-ogbn-products-vrgcn-cpu-32-20-2-16-10-1024-[10]-None-1000,""finished"",""-"","""","""",""2024-04-26T17:21:33.000Z"",""2050"","""",""gcn"",""1024"",""1000"",""ogbn-products"",""20"",""[10]"",""16"",""2"",""cpu"",""10"",""32"",""1"",""vrgcn"",""0.8624215126037598"",""9.845116768963637"",""2044.2997345943004"",""49.543173449113965"",""0.41693366967489065"",""1616.9003978203982"",""[38423.77,3333.38,0,0.03,0]"",""367.4765856340527"",""[2173602452,17116532148,18082670372,0]"",""[54616040.96,841.89,5780068.68,83189568.32,849.2,0,2771.07,368657.35,0,0]"",""0.6969568729400635"",""80.84464678904041"",""13279.16015625"",""[13924208640,34641874944,195829760,2838528,0,16664645632,0,13906698240,13913194496,0]"",""0.8624215126037598"",""2024-04-26-19-21-34-gcn-ogbn-products-vrgcn-cpu-32-20-2-16-10-1024-[10]-None-1000.pkl"",""0.6969568729400635"""
"gcn-ogbn-products-fastgcn-cpu-32-20-2-16-10-1024-[350000]-1000,""finished"",""-"","""","""",""2023-06-24T17:47:12.000Z"",""18847"","""",""gcn"",""1024"",""1000"",""ogbn-products"",""20"",""[350000]"",""16"",""2"",""cpu"",""10"",""32"",""3"",""fastgcn"",""0.8546143770217896"",""10.929278843017528"",""18842.91593269701"",""86.10316143199452"",""0.5520483925552566"",""18723.615237476013"",""[77860.77,10708.92,0,0.04,0]"",""21.699831436999375"",""[230041871,596997828,460967196,0]"",""[901495.81,25.46,100665.97,6343837.36,109.04,0,390.83,6068.66,0,0]"",""0.6978443264961243"",""936.1807600588014"",""22394.578125"",""[23482417152,34019061760,197156864,2854912,0,27348987904,0,23465553920,23472233472,0]"","""","""","""""
"gcn-ogbn-products-fastgcn-cpu-32-20-2-16-10-1024-[300000]-1000,""finished"",""-"","""","""",""2023-06-24T12:55:53.000Z"",""17471"","""",""gcn"",""1024"",""1000"",""ogbn-products"",""20"",""[300000]"",""16"",""2"",""cpu"",""10"",""32"",""3"",""fastgcn"",""0.8484347462654114"",""10.639518742013024"",""17467.314888524008"",""83.83513743898948"",""0.5585708347163669"",""17350.598736674"",""[72614.26,8213.94,0,0.04,0]"",""21.673048073978865"",""[214528037,557359548,426633461,0]"",""[823960.95,25.34,89980.52,5829335.84,100.46,0,369.79,5530.47,0,0]"",""0.6903457641601562"",""867.5299350778514"",""22247.59765625"",""[23328296960,34878169088,197402624,2854912,0,25831014400,0,23310860288,23317606400,0]"","""","""","""""
"gcn-ogbn-products-fastgcn-cpu-32-20-2-16-10-1024-[200000]-1000,""finished"",""-"","""","""",""2023-06-24T08:34:05.000Z"",""15700"","""",""gcn"",""1024"",""1000"",""ogbn-products"",""20"",""[200000]"",""16"",""2"",""cpu"",""10"",""32"",""3"",""fastgcn"",""0.8366858959197998"",""10.60057632200187"",""15694.451064999012"",""94.27199930502684"",""0.6073940529106813"",""15567.255971630017"",""[55669.34,7074.57,0,0.04,0]"",""21.723398914007703"",""[199692278,520359501,394132097,0]"",""[751654.12,20.74,81776.47,5351090.41,92.78,0,344.17,5098.45,0,0]"",""0.7060965895652771"",""778.3627970465983"",""15731.3671875"",""[16495534080,34024615936,198389760,2854912,0,19000082432,0,16478830592,16485668864,0]"","""","""","""""
"gcn-ogbn-products-fastgcn-cpu-32-20-2-16-10-1024-[115000]-1000,""finished"",""-"","""","""",""2023-06-24T04:19:49.000Z"",""15249"","""",""gcn"",""1024"",""1000"",""ogbn-products"",""20"",""[115000]"",""16"",""2"",""cpu"",""10"",""32"",""3"",""fastgcn"",""0.8061439990997314"",""10.850621309975397"",""15243.681864957003"",""81.52676112498739"",""0.7063157644914222"",""15129.85540863502"",""[43853.12,5416.46,0,0.04,0]"",""20.879463243996724"",""[186845048,486572442,366002306,0]"",""[696154.98,20.74,74703.04,4911469.04,86.54,0,322.97,4743.6,0,0]"",""0.7084028720855713"",""756.492768920846"",""14049.01171875"",""[14731456512,33484324864,197152768,2854912,0,17325039616,0,14714716160,14721451008,0]"","""","""","""""
"gcn-ogbn-products-fastgcn-cpu-32-20-2-16-10-1024-[50000]-1000,""finished"",""-"","""","""",""2023-06-24T00:49:29.000Z"",""12612"","""",""gcn"",""1024"",""1000"",""ogbn-products"",""20"",""[50000]"",""16"",""2"",""cpu"",""10"",""32"",""3"",""fastgcn"",""0.7703125476837158"",""13.05905362201156"",""12606.893662332994"",""78.76151393799228"",""0.9163299088651036"",""12493.257235872006"",""[31370.23,2071.03,0,0.03,0]"",""21.274589025997557"",""[176093813,456797669,341343047,0]"",""[652430.18,19.29,69281.18,4472772,80.26,0,300.67,4466.15,0,0]"",""0.7109066247940063"",""624.6628601557968"",""14431.9375"",""[15132983296,33134067712,198434816,2854912,0,17726320640,0,15115636736,15122369536,0]"","""","""","""""
"gcn-ogbn-products-ladies-cpu-32-20-2-16-10-1024-[350000]-1000,""finished"",""-"","""","""",""2023-06-23T21:18:21.000Z"",""18640"","""",""gcn"",""1024"",""1000"",""ogbn-products"",""20"",""[350000]"",""16"",""2"",""cpu"",""10"",""32"",""3"",""ladies"",""0.8801718950271606"",""8.045489698881283"",""18635.04391618911"",""85.57664065714926"",""0.4558872900797064"",""18520.307677716017"",""[162490.12,23530.53,0,0.04,0]"",""20.544217891059816"",""[1104882808,3117140018,2704481141,0]"",""[7321456.87,618.81,803057.19,37977181.1,1515.11,0,1130.5,41881.87,0,0]"",""0.7138901948928833"",""926.0153820996754"",""25007.87890625"",""[26222661632,33025122304,202096640,2854912,0,28734853120,0,26206568448,26210746368,0]"","""","""","""""
"gcn-ogbn-products-fastgcn-cpu-32-20-2-16-10-1024-[350000]-1000,""finished"",""-"","""","""",""2023-06-23T19:55:10.000Z"",""17651"","""",""gcn"",""1024"",""1000"",""ogbn-products"",""20"",""[350000]"",""16"",""2"",""cpu"",""10"",""32"",""2"",""fastgcn"",""0.853622555732727"",""9.982887397985904"",""17645.819651411002"",""80.80522283099708"",""0.5487008310970247"",""17533.023306259012"",""[75939.34,10464.85,0,0.04,0]"",""21.437844955013137"",""[167285022,436716326,324933283,0]"",""[621104.95,19.29,67192.41,4102578.94,75.35,0,282.18,4283.11,0,0]"",""0.6943749785423279"",""876.6511636886469"",""22503.01953125"",""[23596126208,34009415680,197935104,2854912,0,26853486592,0,23578968064,23585736704,0]"","""","""","""""
"gcn-ogbn-products-ladies-cpu-32-20-2-16-10-1024-[300000]-1000,""finished"",""-"","""","""",""2023-06-23T16:17:55.000Z"",""18017"","""",""gcn"",""1024"",""1000"",""ogbn-products"",""20"",""[300000]"",""16"",""2"",""cpu"",""10"",""32"",""3"",""ladies"",""0.8771965503692627"",""8.36071289004758"",""18012.219934378983"",""85.0426533529535"",""0.4656229311011616"",""17897.636858402984"",""[159242.26,23601.38,0,0.05,0]"",""20.61163649498485"",""[1089378604,3054279975,2646678486,0]"",""[7159747.09,618.66,779617.88,37566743.26,1504.99,0,1116.72,40851.09,0,0]"",""0.7126597762107849"",""894.8818413384142"",""25126.75390625"",""[26347311104,33212837888,201785344,2854912,0,28920614912,0,26331525120,26335717376,0]"","""","""","""""
"gcn-ogbn-products-fastgcn-cpu-32-20-2-16-10-1024-[300000]-1000,""finished"",""-"","""","""",""2023-06-23T15:17:12.000Z"",""16671"","""",""gcn"",""1024"",""1000"",""ogbn-products"",""20"",""[300000]"",""16"",""2"",""cpu"",""10"",""32"",""2"",""fastgcn"",""0.8495537042617798"",""9.565156641008798"",""16665.73057290299"",""76.51868117798585"",""0.5587588109346251"",""16557.685755404993"",""[71274.98,8255.2,0,0.04,0]"",""21.382681488990784"",""[152218798,398034979,291116744,0]"",""[545480.76,19.2,56750.26,3624184.58,67.77,0,261.1,3748.72,0,0]"",""0.7033773064613342"",""827.8842862596509"",""21725.390625"",""[22780723200,34878459904,198717440,2854912,0,25316438016,0,22763978752,22770710528,0]"","""","""","""""
"gcn-ogbn-products-ladies-cpu-32-20-2-16-10-1024-[200000]-1000,""finished"",""-"","""","""",""2023-06-23T11:22:04.000Z"",""17741"","""",""gcn"",""1024"",""1000"",""ogbn-products"",""20"",""[200000]"",""16"",""2"",""cpu"",""10"",""32"",""3"",""ladies"",""0.8744754791259766"",""7.95335186412558"",""17736.718785381876"",""85.67738548084162"",""0.5002816941762835"",""17622.070711910957"",""[152935.47,22816.12,0,0.04,0]"",""20.437061816919595"",""[1073981597,2992316272,2589302418,0]"",""[7001261.31,618.66,756107.26,37173060.59,1496.01,0,1104.04,39841.93,0,0]"",""0.7077178359031677"",""881.1035342099494"",""24978.19140625"",""[26191532032,33083011072,202293248,2854912,0,28859244544,0,26175045632,26179204096,0]"","""","""","""""
"gcn-ogbn-products-fastgcn-cpu-32-20-2-16-10-1024-[200000]-1000,""finished"",""-"","""","""",""2023-06-23T11:21:11.000Z"",""14154"","""",""gcn"",""1024"",""1000"",""ogbn-products"",""20"",""[200000]"",""16"",""2"",""cpu"",""10"",""32"",""2"",""fastgcn"",""0.8330748081207275"",""8.772021940007107"",""14147.054973212013"",""86.71773203300836"",""0.6091693775448466"",""14030.87351943599"",""[53582.4,7074.74,0,0.03,0]"",""20.13287222800136"",""[137463112,361422641,258787445,0]"",""[474515.66,19.2,48508.25,3170261.26,60.67,0,232.46,3304.61,0,0]"",""0.6993282437324524"",""701.5436745246006"",""15667.70703125"",""[16428781568,34047246336,198348800,2854912,0,18932297728,0,16411926528,16418478080,0]"","""","""","""""
"gcn-ogbn-products-ladies-cpu-32-20-2-16-10-1024-[115000]-1000,""finished"",""-"","""","""",""2023-06-23T08:04:49.000Z"",""11826"","""",""gcn"",""1024"",""1000"",""ogbn-products"",""20"",""[115000]"",""16"",""2"",""cpu"",""10"",""32"",""3"",""ladies"",""0.8734328746795654"",""8.436056338949129"",""11821.826618056046"",""80.61118624708615"",""0.4795033096340654"",""11710.56340203178"",""[84649.3,15226.54,0,0.05,0]"",""21.64655656996183"",""[1058388733,2931874562,2532706222,0]"",""[6849074.05,618.66,733382.55,36781123.05,1486.55,0,1090.77,38846.66,0,0]"",""0.7131274938583374"",""585.528168785118"",""15814.16796875"",""[16582356992,33593602048,201719808,2854912,0,19083235328,0,16566595584,16570738688,0]"","""","""","""""
"gcn-ogbn-products-fastgcn-cpu-32-20-2-16-10-1024-[115000]-1000,""finished"",""-"","""","""",""2023-06-23T07:44:20.000Z"",""13004"","""",""gcn"",""1024"",""1000"",""ogbn-products"",""20"",""[115000]"",""16"",""2"",""cpu"",""10"",""32"",""2"",""fastgcn"",""0.805330216884613"",""8.032743648000178"",""12998.809472239009"",""93.77534964701044"",""0.7048953262017799"",""12876.529560250012"",""[41866.79,5415.25,0,0.03,0]"",""19.896255240993924"",""[125131459,328535151,231485552,0]"",""[421142.47,19.2,41441.97,2778030.62,54.96,0,208.89,2945.84,0,0]"",""0.7027085423469543"",""643.8264763952014"",""13825.86328125"",""[14497468416,33531572224,198811648,2854912,0,17075183616,0,14480515072,14487201792,0]"","""","""","""""
"gcn-ogbn-products-ladies-cpu-32-20-2-16-10-1024-[50000]-1000,""finished"",""-"","""","""",""2023-06-23T06:41:37.000Z"",""4983"","""",""gcn"",""1024"",""1000"",""ogbn-products"",""20"",""[50000]"",""16"",""2"",""cpu"",""10"",""32"",""3"",""ladies"",""0.8650662302970886"",""8.286706761922687"",""4978.8553167008795"",""90.26790916686878"",""0.5394493126807435"",""4858.707416818943"",""[39565.29,4491.87,0,0.04,0]"",""21.00926684308797"",""[1042268843,2888439632,2496771200,0]"",""[6764904.07,610.31,718225.71,36502561.82,1479.16,0,1079.62,38249.56,0,0]"",""0.7145476341247559"",""242.93536929199473"",""16810.66796875"",""[17627262976,34657308672,201859072,2854912,0,20135936000,0,17611149312,17615288320,0]"","""","""","""""
"gcn-ogbn-products-fastgcn-cpu-32-20-2-16-10-1024-[50000]-1000,""finished"",""-"","""","""",""2023-06-23T04:32:42.000Z"",""11491"","""",""gcn"",""1024"",""1000"",""ogbn-products"",""20"",""[50000]"",""16"",""2"",""cpu"",""10"",""32"",""2"",""fastgcn"",""0.7698293328285217"",""6.453646537003806"",""11485.352807988003"",""81.64884325899766"",""0.90544740847973"",""11376.797556042991"",""[30726.72,2064.01,0.01,0.02,0]"",""19.90445548000571"",""[114391705,299301682,207513306,0]"",""[379406.21,19.2,36025.5,2409169.57,50.08,0,185.7,2653.74,0,0]"",""0.7073929905891418"",""568.8398761090015"",""14393.41015625"",""[15092584448,33283014656,198324224,2854912,0,17727389696,0,15075844096,15082601472,0]"","""","""","""""
"gcn-ogbn-products-ladies-cpu-32-20-2-16-10-1024-[350000]-1000,""finished"",""-"","""","""",""2023-06-23T01:42:30.000Z"",""17938"","""",""gcn"",""1024"",""1000"",""ogbn-products"",""20"",""[350000]"",""16"",""2"",""cpu"",""10"",""32"",""2"",""ladies"",""0.8765353560447693"",""7.31231191707775"",""17933.36295724986"",""85.82748996303417"",""0.46619188816436213"",""17819.13134843111"",""[157716.78,24080.72,0,0.04,0]"",""20.50243198685348"",""[1031598018,2861528207,2475432567,0]"",""[6725559.6,610.31,713743.6,36387027.16,1476.47,0,1069.56,37937.94,0,0]"",""0.7027912735939026"",""890.9565657838714"",""24993.01953125"",""[26207080448,33063329792,202194944,2854912,0,28753604608,0,26191691776,26195859456,0]"","""","""","""""
"gcn-ogbn-products-fastgcn-cpu-32-20-2-16-10-1024-[350000]-1000,""finished"",""-"","""","""",""2023-06-23T00:15:21.000Z"",""15433"","""",""gcn"",""1024"",""1000"",""ogbn-products"",""20"",""[350000]"",""16"",""2"",""cpu"",""10"",""32"",""1"",""fastgcn"",""0.8538514375686646"",""5.619968535997032"",""15430.135719271006"",""80.42506376600068"",""0.5396595013573997"",""15324.136453102"",""[71767.06,9988.48,0,0.03,0]"",""19.406520516000455"",""[105385380,279275109,191299594,0]"",""[348736.71,19.2,33945.98,2074247.7,45.95,0,168.46,2452.46,0,0]"",""0.6941020488739014"",""766.2068213111004"",""23091.07421875"",""[24212746240,34179371008,197521408,2854912,0,26893713408,0,24196390912,24202951680,0]"","""","""","""""
"gcn-ogbn-products-ladies-cpu-32-20-2-16-10-1024-[300000]-1000,""finished"",""-"","""","""",""2023-06-22T20:45:39.000Z"",""17801"","""",""gcn"",""1024"",""1000"",""ogbn-products"",""20"",""[300000]"",""16"",""2"",""cpu"",""10"",""32"",""2"",""ladies"",""0.878595232963562"",""7.289456394035369"",""17796.21204472496"",""82.80163302016445"",""0.46304068816952415"",""17685.498398624128"",""[157304.44,23354.8,0,0.03,0]"",""20.061003537848592"",""[1016118195,2799837548,2419260537,0]"",""[6568629.07,607.72,689762.11,35994815.41,1467.8,0,1057.6,36887.63,0,0]"",""0.7119205594062805"",""884.2749182072469"",""25046.3984375"",""[26263052288,33096818688,202113024,2854912,0,28783943680,0,26247413760,26251550720,0]"","""","""","""""
"gcn-ogbn-products-fastgcn-cpu-32-20-2-16-10-1024-[300000]-1000,""finished"",""-"","""","""",""2023-06-22T20:14:05.000Z"",""14467"","""",""gcn"",""1024"",""1000"",""ogbn-products"",""20"",""[300000]"",""16"",""2"",""cpu"",""10"",""32"",""1"",""fastgcn"",""0.8486381769180298"",""5.716041617997689"",""14463.158888296995"",""79.57546840699797"",""0.5686957930344991"",""14359.570328324997"",""[68077.06,7925.33,0,0.03,0]"",""17.747341252994374"",""[90760866,241994894,159024730,0]"",""[277237.55,7.17,23972.74,1662137.17,38.87,0,147.64,1947.58,0,0]"",""0.704447329044342"",""717.9785149367992"",""21623.73828125"",""[22674132992,34943803392,198131712,2854912,0,25193369600,0,22657097728,22663843840,0]"","""","""","""""
"gcn-ogbn-products-fastgcn-cpu-32-20-2-16-10-1024-[200000]-1000,""finished"",""-"","""","""",""2023-06-22T16:43:06.000Z"",""12652"","""",""gcn"",""1024"",""1000"",""ogbn-products"",""20"",""[200000]"",""16"",""2"",""cpu"",""10"",""32"",""1"",""fastgcn"",""0.8340411186218262"",""4.992997128996649"",""12648.454594506002"",""79.98014007000165"",""0.602567189421331"",""12545.406549149004"",""[50783.32,6700.66,0,0.03,0]"",""17.512614725994354"",""[76339290,206553890,128105222,0]"",""[209470.21,7.04,16063.77,1275221.1,33.37,0,120.88,1515.71,0,0]"",""0.705959677696228"",""627.2703258045506"",""15696.51171875"",""[16458985472,33978961920,197705728,2854912,0,18962448384,0,16442093568,16448717824,0]"","""","""","""""
"gcn-ogbn-products-ladies-cpu-32-20-2-16-10-1024-[200000]-1000,""finished"",""-"","""","""",""2023-06-22T16:03:21.000Z"",""16929"","""",""gcn"",""1024"",""1000"",""ogbn-products"",""20"",""[200000]"",""16"",""2"",""cpu"",""10"",""32"",""2"",""ladies"",""0.8747043609619141"",""7.959237752016634"",""16925.557386417175"",""82.01867676503025"",""0.4815922387118012"",""16815.43431286118"",""[150105.11,22838.98,0,0.04,0]"",""19.539967791177332"",""[1000090950,2738149289,2360831697,0]"",""[6412175.51,607.62,666512.84,35605909.41,1458.88,0,1046.19,35761.3,0,0]"",""0.7139449119567871"",""840.7717142187757"",""17481.69140625"",""[18330882048,33179332608,201662464,2854912,0,28890918912,0,18315624448,18319755264,0]"","""","""","""""
"gcn-ogbn-products-fastgcn-cpu-32-20-2-16-10-1024-[115000]-1000,""finished"",""-"","""","""",""2023-06-22T13:33:59.000Z"",""11340"","""",""gcn"",""1024"",""1000"",""ogbn-products"",""20"",""[115000]"",""16"",""2"",""cpu"",""10"",""32"",""1"",""fastgcn"",""0.8037026524543762"",""4.558794101998501"",""11336.426694026"",""97.40514727999836"",""0.6932272137929275"",""11216.247057127996"",""[40152.24,5282.86,0,0.03,0]"",""17.670127805999073"",""[64641350,174895544,102114243,0]"",""[158899.35,7.04,9374.41,927818.63,28.94,0,100.86,1189.83,0,0]"",""0.6989057660102844"",""560.8123513132501"",""13820.99609375"",""[14492364800,33471606784,198340608,2854912,0,17082994688,0,14475694080,14482286592,0]"","""","""","""""
"gcn-ogbn-products-ladies-cpu-32-20-2-16-10-1024-[115000]-1000,""finished"",""-"","""","""",""2023-06-22T12:47:21.000Z"",""11752"","""",""gcn"",""1024"",""1000"",""ogbn-products"",""20"",""[115000]"",""16"",""2"",""cpu"",""10"",""32"",""2"",""ladies"",""0.8731022477149963"",""8.369697037152946"",""11747.385982861975"",""81.92649394297041"",""0.4750554133110096"",""11636.983677353011"",""[84544.76,14800.6,0,0.04,0]"",""19.530676394002512"",""[983532201,2678121103,2304094673,0]"",""[6262967.85,607.62,643790.88,35237154.96,1450.74,0,1033.67,34583.48,0,0]"",""0.7204751372337341"",""581.8491822050535"",""15662.03125"",""[16422830080,33507803136,202174464,2854912,0,18924679168,0,16406294528,16410513408,0]"","""","""","""""
"gcn-ogbn-products-ladies-cpu-32-20-2-16-10-1024-[50000]-1000,""finished"",""-"","""","""",""2023-06-22T11:30:18.000Z"",""4615"","""",""gcn"",""1024"",""1000"",""ogbn-products"",""20"",""[50000]"",""16"",""2"",""cpu"",""10"",""32"",""2"",""ladies"",""0.8626503348350525"",""7.8025826381053776"",""4610.723940695869"",""75.58245657291263"",""0.5627598628170132"",""4507.0378507680725"",""[38812.21,4608.55,0,0.04,0]"",""19.736756747821342"",""[967285325,2634834163,2267413202,0]"",""[6178928.71,607.62,629063.96,34960420.16,1444.57,0,1022.09,33972.67,0,0]"",""0.7103214263916016"",""225.35189097182592"",""16835.52734375"",""[17653329920,34543566848,201097216,2854912,0,20167168000,0,17638125568,17642266624,0]"","""","""","""""
"gcn-ogbn-products-fastgcn-cpu-32-20-2-16-10-1024-[50000]-1000,""finished"",""-"","""","""",""2023-06-22T10:41:19.000Z"",""10353"","""",""gcn"",""1024"",""1000"",""ogbn-products"",""20"",""[50000]"",""16"",""2"",""cpu"",""10"",""32"",""1"",""fastgcn"",""0.7692190408706665"",""4.2112620459993195"",""10348.774377581998"",""86.65381225099918"",""0.9141102352908238"",""10241.326765761"",""[29203.28,2223.16,0,0.03,0]"",""16.033813574000305"",""[53813621,146211935,78663775,0]"",""[118876.75,1.73,4091.07,610338.66,24.15,0,77.58,891.89,0,0]"",""0.7125350832939148"",""512.0663366536502"",""14054.51953125"",""[14737231872,32962195456,198250496,2854912,0,17347543040,0,14720253952,14726664192,0]"","""","""","""""
"gcn-ogbn-products-ladies-cpu-32-20-2-16-10-1024-[350000]-1000,""finished"",""-"","""","""",""2023-06-22T06:26:26.000Z"",""18222"","""",""gcn"",""1024"",""1000"",""ogbn-products"",""20"",""[350000]"",""16"",""2"",""cpu"",""10"",""32"",""1"",""ladies"",""0.877984881401062"",""7.835996127920225"",""18217.139766281936"",""83.66411976702511"",""0.46881266193068705"",""18105.808652448"",""[157808.89,24312.95,0.01,0.04,0]"",""19.26593653205782"",""[956696662,2608171989,2246306209,0]"",""[6140320.57,607.62,624465.31,34855987.77,1442.13,0,1011.85,33671.78,0,0]"",""0.7113571166992188"",""905.2904311896418"",""25054.94140625"",""[26272010240,33154088960,202018816,2854912,0,28825427968,0,26256162816,26260376576,0]"","""","""","""""
"gcn-ogbn-products-ladies-cpu-32-20-2-16-10-1024-[300000]-1000,""finished"",""-"","""","""",""2023-06-22T01:32:46.000Z"",""17610"","""",""gcn"",""1024"",""1000"",""ogbn-products"",""20"",""[300000]"",""16"",""2"",""cpu"",""10"",""32"",""1"",""ladies"",""0.8804516196250916"",""8.791910375934094"",""17604.747796593932"",""82.13447242695838"",""0.4614695178373799"",""17494.46185450186"",""[156121.6,23670.11,0.01,0.03,0]"",""18.77133310888894"",""[940721934,2546041723,2187868335,0]"",""[5983327.41,607.62,600257.13,34455003.17,1432.56,0,999.33,32552.26,0,0]"",""0.7168160080909729"",""874.7230911910185"",""25179.921875"",""[26403061760,33221058560,201523200,2854912,0,28917583872,0,26387374080,26391533568,0]"","""","""","""""
"gcn-ogbn-products-ladies-cpu-32-20-2-16-10-1024-[200000]-1000,""finished"",""-"","""","""",""2023-06-21T20:43:30.000Z"",""17346"","""",""gcn"",""1024"",""1000"",""ogbn-products"",""20"",""[200000]"",""16"",""2"",""cpu"",""10"",""32"",""1"",""ladies"",""0.8756961822509766"",""9.031942535191774"",""17341.961809702916"",""86.15068656089716"",""0.4788370414448834"",""17227.197620334104"",""[152220.35,21776.69,0.01,0.03,0]"",""18.99385289195925"",""[923606104,2483982907,2132354644,0]"",""[5828067.39,585.52,576689,34071372.82,1422.95,0,987.15,31329.05,0,0]"",""0.7109201550483704"",""861.3598794758785"",""25092.015625"",""[26310885376,33155371008,201605120,2854912,0,28868059136,0,26295627776,26299727872,0]"","""","""","""""
"gcn-ogbn-products-ladies-cpu-32-20-2-16-10-1024-[115000]-1000,""finished"",""-"","""","""",""2023-06-21T17:21:25.000Z"",""12116"","""",""gcn"",""1024"",""1000"",""ogbn-products"",""20"",""[115000]"",""16"",""2"",""cpu"",""10"",""32"",""1"",""ladies"",""0.8690842390060425"",""9.07473701913841"",""12112.780813609015"",""83.9840470768977"",""0.5117552527491911"",""11999.72922257497"",""[85376.86,14884.35,0,0.03,0]"",""19.01387387886643"",""[906767639,2423213042,2079858292,0]"",""[5676710.7,585.42,555016.07,33690349.01,1412.17,0,975.13,30160.48,0,0]"",""0.707183301448822"",""599.9864598168991"",""15614.19140625"",""[16372666368,33284235264,201773056,2854912,0,18873126912,0,16356225024,16360367104,0]"","""","""","""""
"gcn-ogbn-products-ladies-cpu-32-20-2-16-10-1024-[50000]-1000,""finished"",""-"","""","""",""2023-06-21T16:02:09.000Z"",""4748"","""",""gcn"",""1024"",""1000"",""ogbn-products"",""20"",""[50000]"",""16"",""2"",""cpu"",""10"",""32"",""1"",""ladies"",""0.8647610545158386"",""3.91895516612567"",""4742.111441323999"",""80.03917718701996"",""0.5397784652796433"",""4640.581361660967"",""[39372.37,4346.32,0,0.04,0]"",""16.952658670023084"",""[890347363,2379504969,2043913709,0]"",""[5591822.31,585.42,540201.06,33402831.12,1405.01,0,964,29554.65,0,0]"",""0.7212826013565063"",""232.0290666679852"",""16851.66796875"",""[17670254592,34740391936,201097216,2854912,0,20185640960,0,17654222848,17658182656,0]"","""","""","""""
"gcn-ogbn-products-cluster-cpu-32-20-2-16-3500-1024-[10, 10]-1000,""finished"",""-"","""","""",""2023-06-17T02:58:23.000Z"",""956"","""",""gcn"",""1024"",""1000"",""ogbn-products"",""20"",""[10,10]"",""16"",""2"",""cpu"",""3500"",""32"",""3"",""cluster"",""0.3952096998691559"",""4.168280655052513"",""948.7119848530274"",""82.32149843801744"",""3.1332167983055115"",""742.1195853139507"",""[4508.6,879.41,0.01,0.54,0]"",""119.5807325929636"",""[710197244,1857173002,1559806890,0]"",""[4374481.64,520.22,404726.87,22079390.38,541.97,0,721.22,23895.17,0,0]"",""0.4161292910575866"",""37.105977611138954"",""12838.23046875"",""[13461860352,20048846848,201543680,2854912,0,15963123712,0,13446959104,13453879296,0]"","""","""","""""
"gcn-ogbn-products-cluster-cpu-32-20-2-16-5000-1024-[10, 10]-1000,""finished"",""-"","""","""",""2023-06-17T02:42:42.000Z"",""933"","""",""gcn"",""1024"",""1000"",""ogbn-products"",""20"",""[10,10]"",""16"",""2"",""cpu"",""5000"",""32"",""3"",""cluster"",""0.40557748079299927"",""5.08723225700669"",""927.6462685239968"",""75.29441284097265"",""3.1539525508880617"",""687.6195265119895"",""[4710.58,574.89,0,0.52,0]"",""159.11913485405967"",""[709399579,1855116915,1558000822,0]"",""[4369985.34,520.22,403846.12,22054019.24,537.66,0,720.86,23866.42,0,0]"",""0.3962995707988739"",""34.380974967952355"",""12926.55078125"",""[13554470912,20141989888,201121792,2854912,0,16056266752,0,13539446784,13546445824,0]"","""","""","""""
"gcn-ogbn-products-cluster-cpu-32-20-2-16-6000-1024-[10, 10]-1000,""finished"",""-"","""","""",""2023-06-17T02:27:50.000Z"",""885"","""",""gcn"",""1024"",""1000"",""ogbn-products"",""20"",""[10,10]"",""16"",""2"",""cpu"",""6000"",""32"",""3"",""cluster"",""0.4943804144859314"",""7.539642911986448"",""877.6265895760152"",""76.90724511700682"",""2.8313320875167847"",""649.6060632929439"",""[4600.9,650.21,0.01,0.51,0]"",""143.03708917694166"",""[708639556,1853219412,1556228351,0]"",""[4365286.88,520.22,403268.29,22029171.67,526.84,0,720.44,23841.15,0,0]"",""0.4997444748878479"",""32.480301771959056"",""12892.375"",""[13518635008,20106612736,200847360,2854912,0,16020889600,0,13503528960,13510606848,0]"","""","""","""""
"gcn-ogbn-products-cluster-cpu-32-20-2-16-10000-1024-[10, 10]-1000,""finished"",""-"","""","""",""2023-06-17T02:12:36.000Z"",""907"","""",""gcn"",""1024"",""1000"",""ogbn-products"",""20"",""[10,10]"",""16"",""2"",""cpu"",""10000"",""32"",""3"",""cluster"",""0.5843066573143005"",""4.926357207004912"",""901.6981915809448"",""77.80462614493445"",""2.2136427402496337"",""619.724939456908"",""[4847.18,640.3,0.03,0.54,0]"",""198.47247154300567"",""[707852418,1851233857,1554466806,0]"",""[4360696.56,520.22,402615.13,22005996.11,514.84,0,719.97,23813.06,0,0]"",""0.6331881284713745"",""30.986245529557344"",""12886.640625"",""[13512622080,20100333568,201211904,2854912,0,16014610432,0,13497987072,13504900096,0]"","""","""","""""
"gcn-ogbn-products-cluster-cpu-32-20-2-16-25000-1024-[10, 10]-1000,""finished"",""-"","""","""",""2023-06-17T01:58:19.000Z"",""850"","""",""gcn"",""1024"",""1000"",""ogbn-products"",""20"",""[10,10]"",""16"",""2"",""cpu"",""25000"",""32"",""3"",""cluster"",""0.691843569278717"",""12.480872511980124"",""844.1746935299598"",""76.08092901902273"",""1.6088601779937743"",""447.7267070849193"",""[5482.16,331.28,0.03,0.78,0]"",""307.3607468130067"",""[706974276,1849045719,1552577024,0]"",""[4355857.88,520.22,401971.27,21982268.63,500.45,0,719.54,23786.84,0,0]"",""0.7415519952774048"",""22.386333639663643"",""13124.4453125"",""[13761978368,20374720512,201269248,2854912,0,16288985088,0,13746868224,13753946112,0]"","""","""","""""
"gcn-ogbn-products-shadow-cpu-32-20-2-16-10-1024-[50]-1000,""finished"",""-"","""","""",""2023-06-16T11:20:19.000Z"",""52672"","""",""gcn"",""1024"",""1000"",""ogbn-products"",""20"",""[50]"",""16"",""2"",""cpu"",""10"",""32"",""3"",""shadow"",""0.8517031669616699"",""12.319435679004528"",""52667.16030421096"",""79.84806838596705"",""0.6819976481748986"",""52574.436951346"",""[174542.6,25713.38,0.01,0.04,0.01]"",""0.007854937925003469"",""[705841684,1846478819,1550387535,0]"",""[4350391.02,520.22,401635.71,21960692.67,490.5,0,718.94,23751.79,0,0]"",""0.7757209539413452"",""2628.721846067626"",""12909.234375"",""[13536313344,21435871232,200273920,2854912,0,16042856448,0,13520429056,13527568384,0]"","""","""","""""
"gcn-ogbn-products-shadow-cpu-32-20-2-16-10-1024-[40]-1000,""finished"",""-"","""","""",""2023-06-15T23:23:17.000Z"",""43015"","""",""gcn"",""1024"",""1000"",""ogbn-products"",""20"",""[40]"",""16"",""2"",""cpu"",""10"",""32"",""3"",""shadow"",""0.8523422479629517"",""9.468287832918575"",""43009.59830713703"",""79.90440994198434"",""0.6771678881324017"",""42919.65631204704"",""[143116.05,21244.3,0,0.04,0]"",""0.005554269999265671"",""[686108897,1777824885,1487008120,0]"",""[4176465.1,520.12,375978.88,20475817.8,466.56,0,685.7,22769.52,0,0]"",""0.7748533487319946"",""2145.9828142195997"",""12913.6015625"",""[13540892672,20739690496,199712768,2854912,0,16070782976,0,13525725184,13532632064,0]"","""","""","""""
"gcn-ogbn-products-shadow-cpu-32-20-2-16-10-1024-[30]-1000,""finished"",""-"","""","""",""2023-06-15T16:11:35.000Z"",""25894"","""",""gcn"",""1024"",""1000"",""ogbn-products"",""20"",""[30]"",""16"",""2"",""cpu"",""10"",""32"",""3"",""shadow"",""0.8514641523361206"",""9.02546183904633"",""25888.332664104993"",""81.85763331898488"",""0.675537073859279"",""25796.876895928057"",""[101895.49,11819.56,0,0.04,0]"",""0.0076378429075703025"",""[668708992,1720153329,1434581383,0]"",""[4033773.41,485.16,354757.15,19264025.78,444.22,0,660.37,22013.64,0,0]"",""0.7721485495567322"",""1289.8438429219532"",""12811.64453125"",""[13433982976,21529616384,200048640,2854912,0,15940747264,0,13417639936,13424704512,0]"","""","""","""""
"gcn-ogbn-products-shadow-cpu-32-20-2-16-10-1024-[20]-1000,""finished"",""-"","""","""",""2023-06-15T12:21:00.000Z"",""13827"","""",""gcn"",""1024"",""1000"",""ogbn-products"",""20"",""[20]"",""16"",""2"",""cpu"",""10"",""32"",""3"",""shadow"",""0.8494369387626648"",""9.079790324089116"",""13823.687436752953"",""76.49860146094579"",""0.6838054826840217"",""13737.56392138102"",""[65592.7,6894.04,0,0.05,0]"",""0.007782757980749011"",""[655605159,1679013154,1397641597,0]"",""[3932113.89,485.04,342941.43,18549277.7,429.91,0,641.43,21499.61,0,0]"",""0.7705937027931213"",""686.8781948225921"",""12794.71484375"",""[13416230912,21079334912,200712192,2854912,0,15947026432,0,13401145344,13408092160,0]"","""","""","""""
"gcn-ogbn-products-shadow-cpu-32-20-2-16-10-1024-[10]-1000,""finished"",""-"","""","""",""2023-06-15T11:31:35.000Z"",""2957"","""",""gcn"",""1024"",""1000"",""ogbn-products"",""20"",""[10]"",""16"",""2"",""cpu"",""10"",""32"",""3"",""shadow"",""0.8386197686195374"",""8.992347677005455"",""2953.069858744042"",""71.92881164303981"",""0.734661224592535"",""2871.579508075025"",""[29564.82,284.21,0,0.04,0]"",""0.0022678549867123365"",""[644795837,1649902100,1372721950,0]"",""[3866700.14,485.04,336051.25,18179235.94,421.74,0,627.45,21190.12,0,0]"",""0.7519528269767761"",""143.5789740821405"",""13206.31640625"",""[13847826432,21510209536,200675328,2854912,0,16377958400,0,13831786496,13838844928,0]"","""","""","""""
"gcn-ogbn-products-labor-cpu-32-20-2-16-10-1024-[50]-1000,""finished"",""-"","""","""",""2023-06-15T10:45:51.000Z"",""2736"","""",""gcn"",""1024"",""1000"",""ogbn-products"",""20"",""[50]"",""16"",""2"",""cpu"",""10"",""32"",""3"",""labor"",""0.8865549564361572"",""9.502452112967148"",""2730.507228182978"",""77.09694690199103"",""0.4424296972665144"",""2643.345548677026"",""[27652.93,4049.04,0,0.04,0]"",""0.003094174084253609"",""[638458038,1636075593,1361095442,0]"",""[3837247.73,485.04,335759.21,18114257.03,419.7,0,616.3,21051.66,0,0]"",""0.7087607383728027"",""132.16727618129806"",""15892.3515625"",""[16664338432,32830926848,200761344,2854912,0,19246596096,0,16649261056,16656359424,0]"","""","""","""""
"gcn-ogbn-products-labor-cpu-32-20-2-16-10-1024-[40]-1000,""finished"",""-"","""","""",""2023-06-15T10:12:25.000Z"",""1998"","""",""gcn"",""1024"",""1000"",""ogbn-products"",""20"",""[40]"",""16"",""2"",""cpu"",""10"",""32"",""3"",""labor"",""0.8843170404434204"",""9.07674385595601"",""1992.5523825009584"",""80.38995695090853"",""0.4502452262074064"",""1902.550783584942"",""[21994.61,3196.75,0,0.04,0]"",""0.002446496044285595"",""[633612538,1622314924,1349842056,0]"",""[3809712.58,485.04,331720.57,18058218.48,417.52,0,612.07,20887.84,0,0]"",""0.7077856063842773"",""95.12753784292728"",""15516.33203125"",""[16270053376,32824823808,199942144,2854912,0,18845810688,0,16255016960,16262054912,0]"","""","""","""""
"gcn-ogbn-products-labor-cpu-32-20-2-16-10-1024-[30]-1000,""finished"",""-"","""","""",""2023-06-15T09:47:10.000Z"",""1507"","""",""gcn"",""1024"",""1000"",""ogbn-products"",""20"",""[30]"",""16"",""2"",""cpu"",""10"",""32"",""3"",""labor"",""0.881290853023529"",""8.796137476107106"",""1501.940756878932"",""83.09518885391299"",""0.47035748345555417"",""1409.496821819921"",""[17762.29,2475.1,0,0.04,0]"",""0.003338119015097618"",""[629222230,1610393383,1340183528,0]"",""[3787797.47,485.04,328529.11,18019284.43,416.12,0,607.91,20738.34,0,0]"",""0.723981499671936"",""70.47483970423346"",""15247.8125"",""[15988490240,32678248448,200245248,2854912,0,18660864000,0,15972089856,15979296768,0]"","""","""","""""
"gcn-ogbn-products-labor-cpu-32-20-2-16-10-1024-[20]-1000,""finished"",""-"","""","""",""2023-06-15T09:30:35.000Z"",""988"","""",""gcn"",""1024"",""1000"",""ogbn-products"",""20"",""[20]"",""16"",""2"",""cpu"",""10"",""32"",""3"",""labor"",""0.878747820854187"",""4.1264775830786675"",""984.0430811599364"",""85.79234698100481"",""0.5217404073692974"",""893.5620061639929"",""[13261.04,1428.93,0,0.04,0]"",""0.01026721892412752"",""[625046367,1599729777,1331736892,0]"",""[3770082.33,485.04,326055.02,17991167.69,415.3,0,603.83,20609.6,0,0]"",""0.7123159170150757"",""44.678098185535056"",""14849.84375"",""[15571189760,32694136832,200695808,2854912,0,18323959808,0,15555571712,15562526720,0]"","""","""","""""
"gcn-ogbn-products-labor-cpu-32-20-2-16-10-1024-[10]-1000,""finished"",""-"","""","""",""2023-06-15T09:21:46.000Z"",""522"","""",""gcn"",""1024"",""1000"",""ogbn-products"",""20"",""[10]"",""16"",""2"",""cpu"",""10"",""32"",""3"",""labor"",""0.8564707636833191"",""8.547509907977656"",""517.6123447800055"",""86.99994778202381"",""0.6603257744114633"",""421.5166853669798"",""[8196.32,499.08,0,0.04,0]"",""0.0028193360194563866"",""[621312582,1590806708,1324961285,0]"",""[3756895.59,485.04,324628.38,17974052.83,414.87,0,601.03,20505.38,0,0]"",""0.7098217010498047"",""21.07583263660199"",""14176.26953125"",""[14864896000,32586698752,200171520,2854912,0,17596776448,0,14849728512,14856676352,0]"","""","""","""""
"gcn-ogbn-products-saint-cpu-32-20-2-16-10-1024-[10, 10]-800000,""finished"",""-"","""","""",""2023-06-14T18:05:16.000Z"",""54982"","""",""gcn"",""1024"",""800000"",""ogbn-products"",""20"",""[10,10]"",""16"",""2"",""cpu"",""10"",""32"",""3"",""saint"",""0.8351593613624573"",""9.570554976002311"",""54978.71557849005"",""90.50119369104505"",""0.7945297239975608"",""54878.038824694"",""[179431.92,19778.45,0,0.04,0]"",""0.0037849820218980312"",""[618818727,1584354811,1320094678,0]"",""[3748735.92,485.04,324125.73,17965843.23,414.52,0,598.47,20442.8,0,0]"",""0.8069401383399963"",""2743.9019397081456"",""12871.21875"",""[13496451072,20039090176,200556544,2854912,0,15999176704,0,13481775104,13488726016,0]"","""","""","""""
"gcn-ogbn-products-saint-cpu-32-20-2-16-10-1024-[10, 10]-700000,""finished"",""-"","""","""",""2023-06-14T05:35:48.000Z"",""44960"","""",""gcn"",""1024"",""700000"",""ogbn-products"",""20"",""[10,10]"",""16"",""2"",""cpu"",""10"",""32"",""3"",""saint"",""0.8342747092247009"",""7.664623614982702"",""44954.30557730107"",""87.25597506796475"",""0.802161944036039"",""44858.80198832799"",""[148896.79,13231.85,0,0.04,0]"",""0.0022641150280833244"",""[600183425,1517777561,1257096568,0]"",""[3569983.05,468.7,304372.59,16406000.52,388.44,0,573.64,19356.37,0,0]"",""0.8080725073814392"",""2242.9400979642696"",""13082.578125"",""[13718077440,20261556224,199647232,2854912,0,16221642752,0,13703426048,13710291968,0]"","""","""","""""
"gcn-ogbn-products-saint-cpu-32-20-2-16-10-1024-[10, 10]-400000,""finished"",""-"","""","""",""2023-06-13T23:24:46.000Z"",""22254"","""",""gcn"",""1024"",""400000"",""ogbn-products"",""20"",""[10,10]"",""16"",""2"",""cpu"",""10"",""32"",""3"",""saint"",""0.829895555973053"",""7.561547002987936"",""22250.340040149986"",""73.75660863891244"",""0.8326664449637418"",""22168.42071229499"",""[83317.71,7047.09,0.01,0.04,0]"",""0.005538518074899912"",""[584930955,1463788307,1205258945,0]"",""[3421571.93,465.93,291143.34,15129728.93,366.44,0,544.93,18506.48,0,0]"",""0.8058737516403198"",""1108.4210341681494"",""13149.52734375"",""[13788278784,20331188224,200290304,2854912,0,16291270656,0,13773541376,13780505600,0]"","""","""","""""
"gcn-ogbn-products-saint-cpu-32-20-2-16-10-1024-[10, 10]-230000,""finished"",""-"","""","""",""2023-06-13T20:27:35.000Z"",""10622"","""",""gcn"",""1024"",""230000"",""ogbn-products"",""20"",""[10,10]"",""16"",""2"",""cpu"",""10"",""32"",""3"",""saint"",""0.8229547739028931"",""7.468107815016992"",""10616.92863335507"",""76.73768304800615"",""0.8869415852072325"",""10532.17347059294"",""[50034.61,4488.63,0,0.04,0]"",""0.008046359987929463"",""[574430680,1430996611,1175050106,0]"",""[3338457.35,442.88,284080.67,14507989.93,353.22,0,535.47,18074.15,0,0]"",""0.8060120344161987"",""526.6086720870459"",""12919.6953125"",""[13547282432,20090363904,200683520,2854912,0,16050450432,0,13532897280,13540013056,0]"","""","""","""""
"gcn-ogbn-products-saint-cpu-32-20-2-16-10-1024-[10, 10]-100000,""finished"",""-"","""","""",""2023-06-13T19:40:26.000Z"",""2821"","""",""gcn"",""1024"",""100000"",""ogbn-products"",""20"",""[10,10]"",""16"",""2"",""cpu"",""10"",""32"",""3"",""saint"",""0.8015488982200623"",""8.822082009050064"",""2816.1173834449146"",""78.09894465596881"",""1.0254740999152625"",""2728.644595730002"",""[24183.3,330.54,0,0.04,0]"",""0.002154737012460828"",""[565818219,1408621899,1155485958,0]"",""[3288639.34,442.76,279597.75,14222521.12,347.07,0,529.75,17814.92,0,0]"",""0.7986481189727783"",""136.4322282261739"",""13539.3515625"",""[14197039104,20764041216,200462336,2854912,0,16724361216,0,14181728256,14188656640,0]"","""","""","""""
"gcn-ogbn-products-neighbor-cpu-32-20-2-16-10-1024-[50]-1000,""finished"",""-"","""","""",""2023-06-13T18:57:50.000Z"",""2548"","""",""gcn"",""1024"",""1000"",""ogbn-products"",""20"",""[50]"",""16"",""2"",""cpu"",""10"",""32"",""3"",""neighbor"",""0.8869364261627197"",""8.837348369997926"",""2543.9918930230197"",""77.39554367307574"",""0.4366794084946726"",""2457.2081987439888"",""[36224.16,5061.92,0,0.05,0]"",""0.0025477290619164705"",""[560730770,1396892453,1145515822,0]"",""[3264575.73,442.76,279260.66,14156594.89,345.23,0,526.83,17680.56,0,0]"",""0.7105220556259155"",""122.8604086899024"",""15022.33203125"",""[15752056832,32883093504,199872512,2854912,0,18449297408,0,15736336384,15743330304,0]"","""","""","""""
"gcn-ogbn-products-neighbor-cpu-32-20-2-16-10-1024-[40]-1000,""finished"",""-"","""","""",""2023-06-13T18:24:46.000Z"",""1976"","""",""gcn"",""1024"",""1000"",""ogbn-products"",""20"",""[40]"",""16"",""2"",""cpu"",""10"",""32"",""3"",""neighbor"",""0.8835033178329468"",""8.862077423022129"",""1970.8962927690009"",""78.43388554395642"",""0.44837200317358106"",""1883.0370473120129"",""[30988.1,4033.45,0,0.04,0]"",""0.00769910600502044"",""[551831345,1378398339,1131412610,0]"",""[3228550.79,442.76,274219.51,14116129.02,343.84,0,511.62,17446.63,0,0]"",""0.7121627330780029"",""94.15185053754831"",""14461.125"",""[15163588608,32831795200,200298496,2854912,0,17778724864,0,15149031424,15155954688,0]"","""","""","""""
"gcn-ogbn-products-neighbor-cpu-32-20-2-16-10-1024-[30]-1000,""finished"",""-"","""","""",""2023-06-13T18:00:12.000Z"",""1466"","""",""gcn"",""1024"",""1000"",""ogbn-products"",""20"",""[30]"",""16"",""2"",""cpu"",""10"",""32"",""3"",""neighbor"",""0.8843424916267395"",""8.621122283977456"",""1399.2145889779786"",""78.11854438204318"",""0.463698829934387"",""1311.9266671709483"",""[25065.79,3071.77,0,0.04,0]"",""0.0029420009814202785"",""[544500183,1362143057,1118934332,0]"",""[3197689.02,442.76,270195.89,14085784.76,342.92,0,496.58,17281.86,0,0]"",""0.7130086421966553"",""65.59633200170356"",""13888.7265625"",""[14563385344,32636887040,199589888,2854912,0,17180860416,0,14548987904,14556070912,0]"","""","""","""""
"gcn-ogbn-products-neighbor-cpu-32-20-2-16-10-1024-[20]-1000,""finished"",""-"","""","""",""2023-06-13T17:41:44.000Z"",""1101"","""",""gcn"",""1024"",""1000"",""ogbn-products"",""20"",""[20]"",""16"",""2"",""cpu"",""10"",""32"",""3"",""neighbor"",""0.8765099048614502"",""9.05156462593004"",""1096.526219374966"",""83.28898432804272"",""0.4990412436927538"",""1003.630964345066"",""[21394.87,2132.17,0,0.03,0]"",""0.0026186240138486028"",""[538544944,1348267407,1108587895,0]"",""[3172732.99,442.76,267131.15,14068839.34,342.43,0,482.07,17151.02,0,0]"",""0.7086758017539978"",""50.18154676179984"",""13688.203125"",""[14353121280,32614297600,200216576,2854912,0,17059586048,0,14338498560,14345565184,0]"","""","""","""""
"gcn-ogbn-products-neighbor-cpu-32-20-2-16-10-1024-[10]-1000,""finished"",""-"","""","""",""2023-06-13T17:29:02.000Z"",""755"","""",""gcn"",""1024"",""1000"",""ogbn-products"",""20"",""[10]"",""16"",""2"",""cpu"",""10"",""32"",""3"",""neighbor"",""0.8638710379600525"",""3.995847158017568"",""750.5385231809923"",""86.1925228999462"",""0.6096890871388925"",""659.7953516490525"",""[17652.67,963.11,0,0.03,0]"",""0.007652205997146666"",""[532822259,1335472399,1099417489,0]"",""[3151454.81,442.76,265004.57,14056934.45,342.13,0,469.43,17047.5,0,0]"",""0.7057337164878845"",""32.98976568819489"",""13238.08203125"",""[13881135104,32619524096,200323072,2854912,0,16566026240,0,13866418176,13873362944,0]"","""","""","""""
"gcn-ogbn-products-cluster-cpu-32-20-2-16-3500-1024-[10, 10]-1000,""finished"",""-"","""","""",""2023-06-13T17:13:16.000Z"",""938"","""",""gcn"",""1024"",""1000"",""ogbn-products"",""20"",""[10,10]"",""16"",""2"",""cpu"",""3500"",""32"",""2"",""cluster"",""0.216124027967453"",""4.247807367006317"",""931.5523066290187"",""87.72312950098421"",""3.3615590929985046"",""725.5549029989634"",""[4655.81,884.75,0.01,0.52,0]"",""113.48292706697248"",""[526673870,1324198900,1091624518,0]"",""[3133836.62,442.76,264037.25,14051131.09,341.99,0,455.96,16951.08,0,0]"",""0.2109416127204895"",""36.277743813215054"",""12710.29296875"",""[13327708160,19915108352,200871936,2854912,0,15829385216,0,13311889408,13319043072,0]"","""","""","""""
"gcn-ogbn-products-cluster-cpu-32-20-2-16-5000-1024-[10, 10]-1000,""finished"",""-"","""","""",""2023-06-13T16:57:28.000Z"",""941"","""",""gcn"",""1024"",""1000"",""ogbn-products"",""20"",""[10,10]"",""16"",""2"",""cpu"",""5000"",""32"",""2"",""cluster"",""0.3345436155796051"",""8.200899934978224"",""934.8795112379594"",""79.04181346099358"",""3.176641845703125"",""690.5485544089461"",""[4771.04,611.03,0.01,0.5,0]"",""156.56259004503954"",""[525779280,1322054934,1089752862,0]"",""[3129180.86,442.76,263148.84,14026469.29,337.22,0,455.59,16921.34,0,0]"",""0.3333229422569275"",""34.52742618815391"",""13056.46875"",""[13690699776,20277256192,200699904,2854912,0,16191533056,0,13674541056,13681460224,0]"","""","""","""""
"gcn-ogbn-products-cluster-cpu-32-20-2-16-6000-1024-[10, 10]-1000,""finished"",""-"","""","""",""2023-06-13T16:42:39.000Z"",""882"","""",""gcn"",""1024"",""1000"",""ogbn-products"",""20"",""[10,10]"",""16"",""2"",""cpu"",""6000"",""32"",""2"",""cluster"",""0.4539978802204132"",""4.087676271912642"",""875.4431335190311"",""84.47395076509565"",""2.9034926891326904"",""656.7901021649595"",""[4791.93,679.37,0.02,0.54,0]"",""129.54263167805038"",""[524967032,1320102485,1087928291,0]"",""[3124420.28,442.76,262534.56,14001541.89,327.53,0,455.06,16889.83,0,0]"",""0.4771502912044525"",""32.839503716508624"",""12830.83203125"",""[13454102528,20040851456,201170944,2854912,0,15955128320,0,13438468096,13445374976,0]"","""","""","""""
"gcn-ogbn-products-cluster-cpu-32-20-2-16-10000-1024-[10, 10]-1000,""finished"",""-"","""","""",""2023-06-13T16:27:37.000Z"",""895"","""",""gcn"",""1024"",""1000"",""ogbn-products"",""20"",""[10,10]"",""16"",""2"",""cpu"",""10000"",""32"",""2"",""cluster"",""0.5406571626663208"",""4.042719076969661"",""889.864866495016"",""79.53225107502658"",""2.20783474445343"",""611.3100747340359"",""[5030.4,552.38,0.02,0.53,0]"",""194.26567535405047"",""[524088829,1318001739,1086072095,0]"",""[3119638.16,442.76,261852.31,13978630.74,317.11,0,454.63,16859.47,0,0]"",""0.6000991463661194"",""30.565502203139477"",""12973.890625"",""[13604110336,20191834112,200912896,2854912,0,16106106880,0,13588844544,13595898880,0]"","""","""","""""
"gcn-ogbn-products-cluster-cpu-32-20-2-16-25000-1024-[10, 10]-1000,""finished"",""-"","""","""",""2023-06-13T16:12:35.000Z"",""895"","""",""gcn"",""1024"",""1000"",""ogbn-products"",""20"",""[10,10]"",""16"",""2"",""cpu"",""25000"",""32"",""2"",""cluster"",""0.6885977983474731"",""10.53318563301582"",""888.7830033019418"",""80.7999990999233"",""1.5793868160247804"",""476.91226310504135"",""[5715.31,319.66,0.04,0.76,0]"",""320.0158920789836"",""[523126233,1315787317,1084100087,0]"",""[3114613.16,442.76,261295.75,13955355.76,303.97,0,454.06,16830.04,0,0]"",""0.7313088178634644"",""23.845611720503076"",""13088.50390625"",""[13724291072,20337147904,201166848,2854912,0,16251412480,0,13709488128,13716421632,0]"","""","""","""""
"gcn-ogbn-products-shadow-cpu-32-20-2-16-10-1024-[50]-1000,""finished"",""-"","""","""",""2023-06-13T01:48:15.000Z"",""51853"","""",""gcn"",""1024"",""1000"",""ogbn-products"",""20"",""[50]"",""16"",""2"",""cpu"",""10"",""32"",""2"",""shadow"",""0.8510417938232422"",""11.66589990403736"",""51847.744618394994"",""85.26083863398526"",""0.6771218214627992"",""51750.263802387984"",""[172457.6,26259.09,0,0.04,0]"",""0.0027304139803163707"",""[521955568,1313167062,1081808908,0]"",""[3108921.77,442.76,260972.2,13932603.7,294.52,0,453.47,16796.93,0,0]"",""0.776573121547699"",""2587.5131885391484"",""12944.01953125"",""[13572788224,21606711296,199815168,2854912,0,16080076800,0,13557268480,13564329984,0]"","""","""","""""
"gcn-ogbn-products-shadow-cpu-32-20-2-16-10-1024-[40]-1000,""finished"",""-"","""","""",""2023-06-12T14:14:51.000Z"",""41597"","""",""gcn"",""1024"",""1000"",""ogbn-products"",""20"",""[40]"",""16"",""2"",""cpu"",""10"",""32"",""2"",""shadow"",""0.8525408506393433"",""8.833552372001577"",""41590.97469734796"",""81.25837878196035"",""0.6796402696500788"",""41500.328411247"",""[139579.76,21477.26,0,0.04,0]"",""0.0022207999718375504"",""[502298185,1244718188,1019124343,0]"",""[2937081.27,431.62,234772.29,12472419.45,271.04,0,424.6,15801.84,0,0]"",""0.7740440964698792"",""2075.016419190154"",""12759.59765625"",""[13379407872,20571774976,200478720,2854912,0,15899828224,0,13363662848,13370703872,0]"","""","""","""""
"gcn-ogbn-products-shadow-cpu-32-20-2-16-10-1024-[30]-1000,""finished"",""-"","""","""",""2023-06-12T07:07:51.000Z"",""25612"","""",""gcn"",""1024"",""1000"",""ogbn-products"",""20"",""[30]"",""16"",""2"",""cpu"",""10"",""32"",""2"",""shadow"",""0.8533719778060913"",""8.595518055022694"",""25605.668397178"",""79.10658990801312"",""0.6678540734429433"",""25517.410306003003"",""[103616.47,10929.93,0,0.04,0]"",""0.0023927459842525423"",""[485517258,1188050519,967743737,0]"",""[2797897.45,431.53,213327.16,11302606.52,252.25,0,395.25,15115.76,0,0]"",""0.7750634551048279"",""1275.8705138021528"",""12761.30859375"",""[13381201920,21409656832,199753728,2854912,0,15888715776,0,13365784576,13372675072,0]"","""","""","""""
"gcn-ogbn-products-shadow-cpu-32-20-2-16-10-1024-[20]-1000,""finished"",""-"","""","""",""2023-06-12T03:18:22.000Z"",""13762"","""",""gcn"",""1024"",""1000"",""ogbn-products"",""20"",""[20]"",""16"",""2"",""cpu"",""10"",""32"",""2"",""shadow"",""0.8507815003395081"",""8.996446419041604"",""13756.730431557982"",""84.25254643301014"",""0.6799233673150058"",""13662.931076657958"",""[65452.93,7303.41,0.01,0.03,0]"",""0.005889663996640593"",""[472096640,1146710433,930585954,0]"",""[2694562.68,424.4,202400.66,10597719.93,238.89,0,374.42,14601.45,0,0]"",""0.7658916711807251"",""683.1465525048465"",""12922.94140625"",""[13550686208,21667831808,200404992,2854912,0,16083664896,0,13535338496,13541957632,0]"","""","""","""""
"gcn-ogbn-products-shadow-cpu-32-20-2-16-10-1024-[10]-1000,""finished"",""-"","""","""",""2023-06-12T02:29:07.000Z"",""2947"","""",""gcn"",""1024"",""1000"",""ogbn-products"",""20"",""[10]"",""16"",""2"",""cpu"",""10"",""32"",""2"",""shadow"",""0.8384160399436951"",""8.942599301983137"",""2942.2263956950046"",""72.97042453999165"",""0.7382602259285092"",""2859.7603152890224"",""[29871.67,251.23,0,0.03,0]"",""0.007592559035401791"",""[461042324,1117234966,905609544,0]"",""[2629276.9,422.16,195099.55,10230074.08,231.69,0,358.93,14286.89,0,0]"",""0.7510002851486206"",""142.98801388735302"",""13383.82421875"",""[14033956864,21626572800,200261632,2854912,0,16567226368,0,14020571136,14027630592,0]"","""","""","""""
"gcn-ogbn-products-labor-cpu-32-20-2-16-10-1024-[50]-1000,""finished"",""-"","""","""",""2023-06-12T01:42:43.000Z"",""2776"","""",""gcn"",""1024"",""1000"",""ogbn-products"",""20"",""[50]"",""16"",""2"",""cpu"",""10"",""32"",""2"",""labor"",""0.8852071166038513"",""10.678105950006284"",""2771.869918805023"",""81.06032472103834"",""0.4372184767624257"",""2679.596274221025"",""[28279.32,4036.4,0,0.04,0]"",""0.002424632024485618"",""[454488316,1103214062,893861486,0]"",""[2599509.44,422.16,194839.88,10165728.96,229.86,0,348,14148.81,0,0]"",""0.7125888466835022"",""133.97981139695622"",""15858.6171875"",""[16628965376,32808206336,199925760,2854912,0,19206791168,0,16613122048,16620131328,0]"","""","""","""""
"gcn-ogbn-products-labor-cpu-32-20-2-16-10-1024-[40]-1000,""finished"",""-"","""","""",""2023-06-12T01:08:32.000Z"",""2043"","""",""gcn"",""1024"",""1000"",""ogbn-products"",""20"",""[40]"",""16"",""2"",""cpu"",""10"",""32"",""2"",""labor"",""0.8836812973022461"",""8.183526028995402"",""2038.0561522900243"",""82.09377368498826"",""0.45800875536518393"",""1947.2386854499928"",""[22743.4,3223.63,0,0.04,0]"",""0.002471664978656918"",""[449406934,1089139528,882457528,0]"",""[2571354.39,422.16,190814.5,10109002.56,228.41,0,343.31,13974.15,0,0]"",""0.7196857333183289"",""97.36193300809828"",""15451.30859375"",""[16201871360,32710529024,199684096,2854912,0,18844213248,0,16186613760,16193479680,0]"","""","""","""""
"gcn-ogbn-products-labor-cpu-32-20-2-16-10-1024-[30]-1000,""finished"",""-"","""","""",""2023-06-12T00:43:41.000Z"",""1482"","""",""gcn"",""1024"",""1000"",""ogbn-products"",""20"",""[30]"",""16"",""2"",""cpu"",""10"",""32"",""2"",""labor"",""0.8834270238876343"",""7.755344096978661"",""1477.1525893830112"",""79.31431129202247"",""0.47492507748653234"",""1389.530443324009"",""[17447.78,2415.36,0,0.04,0]"",""0.0027231419808231294"",""[444747429,1076910075,872700987,0]"",""[2548716,422.16,187598.88,10069395.39,227.19,0,338.97,13830.86,0,0]"",""0.7112807631492615"",""69.47652075110818"",""15022.0546875"",""[15751766016,32656330752,199946240,2854912,0,18398679040,0,15736893440,15743808512,0]"","""","""","""""
"gcn-ogbn-products-labor-cpu-32-20-2-16-10-1024-[20]-1000,""finished"",""-"","""","""",""2023-06-12T00:28:11.000Z"",""923"","""",""gcn"",""1024"",""1000"",""ogbn-products"",""20"",""[20]"",""16"",""2"",""cpu"",""10"",""32"",""2"",""labor"",""0.8773491382598877"",""4.486944756004959"",""917.663166801969"",""79.30942100298125"",""0.5166340428621657"",""833.3286619840073"",""[12225.93,1442.82,0,0.04,0]"",""0.002514539984986186"",""[440834167,1066554494,864837743,0]"",""[2531331.48,422.16,185186.56,10041620.61,226.38,0,334.93,13708.28,0,0]"",""0.7205180525779724"",""41.66643148429866"",""14636.578125"",""[15347564544,32623611904,200327168,2854912,0,18086735872,0,15332089856,15339116544,0]"","""","""","""""
"gcn-ogbn-products-labor-cpu-32-20-2-16-10-1024-[10]-1000,""finished"",""-"","""","""",""2023-06-12T00:19:45.000Z"",""498"","""",""gcn"",""1024"",""1000"",""ogbn-products"",""20"",""[10]"",""16"",""2"",""cpu"",""10"",""32"",""2"",""labor"",""0.8556824326515198"",""9.483903154032305"",""494.7560765030212"",""78.0162059700233"",""0.6656102309186842"",""406.72966977301985"",""[7772.14,423,0.01,0.03,0]"",""0.0025516540044918656"",""[437602039,1058123629,858652760,0]"",""[2519163.71,422.16,183745.7,10025599.87,226.01,0,332.3,13616.31,0,0]"",""0.702966570854187"",""20.336481763550545"",""14173.05078125"",""[14861520896,32658513920,200118272,2854912,0,17635020800,0,14846046208,14853007360,0]"","""","""","""""
"gcn-ogbn-products-saint-cpu-32-20-2-16-10-1024-[10, 10]-800000,""finished"",""-"","""","""",""2023-06-11T09:29:09.000Z"",""53428"","""",""gcn"",""1024"",""800000"",""ogbn-products"",""20"",""[10,10]"",""16"",""2"",""cpu"",""10"",""32"",""2"",""saint"",""0.8356548547744751"",""10.103952178033069"",""53422.765832384"",""85.35446265200153"",""0.7940280437469482"",""53326.75679150096"",""[171323.05,20316.97,0,0.04,0]"",""0.002308497962076217"",""[435338906,1051876200,854002622,0]"",""[2511425.49,422.16,183319.12,10017596.6,225.73,0,328.8,13559.6,0,0]"",""0.8083481192588806"",""2666.337838205201"",""12886.41796875"",""[13512388608,20055855104,200220672,2854912,0,16015937536,0,13497696256,13504824320,0]"","""","""","""""
"gcn-ogbn-products-saint-cpu-32-20-2-16-10-1024-[10, 10]-700000,""finished"",""-"","""","""",""2023-06-10T21:20:31.000Z"",""43710"","""",""gcn"",""1024"",""700000"",""ogbn-products"",""20"",""[10,10]"",""16"",""2"",""cpu"",""10"",""32"",""2"",""saint"",""0.8324333429336548"",""8.493122600018978"",""43705.82283426897"",""71.43214798398549"",""0.8035441803808657"",""43625.35480488802"",""[144757.13,12427.11,0,0.04,0]"",""0.002225038013420999"",""[417696156,987384906,794747187,0]"",""[2340716.05,422.04,163034.23,8499924.67,200.33,0,311.8,12557.51,0,0]"",""0.8077837824821472"",""2181.267738549295"",""13259.20703125"",""[13903286272,20446339072,199979008,2854912,0,16406425600,0,13888385024,13895287808,0]"","""","""","""""
"gcn-ogbn-products-saint-cpu-32-20-2-16-10-1024-[10, 10]-400000,""finished"",""-"","""","""",""2023-06-10T15:23:57.000Z"",""21387"","""",""gcn"",""1024"",""400000"",""ogbn-products"",""20"",""[10,10]"",""16"",""2"",""cpu"",""10"",""32"",""2"",""saint"",""0.8289844393730164"",""7.422955944028217"",""21383.05735203001"",""74.34867517201928"",""0.8369817536111941"",""21300.749588503968"",""[81305.02,7205.21,0,0.04,0]"",""0.002374551957473159"",""[403374278,935133471,744954957,0]"",""[2196366.13,418.6,150600.83,7258678.91,180.12,0,287.92,11760.39,0,0]"",""0.8078113198280334"",""1065.0374779003032"",""13117.578125"",""[13754777600,20297576448,199839744,2854912,0,16257662976,0,13739732992,13746620416,0]"","""","""","""""
"gcn-ogbn-products-saint-cpu-32-20-2-16-10-1024-[10, 10]-230000,""finished"",""-"","""","""",""2023-06-10T12:37:06.000Z"",""10003"","""",""gcn"",""1024"",""230000"",""ogbn-products"",""20"",""[10,10]"",""16"",""2"",""cpu"",""10"",""32"",""2"",""saint"",""0.8229011297225952"",""6.879905659996439"",""9998.827468681033"",""77.15759765199618"",""0.8909146044538429"",""9914.23972970096"",""[49068.47,4061.53,0.01,0.03,0]"",""0.00186414597555995"",""[392857433,902724813,715251697,0]"",""[2115279.57,418.6,143393.59,6662817,169.83,0,277.68,11333.83,0,0]"",""0.804833173751831"",""495.7119849137933"",""12948.39453125"",""[13577375744,20119646208,200265728,2854912,0,16079732736,0,13561724928,13568775168,0]"","""","""","""""
"gcn-ogbn-products-saint-cpu-32-20-2-16-10-1024-[10, 10]-100000,""finished"",""-"","""","""",""2023-06-10T11:52:12.000Z"",""2686"","""",""gcn"",""1024"",""100000"",""ogbn-products"",""20"",""[10,10]"",""16"",""2"",""cpu"",""10"",""32"",""2"",""saint"",""0.8006129264831543"",""7.372570145991631"",""2682.3996680449927"",""70.66434085095534"",""1.0279580052034842"",""2603.8234749169787"",""[23111.81,302.57,0,0.04,0]"",""0.0020585039746947587"",""[384668277,881050040,696187016,0]"",""[2066400.61,418.6,139334.39,6395769.53,164.74,0,271.99,11078.82,0,0]"",""0.7890141010284424"",""130.1911722993973"",""13521.46875"",""[14178287616,20745945088,200609792,2854912,0,16706289664,0,14163369984,14170540032,0]"","""","""","""""
"gcn-ogbn-products-neighbor-cpu-32-20-2-16-10-1024-[50]-1000,""finished"",""-"","""","""",""2023-06-10T11:09:40.000Z"",""2544"","""",""gcn"",""1024"",""1000"",""ogbn-products"",""20"",""[50]"",""16"",""2"",""cpu"",""10"",""32"",""2"",""neighbor"",""0.8856140375137329"",""7.713375824037939"",""2540.6257838750025"",""78.30518033000408"",""0.4414386573233135"",""2454.0767448819824"",""[36227.58,4929.32,0,0.03,0]"",""0.0029286700300872326"",""[379898614,869738563,686667207,0]"",""[2043408.68,418.6,139025.17,6333043.84,163.08,0,269.01,10941.17,0,0]"",""0.7108763456344604"",""122.7038358973543"",""14513.140625"",""[15218130944,32740700160,200286208,2854912,0,17846796288,0,15204126720,15211066368,0]"","""","""","""""
"gcn-ogbn-products-neighbor-cpu-32-20-2-16-10-1024-[40]-1000,""finished"",""-"","""","""",""2023-06-10T10:35:46.000Z"",""2026"","""",""gcn"",""1024"",""1000"",""ogbn-products"",""20"",""[40]"",""16"",""2"",""cpu"",""10"",""32"",""2"",""neighbor"",""0.8834015727043152"",""7.491084198991302"",""2021.2568755560203"",""81.57954892399721"",""0.44298021989474023"",""1931.636612278031"",""[31275.3,4069.89,0,0.03,0]"",""0.002208295016316697"",""[371690879,851382147,671869436,0]"",""[2007326.8,418.6,134109.31,6292576.83,161.73,0,254.06,10729.9,0,0]"",""0.705567479133606"",""96.5818291713542"",""14265.93359375"",""[14958915584,32800038912,200527872,2854912,0,17580171264,0,14944305152,14951251968,0]"","""","""","""""
"gcn-ogbn-products-neighbor-cpu-32-20-2-16-10-1024-[30]-1000,""finished"",""-"","""","""",""2023-06-10T10:11:24.000Z"",""1453"","""",""gcn"",""1024"",""1000"",""ogbn-products"",""20"",""[30]"",""16"",""2"",""cpu"",""10"",""32"",""2"",""neighbor"",""0.8831726908683777"",""10.216707493993454"",""1449.4358530680183"",""87.6478020340146"",""0.4634748400801822"",""1351.0248564470094"",""[25489.13,2996.69,0,0.03,0]"",""0.0020479370141401887"",""[364069724,834867952,658875043,0]"",""[1976223.4,418.6,130055.53,6262917.57,160.66,0,238.97,10559.76,0,0]"",""0.7167509198188782"",""67.55124142919958"",""14173.3984375"",""[14861885440,32755187712,200511488,2854912,0,17481441280,0,14846902272,14853856256,0]"","""","""","""""
"gcn-ogbn-products-neighbor-cpu-32-20-2-16-10-1024-[20]-1000,""finished"",""-"","""","""",""2023-06-10T09:52:46.000Z"",""1110"","""",""gcn"",""1024"",""1000"",""ogbn-products"",""20"",""[20]"",""16"",""2"",""cpu"",""10"",""32"",""2"",""neighbor"",""0.878442645072937"",""6.869478200998856"",""1107.002562309004"",""89.30492195498664"",""0.48911223510386415"",""1010.2834776109958"",""[21645.12,2094.78,0,0.03,0]"",""0.00858705400605686"",""[357805963,820677156,648184643,0]"",""[1950859.75,418.6,127067.36,6244733.92,160.18,0,224.53,10413.26,0,0]"",""0.7175764441490173"",""50.51417244724871"",""13567.73828125"",""[14226804736,32604569600,199987200,2854912,0,16900227072,0,14211358720,14218369024,0]"","""","""","""""
"gcn-ogbn-products-neighbor-cpu-32-20-2-16-10-1024-[10]-1000,""finished"",""-"","""","""",""2023-06-10T09:40:43.000Z"",""715"","""",""gcn"",""1024"",""1000"",""ogbn-products"",""20"",""[10]"",""16"",""2"",""cpu"",""10"",""32"",""2"",""neighbor"",""0.8628029227256775"",""11.562486305017956"",""710.8332297019952"",""78.72228752300725"",""0.6000173155199061"",""620.0099377509905"",""[16719.88,1014.52,0,0.04,0]"",""0.0021773690241388977"",""[351750649,807765338,638858930,0]"",""[1929321.64,418.6,124976.35,6232724.06,159.76,0,212.05,10298.37,0,0]"",""0.7037681937217712"",""31.00049521195615"",""13569.8125"",""[14228979712,32617295872,200740864,2854912,0,16965079040,0,14213406720,14220364800,0]"","""","""","""""
"gcn-ogbn-products-cluster-cpu-32-20-2-16-3500-1024-[10, 10]-1000,""finished"",""-"","""","""",""2023-06-07T08:03:26.000Z"",""1020"","""",""gcn"",""1024"",""1000"",""ogbn-products"",""20"",""[10,10]"",""16"",""2"",""cpu"",""3500"",""32"",""1"",""cluster"",""0.4188941717147827"",""7.71979608014226"",""1013.5485226428136"",""85.25644858181477"",""3.1866000294685364"",""787.5140393751208"",""[5108.25,894.77,0.02,0.55,0]"",""132.50005426397547"",""[1154860015,2454432251,1977103908,0]"",""[4918540.94,108.73,619898.01,40825588.99,1401.16,0,1471.03,28722.19,0,0]"",""0.4291400611400604"",""39.37570031230571"",""12717"",""[13334740992,19918835712,192094208,2854912,0,15843536896,0,13309374464,13319434240,0]"","""","""","""""
"gcn-ogbn-products-cluster-cpu-32-20-2-16-5000-1024-[10, 10]-1000,""finished"",""-"","""","""",""2023-06-07T07:46:56.000Z"",""983"","""",""gcn"",""1024"",""1000"",""ogbn-products"",""20"",""[10,10]"",""16"",""2"",""cpu"",""5000"",""32"",""1"",""cluster"",""0.4611668586730957"",""10.519680839031937"",""975.5033012118656"",""85.67787182098255"",""3.0008316040039062"",""699.7824353962205"",""[5773.9,446.04,0.01,0.58,0]"",""178.98427910683677"",""[1153848289,2451724689,1974888454,0]"",""[4913437.72,108.73,618999.88,40798707.84,1396.82,0,1470.16,28689.88,0,0]"",""0.4736831784248352"",""34.98912025652826"",""13327.2265625"",""[13974609920,20557967360,192172032,2854912,0,16482668544,0,13948493824,13958603776,0]"","""","""","""""
"gcn-ogbn-products-cluster-cpu-32-20-2-16-6000-1024-[10, 10]-1000,""finished"",""-"","""","""",""2023-06-07T07:31:48.000Z"",""901"","""",""gcn"",""1024"",""1000"",""ogbn-products"",""20"",""[10,10]"",""16"",""2"",""cpu"",""6000"",""32"",""1"",""cluster"",""0.47285598516464233"",""5.868690629024059"",""894.4105130750686"",""72.91069340193644"",""2.915501276652018"",""670.3161038309336"",""[5263.46,565.44,0.02,0.55,0]"",""144.7646122800652"",""[1152809640,2449090302,1972623217,0]"",""[4907675.64,108.73,618549.44,40773314.51,1392.03,0,1469.81,28660.26,0,0]"",""0.4993603825569153"",""33.51580362666864"",""13133.85546875"",""[13771845632,20423028736,192008192,2854912,0,16281415680,0,13746520064,13756664832,0]"","""","""","""""
"gcn-ogbn-products-cluster-cpu-32-20-2-16-10000-1024-[10, 10]-1000,""finished"",""-"","""","""",""2023-06-07T07:15:51.000Z"",""950"","""",""gcn"",""1024"",""1000"",""ogbn-products"",""20"",""[10,10]"",""16"",""2"",""cpu"",""10000"",""32"",""1"",""cluster"",""0.5549550652503967"",""5.882074852939695"",""942.4273596098648"",""77.4930353439413"",""2.252980351448059"",""635.7383529811632"",""[5493.47,612.79,0,0.63,0]"",""222.73638155893423"",""[1151805039,2446504140,1970492952,0]"",""[4902426.25,108.73,617980.14,40750069.84,1385.01,0,1469.28,28632.28,0,0]"",""0.5954603552818298"",""31.786916222481523"",""12900.93359375"",""[13527609344,20112764928,190550016,2854912,0,16037462016,0,13501960192,13512054784,0]"","""","""","""""
"gcn-ogbn-products-cluster-cpu-32-20-2-16-25000-1024-[10, 10]-1000,""finished"",""-"","""","""",""2023-06-07T07:01:01.000Z"",""883"","""",""gcn"",""1024"",""1000"",""ogbn-products"",""20"",""[10,10]"",""16"",""2"",""cpu"",""25000"",""32"",""1"",""cluster"",""0.6876039505004883"",""17.25903462502174"",""876.9727440138813"",""72.0540791968815"",""1.5965002489089966"",""449.43347365478985"",""[6162.92,268.8,0.03,0.88,0]"",""337.67642938601784"",""[1150713856,2443649608,1968198756,0]"",""[4896943.97,108.73,617363.3,40725647.1,1377.88,0,1468.32,28603.19,0,0]"",""0.7389791011810303"",""22.47167206493905"",""13203.0390625"",""[13844389888,20422836224,196861952,2854912,0,16347537408,0,13817987072,13828242432,0]"","""","""","""""
"gcn-ogbn-products-shadow-cpu-32-20-2-16-10-1024-[50]-1000,""finished"",""-"","""","""",""2023-06-06T16:00:00.000Z"",""54053"","""",""gcn"",""1024"",""1000"",""ogbn-products"",""20"",""[50]"",""16"",""2"",""cpu"",""10"",""32"",""1"",""shadow"",""0.8520691394805908"",""16.817265775054693"",""54048.50999012194"",""81.81690955907106"",""0.6793962031448443"",""53949.29876652709"",""[183749.04,25467.54,0,0.04,0]"",""0.002167508937418461"",""[1149365670,2440470655,1965595960,0]"",""[4890791.38,108.73,617088.75,40703660.67,1373.35,0,1467.75,28561.28,0,0]"",""0.7783154845237732"",""2697.464936853561"",""12967.15625"",""[13597048832,20832813056,193814528,2854912,0,16106893312,0,13571821568,13580610560,0]"","""","""","""""
"gcn-ogbn-products-shadow-cpu-32-20-2-16-10-1024-[40]-1000,""finished"",""-"","""","""",""2023-06-06T03:37:55.000Z"",""44517"","""",""gcn"",""1024"",""1000"",""ogbn-products"",""20"",""[40]"",""16"",""2"",""cpu"",""10"",""32"",""1"",""shadow"",""0.8516637682914734"",""17.234577486058697"",""44512.42563749594"",""82.61564752901904"",""0.6772711008323906"",""44412.00132224918"",""[151556.8,22772.07,0.01,0.03,0]"",""0.002470985986292362"",""[1128670636,2366981129,1898044902,0]"",""[4707549.56,97.56,591652.84,39183605.11,1347.59,0,1407.67,27537.26,0,0]"",""0.7727847695350647"",""2220.60006463232"",""12788.0390625"",""[13409230848,21170221056,192319488,2854912,0,15930847232,0,13383483392,13392103424,0]"","""","""","""""
"gcn-ogbn-products-shadow-cpu-32-20-2-16-10-1024-[30]-1000,""finished"",""-"","""","""",""2023-06-05T20:07:25.000Z"",""27022"","""",""gcn"",""1024"",""1000"",""ogbn-products"",""20"",""[30]"",""16"",""2"",""cpu"",""10"",""32"",""1"",""shadow"",""0.8518625497817993"",""16.7063191679772"",""27016.053209565813"",""80.64182040793821"",""0.6758829494214429"",""26918.13525348995"",""[109117.51,12097.05,0,0.04,0]"",""0.002401459962129593"",""[1109972405,2303606851,1840724788,0]"",""[4556408.32,91.12,568915.89,37933691.51,1326.1,0,1378.03,26706.42,0,0]"",""0.7669883370399475"",""1345.9067611966748"",""12973.01953125"",""[13603196928,21656805376,191991808,2854912,0,16152363008,0,13577850880,13586519040,0]"","""","""","""""
"gcn-ogbn-products-shadow-cpu-32-20-2-16-10-1024-[20]-1000,""finished"",""-"","""","""",""2023-06-05T16:10:40.000Z"",""14197"","""",""gcn"",""1024"",""1000"",""ogbn-products"",""20"",""[20]"",""16"",""2"",""cpu"",""10"",""32"",""1"",""shadow"",""0.8500002026557922"",""13.089779442874717"",""14190.634282147046"",""88.86358906608075"",""0.6860177909154348"",""14088.099964716936"",""[68650.59,7174.23,0,0.04,0]"",""0.0022812150418758392"",""[1095652069,2257845789,1800418042,0]"",""[4447540.84,90.98,556823.73,37190319.58,1312.78,0,1350.19,26123.38,0,0]"",""0.7647796869277954"",""704.4049967715284"",""12754.26953125"",""[13373820928,20713476096,189263872,2854912,0,15921360896,0,13348515840,13357124608,0]"","""","""","""""
"gcn-ogbn-products-shadow-cpu-32-20-2-16-10-1024-[10]-1000,""finished"",""-"","""","""",""2023-06-05T15:21:38.000Z"",""2935"","""",""gcn"",""1024"",""1000"",""ogbn-products"",""20"",""[10]"",""16"",""2"",""cpu"",""10"",""32"",""1"",""shadow"",""0.8390588164329529"",""12.505351745057853"",""2929.9939588899724"",""78.2021060930565"",""0.7310092575809498"",""2838.7286329730414"",""[28949.03,258.85,0,0.05,0]"",""0.0034379728604108095"",""[1083480643,2225207551,1773199929,0]"",""[4379071.65,90.98,549652.86,36811869.34,1305.37,0,1328.37,25757.35,0,0]"",""0.7421497702598572"",""141.93643019460143"",""13480.375"",""[14135197696,21458972672,192266240,2854912,0,16678895616,0,14108893184,14117429248,0]"","""","""","""""
"gcn-ogbn-products-labor-cpu-32-20-2-16-10-1024-[50]-1000,""finished"",""-"","""","""",""2023-06-05T14:37:14.000Z"",""2656"","""",""gcn"",""1024"",""1000"",""ogbn-products"",""20"",""[50]"",""16"",""2"",""cpu"",""10"",""32"",""1"",""labor"",""0.8859446048736572"",""10.189670700812712"",""2649.649294479983"",""89.23371765483171"",""0.4462332673023402"",""2549.6762037521694"",""[33520.95,4075.37,0,0.05,0]"",""0.0063323520589619875"",""[1076466474,2209362109,1760550165,0]"",""[4350232.78,90.98,549385.19,36746967.21,1303.66,0,1314.01,25594.44,0,0]"",""0.7076505422592163"",""127.48380868226522"",""12767.7890625"",""[13387997184,32913735680,195395584,2854912,0,15995301888,0,13363019776,13371737088,0]"","""","""","""""
"gcn-ogbn-products-labor-cpu-32-20-2-16-10-1024-[40]-1000,""finished"",""-"","""","""",""2023-06-05T14:01:40.000Z"",""2127"","""",""gcn"",""1024"",""1000"",""ogbn-products"",""20"",""[40]"",""16"",""2"",""cpu"",""10"",""32"",""1"",""labor"",""0.8846985101699829"",""8.904509992105886"",""2121.777723838808"",""91.3326173168607"",""0.4532432670999376"",""2020.9626903270837"",""[28727.57,3236.51,0,0.04,0]"",""0.0024360311217606068"",""[1069953097,2192106117,1746142678,0]"",""[4316777.33,86.27,545307.85,36699446.49,1301.87,0,1309.55,25375.71,0,0]"",""0.7118288278579712"",""101.04813316770596"",""12381.27734375"",""[12982710272,32686948352,193482752,2854912,0,15610662912,0,12957102080,12965824512,0]"","""","""","""""
"gcn-ogbn-products-labor-cpu-32-20-2-16-10-1024-[30]-1000,""finished"",""-"","""","""",""2023-06-05T13:33:37.000Z"",""1675"","""",""gcn"",""1024"",""1000"",""ogbn-products"",""20"",""[30]"",""16"",""2"",""cpu"",""10"",""32"",""1"",""labor"",""0.8822572231292725"",""10.728707171976566"",""1669.874485638924"",""88.49121041200124"",""0.4781000615710422"",""1570.1138705550693"",""[22716.41,2468.43,0,0.04,0]"",""0.0023540458641946316"",""[1063930423,2176579117,1733461213,0]"",""[4288104.3,86.27,542070.06,36663145.12,1300.61,0,1304.8,25184.01,0,0]"",""0.7163153290748596"",""78.50569229036337"",""12431.484375"",""[13035356160,32697876480,193544192,2854912,0,15694462976,0,13009797120,13018555392,0]"","""","""","""""
"gcn-ogbn-products-labor-cpu-32-20-2-16-10-1024-[20]-1000,""finished"",""-"","""","""",""2023-06-05T13:16:09.000Z"",""1039"","""",""gcn"",""1024"",""1000"",""ogbn-products"",""20"",""[20]"",""16"",""2"",""cpu"",""10"",""32"",""1"",""labor"",""0.8748061060905457"",""5.571964302100241"",""1035.4769024411216"",""78.69834583904594"",""0.5230807702158399"",""950.660000524018"",""[16552.22,1254.03,0,0.04,0]"",""0.002774213906377554"",""[1058586686,2162995274,1722867480,0]"",""[4265420.3,86.27,539598.41,36634564.33,1299.84,0,1300.49,25033.84,0,0]"",""0.7123308777809143"",""47.53299832197372"",""15022.6953125"",""[15752437760,32736825344,189722624,2854912,0,18522079232,0,15727173632,15735716864,0]"","""","""","""""
"gcn-ogbn-products-labor-cpu-32-20-2-16-10-1024-[10]-1000,""finished"",""-"","""","""",""2023-06-05T13:06:10.000Z"",""591"","""",""gcn"",""1024"",""1000"",""ogbn-products"",""20"",""[10]"",""16"",""2"",""cpu"",""10"",""32"",""1"",""labor"",""0.8572337031364441"",""17.07483281707391"",""585.1934594260529"",""86.88028024509549"",""0.6600395385465474"",""480.6690207670909"",""[11524.87,479.95,0,0.04,0]"",""0.002669376088306308"",""[1053774520,2151921541,1714527272,0]"",""[4248911.19,86.27,538340.91,36618852.3,1299.14,0,1296.82,24926.61,0,0]"",""0.704412043094635"",""24.033449480915444"",""14951.5859375"",""[15677874176,32589709312,190722048,2854912,0,18441048064,0,15652724736,15661390848,0]"","""","""","""""
"gcn-ogbn-products-saint-cpu-32-20-2-16-10-1024-[10, 10]-800000,""finished"",""-"","""","""",""2023-06-04T21:01:30.000Z"",""57872"","""",""gcn"",""1024"",""800000"",""ogbn-products"",""20"",""[10,10]"",""16"",""2"",""cpu"",""10"",""32"",""1"",""saint"",""0.8346772193908691"",""13.0324889018666"",""57867.15584096708"",""88.87532922090031"",""0.79468961793524"",""57764.69473685301"",""[183564.29,20474.94,0,0.04,0]"",""0.0021196301095187664"",""[1049642344,2142981592,1707948714,0]"",""[4237411.51,86.27,537855.11,36611775.06,1298.93,0,1293.45,24838.66,0,0]"",""0.8081985712051392"",""2888.234735265095"",""12846.14453125"",""[13470158848,20011208704,189444096,2854912,0,15981719552,0,13444984832,13453609984,0]"","""","""","""""
"gcn-ogbn-products-saint-cpu-32-20-2-16-10-1024-[10, 10]-700000,""finished"",""-"","""","""",""2023-06-04T07:28:34.000Z"",""48768"","""",""gcn"",""1024"",""700000"",""ogbn-products"",""20"",""[10,10]"",""16"",""2"",""cpu"",""10"",""32"",""1"",""saint"",""0.8348156809806824"",""12.58937280299142"",""48763.22898559109"",""81.77312122797593"",""0.7951506209497007"",""48668.30005728989"",""[156999.86,13152.61,0,0.04,0]"",""0.0020742120686918497"",""[1031611402,2074982994,1643699018,0]"",""[4054351.15,85.12,517396.34,34964321.38,1272.21,0,1264.72,23828.96,0,0]"",""0.8079419136047363"",""2433.4150013626904"",""13125.84765625"",""[13763448832,20303470592,190021632,2854912,0,16273977344,0,13737807872,13746480128,0]"","""","""","""""
"gcn-ogbn-products-saint-cpu-32-20-2-16-10-1024-[10, 10]-400000,""finished"",""-"","""","""",""2023-06-04T01:02:07.000Z"",""23179"","""",""gcn"",""1024"",""400000"",""ogbn-products"",""20"",""[10,10]"",""16"",""2"",""cpu"",""10"",""32"",""1"",""saint"",""0.8308256268501282"",""12.635590738151222"",""23174.395213881973"",""90.96403376106171"",""0.8336270729494836"",""23070.247433329932"",""[86613.62,7256.78,0,0.04,0]"",""0.0019763519521802664"",""[1016765521,2018777580,1590017115,0]"",""[3897713.06,81.75,504232.3,33574224.12,1249.8,0,1239.83,22993.9,0,0]"",""0.8074842095375061"",""1153.5123701392556"",""13048.40625"",""[13682245632,20254371840,191975424,2854912,0,16224862208,0,13657411584,13666059264,0]"","""","""","""""
"gcn-ogbn-products-saint-cpu-32-20-2-16-10-1024-[10, 10]-230000,""finished"",""-"","""","""",""2023-06-03T22:02:08.000Z"",""10791"","""",""gcn"",""1024"",""230000"",""ogbn-products"",""20"",""[10,10]"",""16"",""2"",""cpu"",""10"",""32"",""1"",""saint"",""0.8215307593345642"",""6.610965970903635"",""10785.671466283036"",""94.38428740715608"",""0.8935929891976668"",""10684.102088562911"",""[51215.37,4173.6,0,0.04,0]"",""0.0025089599657803774"",""[1006189980,1984618127,1558555028,0]"",""[3811236.92,80.93,496964.02,32926388.99,1239.01,0,1228.08,22561.41,0,0]"",""0.8051959872245789"",""534.2051027331618"",""12918.453125"",""[13545979904,20082487296,194174976,2854912,0,16052989952,0,13520818176,13529499648,0]"","""","""","""""
"gcn-ogbn-products-saint-cpu-32-20-2-16-10-1024-[10, 10]-100000,""finished"",""-"","""","""",""2023-06-03T21:14:07.000Z"",""2874"","""",""gcn"",""1024"",""100000"",""ogbn-products"",""20"",""[10,10]"",""16"",""2"",""cpu"",""10"",""32"",""1"",""saint"",""0.8007632493972778"",""11.326668104156852"",""2867.6992145688273"",""78.3192747849971"",""1.0231719375274342"",""2777.5067556290887"",""[24284.85,213.32,0,0.04,0]"",""0.002852038014680147"",""[997845311,1961848512,1538386697,0]"",""[3760088.12,80.93,492782.49,32636395.3,1233.9,0,1221.18,22313.09,0,0]"",""0.7977303862571716"",""138.87533608925295"",""13751.50390625"",""[14419496960,20953415680,196472832,2854912,0,16924086272,0,14393835520,14402613248,0]"","""","""","""""
"gcn-ogbn-products-neighbor-cpu-32-20-2-16-10-1024-[50]-1000,""finished"",""-"","""","""",""2023-06-03T20:36:47.000Z"",""2233"","""",""gcn"",""1024"",""1000"",""ogbn-products"",""20"",""[50]"",""16"",""2"",""cpu"",""10"",""32"",""1"",""neighbor"",""0.8852071166038513"",""7.749265646096319"",""2227.983799890848"",""80.41526474687271"",""0.4361406319962882"",""2139.284514246974"",""[39645.68,5240.3,0,0.04,0]"",""0.005103012779727578"",""[992909639,1949807772,1528180299,0]"",""[3735944.96,80.83,492561.1,32568793.41,1232.38,0,1218.48,22177.62,0,0]"",""0.7128658294677734"",""106.9642243450624"",""16618.84765625"",""[17426124800,32974200832,194109440,2854912,0,20040044544,0,17400864768,17409253376,0]"","""","""","""""
"gcn-ogbn-products-neighbor-cpu-32-20-2-16-10-1024-[40]-1000,""finished"",""-"","""","""",""2023-06-03T20:05:08.000Z"",""1891"","""",""gcn"",""1024"",""1000"",""ogbn-products"",""20"",""[40]"",""16"",""2"",""cpu"",""10"",""32"",""1"",""neighbor"",""0.8848510980606079"",""10.783217471791431"",""1887.3498774731995"",""78.78313171910122"",""0.4524941640505519"",""1797.245844033081"",""[33782.84,4322.24,0,0.04,0]"",""0.008201614022254944"",""[977907289,1925056904,1511019990,0]"",""[3696465.41,80.83,487334.27,32542127.95,1231.1,0,1204.69,21928.64,0,0]"",""0.7086599469184875"",""89.86229088930413"",""15741.015625"",""[16505651200,32898805760,189870080,2854912,0,19238453248,0,16481234944,16489532416,0]"","""","""","""""
"gcn-ogbn-products-neighbor-cpu-32-20-2-16-10-1024-[30]-1000,""finished"",""-"","""","""",""2023-06-03T19:41:27.000Z"",""1414"","""",""gcn"",""1024"",""1000"",""ogbn-products"",""20"",""[30]"",""16"",""2"",""cpu"",""10"",""32"",""1"",""neighbor"",""0.8825114965438843"",""5.592247109860182"",""1409.3172780082095"",""88.29902934120037"",""0.4610581961243264"",""1314.8844067910686"",""[27180.25,3227.25,0,0.04,0]"",""0.002479634014889598"",""[967101645,1903863084,1495890136,0]"",""[3662804.58,80.83,483019.71,32519539.41,1230.19,0,1190.7,21724.07,0,0]"",""0.7122951745986938"",""65.74421878508292"",""15391.04296875"",""[16138678272,32749297664,189505536,2854912,0,18854268928,0,16113238016,16121574400,0]"","""","""","""""
"gcn-ogbn-products-neighbor-cpu-32-20-2-16-10-1024-[20]-1000,""finished"",""-"","""","""",""2023-06-03T19:25:17.000Z"",""963"","""",""gcn"",""1024"",""1000"",""ogbn-products"",""20"",""[20]"",""16"",""2"",""cpu"",""10"",""32"",""1"",""neighbor"",""0.8793327212333679"",""5.641217184020206"",""958.61012836406"",""96.22369546699338"",""0.49701934481531845"",""856.2097297171131"",""[20162.31,2136.25,0,0.05,0]"",""0.00246285181492567"",""[958045963,1885527466,1483248781,0]"",""[3635741.73,80.83,479798.36,32504541.57,1229.55,0,1177.19,21554.34,0,0]"",""0.7168964147567749"",""42.81048507954692"",""15338.640625"",""[16083730432,32651190272,189440000,2854912,0,18865319936,0,16058863616,16067085312,0]"","""","""","""""
"gcn-ogbn-products-neighbor-cpu-32-20-2-16-10-1024-[10]-1000,""finished"",""-"","""","""",""2023-06-03T19:16:09.000Z"",""540"","""",""gcn"",""1024"",""1000"",""ogbn-products"",""20"",""[10]"",""16"",""2"",""cpu"",""10"",""32"",""1"",""neighbor"",""0.8638710379600525"",""4.9188622201327235"",""535.4643390059937"",""86.94077989505604"",""0.6041575631638265"",""443.0637289180886"",""[13094.91,999.07,0,0.04,0]"",""0.0024834228679537773"",""[950327392,1870534530,1473247504,0]"",""[3615612.49,80.83,477657.57,32495852.75,1229.23,0,1163.78,21436.27,0,0]"",""0.7094154953956604"",""22.15318489894271"",""14987.2734375"",""[15715295232,32628838400,189227008,2854912,0,18520166400,0,15690395648,15698542592,0]"","""","""","""""
