"Name,""State"",""Notes"",""User"",""Tags"",""Created"",""Runtime"",""Sweep"",""architecture"",""batch_size"",""budget"",""dataset"",""epochs"",""fanout"",""hidden"",""layer"",""mode"",""num_parts"",""num_threads"",""run"",""sampler"",""accuracy"",""loss"",""dataloading time"",""end-to-end time"",""inference time"",""overall training time"",""process cpu times"",""sampling time"",""system cpu stats"",""system cpu times"",""test-acc"",""time per epoch"",""used memory"",""used memory full"",""f1"",""modelpath"",""test-f1"""
"gcn-yelp-vrgcn-cpu-32-20-2-512-10-1024-[50]-None-1000,""finished"",""-"","""","""",""2024-04-28T20:44:09.000Z"",""10912"","""",""gcn"",""1024"",""1000"",""yelp"",""20"",""[50]"",""512"",""2"",""cpu"",""10"",""32"",""3"",""vrgcn"",""0.6632492542266846"",""34.65794927385849"",""4.97414842620492"",""10906.429418284446"",""48.706894407980144"",""10727.36851430498"",""[245165.4,21128.6,0,0.04,0]"",""124.79636019747704"",""[3032939080,19077959377,19634864729,0]"",""[58412865.27,863.09,6162171.56,85185882.65,897.25,0,3685.98,391279.28,0,0]"",""0.6633023619651794"",""536.3678954994306"",""9924.01953125"",""[10406088704,30776541184,195215360,2838528,0,13051146240,0,10391019520,10397294592,0]"",""0.26822200417518616"",""2024-04-28-22-44-09-gcn-yelp-vrgcn-cpu-32-20-2-512-10-1024-[50]-None-1000.pkl"",""0.2674136161804199"""
"gcn-yelp-vrgcn-cpu-32-20-2-512-10-1024-[40]-None-1000,""finished"",""-"","""","""",""2024-04-28T17:57:28.000Z"",""9992"","""",""gcn"",""1024"",""1000"",""yelp"",""20"",""[40]"",""512"",""2"",""cpu"",""10"",""32"",""3"",""vrgcn"",""0.6470255851745605"",""34.66534064174161"",""4.932730237022042"",""9986.812787766568"",""49.46154559683055"",""9797.865541973151"",""[223925.4,19587.7,0,0.04,0]"",""133.9762269454077"",""[2993385234,18968345428,19543216472,0]"",""[58168847.86,862.96,6141114.3,85103035.5,894.7,0,3661.92,389921.13,0,0]"",""0.6472135186195374"",""489.8927372810431"",""9846.17578125"",""[10324463616,30586015744,194736128,2838528,0,12958650368,0,10308935680,10315378688,0]"",""0.2585444152355194"",""2024-04-28-19-57-29-gcn-yelp-vrgcn-cpu-32-20-2-512-10-1024-[40]-None-1000.pkl"",""0.2579071819782257"""
"gcn-yelp-vrgcn-cpu-32-20-2-512-10-1024-[30]-None-1000,""finished"",""-"","""","""",""2024-04-28T15:26:41.000Z"",""9038"","""",""gcn"",""1024"",""1000"",""yelp"",""20"",""[30]"",""512"",""2"",""cpu"",""10"",""32"",""3"",""vrgcn"",""0.660244345664978"",""34.67831078799284"",""6.4412554912269115"",""9033.849608256482"",""46.117551625706255"",""8857.29788215179"",""[202172.14,17572.25,0,0.04,0]"",""123.3963589956984"",""[2955402565,18864922749,19458388699,0]"",""[57945982.52,862.96,6121594.05,85026823.16,892.8,0,3638.93,388700.88,0,0]"",""0.66044682264328"",""442.8643140973523"",""10850.65234375"",""[11377733632,30310924288,195854336,2838528,0,14494150656,0,11363753984,11369976832,0]"",""0.2641947865486145"",""2024-04-28-17-26-41-gcn-yelp-vrgcn-cpu-32-20-2-512-10-1024-[30]-None-1000.pkl"",""0.2634950280189514"""
"gcn-yelp-vrgcn-cpu-32-20-2-512-10-1024-[20]-None-1000,""finished"",""-"","""","""",""2024-04-28T13:22:43.000Z"",""7429"","""",""gcn"",""1024"",""1000"",""yelp"",""20"",""[20]"",""512"",""2"",""cpu"",""10"",""32"",""3"",""vrgcn"",""0.6469170451164246"",""34.67243907236889"",""4.914219348691404"",""7422.993673128076"",""47.07334835920483"",""7244.210382432677"",""[175817.55,13948.49,0,0.04,0]"",""126.08982798736542"",""[2921089020,18769305470,19380754884,0]"",""[57744775.88,862.96,6104080.06,84957306.23,891.23,0,3611.44,387606.91,0,0]"",""0.6468868255615234"",""362.2099913991522"",""12603.48046875"",""[13215707136,30181666816,195543040,2838528,0,16122073088,0,13199769600,13206022144,0]"",""0.2653408944606781"",""2024-04-28-15-22-44-gcn-yelp-vrgcn-cpu-32-20-2-512-10-1024-[20]-None-1000.pkl"",""0.26477694511413574"""
"gcn-yelp-vrgcn-cpu-32-20-2-512-10-1024-[10]-None-1000,""finished"",""-"","""","""",""2024-04-28T11:48:03.000Z"",""5671"","""",""gcn"",""1024"",""1000"",""yelp"",""20"",""[10]"",""512"",""2"",""cpu"",""10"",""32"",""3"",""vrgcn"",""0.6488441228866577"",""34.654048469226"",""4.900483995676041"",""5666.033154972829"",""50.63082044292241"",""5478.770435186103"",""[133207.69,9551.04,0.01,0.03,0]"",""131.16705134510994"",""[2892727719,18687976106,19313558436,0]"",""[57569710.05,862.96,6090172.45,84909340.96,889.79,0,3560.52,386642.48,0,0]"",""0.6490799188613892"",""273.9380019900389"",""11136.82421875"",""[11677806592,29705773056,195907584,2838528,0,14473707520,0,11662262272,11668658176,0]"",""0.2645862400531769"",""2024-04-28-13-48-04-gcn-yelp-vrgcn-cpu-32-20-2-512-10-1024-[10]-None-1000.pkl"",""0.2645902633666992"""
"gcn-yelp-vrgcn-cpu-32-20-2-512-10-1024-[50]-None-1000,""finished"",""-"","""","""",""2024-04-28T08:50:03.000Z"",""10671"","""",""gcn"",""1024"",""1000"",""yelp"",""20"",""[50]"",""512"",""2"",""cpu"",""10"",""32"",""2"",""vrgcn"",""0.656790018081665"",""34.67163743784577"",""6.478768742643297"",""10668.90333101619"",""47.97610446996987"",""10480.939967420883"",""[238840.52,21015.95,0.01,0.03,0]"",""132.94471356458962"",""[2869685703,18618274003,19259222907,0]"",""[57437148.07,862.96,6080648.48,84870611.08,888.69,0,3528.51,385903.55,0,0]"",""0.6567661166191101"",""524.0464484428521"",""9781.6171875"",""[10256769024,30615302144,195067904,2838528,0,12887474176,0,10241056768,10247491584,0]"",""0.26894915103912354"",""2024-04-28-10-50-03-gcn-yelp-vrgcn-cpu-32-20-2-512-10-1024-[50]-None-1000.pkl"",""0.26798519492149353"""
"gcn-yelp-vrgcn-cpu-32-20-2-512-10-1024-[40]-None-1000,""finished"",""-"","""","""",""2024-04-28T06:00:15.000Z"",""10180"","""",""gcn"",""1024"",""1000"",""yelp"",""20"",""[40]"",""512"",""2"",""cpu"",""10"",""32"",""2"",""vrgcn"",""0.6511854529380798"",""34.662085110052004"",""4.912406658753753"",""10175.239620474167"",""50.29664147552103"",""9986.815771421418"",""[229232.81,19572.84,0,0.04,0]"",""132.18023677635938"",""[2829449500,18509805418,19169363316,0]"",""[57199416.4,862.96,6059704.04,84788944.44,886.66,0,3505.02,384625.86,0,0]"",""0.6512219905853271"",""499.3402494895272"",""10040.578125"",""[10528309248,30752251904,195784704,2838528,0,13137625088,0,10511478784,10517885952,0]"",""0.26271936297416687"",""2024-04-28-08-00-15-gcn-yelp-vrgcn-cpu-32-20-2-512-10-1024-[40]-None-1000.pkl"",""0.26176491379737854"""
"gcn-yelp-vrgcn-cpu-32-20-2-512-10-1024-[30]-None-1000,""finished"",""-"","""","""",""2024-04-28T03:26:44.000Z"",""9202"","""",""gcn"",""1024"",""1000"",""yelp"",""20"",""[30]"",""512"",""2"",""cpu"",""10"",""32"",""2"",""vrgcn"",""0.6445863246917725"",""34.647680082852816"",""4.92806561011821"",""9197.52830708772"",""54.31704752892256"",""9014.542274492793"",""[207357.29,17440.24,0,0.04,0]"",""123.15979204606263"",""[2790202562,18404430705,19083218763,0]"",""[56971281.53,862.96,6040199.05,84712025.47,884.73,0,3482.79,383356.51,0,0]"",""0.6446322202682495"",""450.72661775755694"",""10981.91796875"",""[11515375616,30357106688,195608576,2838528,0,14649720832,0,11499651072,11505831936,0]"",""0.2623633146286011"",""2024-04-28-05-26-44-gcn-yelp-vrgcn-cpu-32-20-2-512-10-1024-[30]-None-1000.pkl"",""0.26127171516418457"""
"gcn-yelp-vrgcn-cpu-32-20-2-512-10-1024-[20]-None-1000,""finished"",""-"","""","""",""2024-04-28T01:18:26.000Z"",""7689"","""",""gcn"",""1024"",""1000"",""yelp"",""20"",""[20]"",""512"",""2"",""cpu"",""10"",""32"",""2"",""vrgcn"",""0.6428359150886536"",""34.64483791985694"",""6.605689274147153"",""7684.220805423334"",""48.25258365366608"",""7495.110288516618"",""[182369.3,14184.43,0,0.03,0]"",""133.6770064337179"",""[2755663694,18307685180,19003982825,0]"",""[56764906.04,860.02,6022816.01,84642328.03,883.08,0,3455.28,382202.38,0,0]"",""0.6428948640823364"",""374.7550388342235"",""12359.75"",""[12960137216,29966909440,195063808,2838528,0,15849619456,0,12944113664,12950465536,0]"",""0.2626945674419403"",""2024-04-28-03-18-26-gcn-yelp-vrgcn-cpu-32-20-2-512-10-1024-[20]-None-1000.pkl"",""0.2624655067920685"""
"gcn-yelp-vrgcn-cpu-32-20-2-512-10-1024-[10]-None-1000,""finished"",""-"","""","""",""2024-04-27T23:40:46.000Z"",""5851"","""",""gcn"",""1024"",""1000"",""yelp"",""20"",""[10]"",""512"",""2"",""cpu"",""10"",""32"",""2"",""vrgcn"",""0.6537950038909912"",""34.65568587220019"",""4.943384115584195"",""5845.286586956121"",""52.86362923961133"",""5660.229616400786"",""[138696.57,9345.54,0,0.04,0]"",""126.68190323282032"",""[2726712628,18224354754,18934521285,0]"",""[56583296.67,860.02,6008671.25,84592768.01,881.69,0,3404.27,381227.52,0,0]"",""0.653985321521759"",""283.01100622070953"",""10951.9453125"",""[11483947008,29576540160,195059712,2838528,0,14279847936,0,11468193792,11474510848,0]"",""0.26346805691719055"",""2024-04-28-01-40-46-gcn-yelp-vrgcn-cpu-32-20-2-512-10-1024-[10]-None-1000.pkl"",""0.2628234326839447"""
"gcn-yelp-vrgcn-cpu-32-20-2-512-10-1024-[50]-None-1000,""finished"",""-"","""","""",""2024-04-27T20:40:55.000Z"",""10782"","""",""gcn"",""1024"",""1000"",""yelp"",""20"",""[50]"",""512"",""2"",""cpu"",""10"",""32"",""1"",""vrgcn"",""0.6518422961235046"",""34.639606376890065"",""4.97791538760066"",""10778.259506449103"",""53.72776357270777"",""10593.37936539948"",""[241820.35,21208.04,0.01,0.03,0]"",""125.61049151606858"",""[2703192735,18153334550,18878366607,0]"",""[56445241.32,857.29,5999347.37,84553566.44,880.51,0,3371.99,380448.94,0,0]"",""0.6519464254379272"",""529.6684514854103"",""9780.26953125"",""[10255355904,30552371200,195379200,2838528,0,12904308736,0,10240356352,10246530048,0]"",""0.2660013437271118"",""2024-04-27-22-40-55-gcn-yelp-vrgcn-cpu-32-20-2-512-10-1024-[50]-None-1000.pkl"",""0.26541048288345337"""
"gcn-yelp-vrgcn-cpu-32-20-2-512-10-1024-[40]-None-1000,""finished"",""-"","""","""",""2024-04-27T17:56:07.000Z"",""9879"","""",""gcn"",""1024"",""1000"",""yelp"",""20"",""[40]"",""512"",""2"",""cpu"",""10"",""32"",""1"",""vrgcn"",""0.6502535939216614"",""34.649387885844384"",""6.568051593378186"",""9872.853984141722"",""46.18814764544368"",""9689.807032650337"",""[221119.74,19465.17,0,0.03,0]"",""129.71724696736783"",""[2662166608,18043796448,18787684001,0]"",""[56204567.1,857.13,5978213.21,84471525.67,878.54,0,3348.35,379116.4,0,0]"",""0.6503990888595581"",""484.48983956011944"",""9896.9140625"",""[10377666560,30618533888,195764224,2838528,0,12987006976,0,10362765312,10369166336,0]"",""0.26173797249794006"",""2024-04-27-19-56-08-gcn-yelp-vrgcn-cpu-32-20-2-512-10-1024-[40]-None-1000.pkl"",""0.26138249039649963"""
"gcn-yelp-vrgcn-cpu-32-20-2-512-10-1024-[30]-None-1000,""finished"",""-"","""","""",""2024-04-27T15:29:35.000Z"",""8784"","""",""gcn"",""1024"",""1000"",""yelp"",""20"",""[30]"",""512"",""2"",""cpu"",""10"",""32"",""1"",""vrgcn"",""0.6533480882644653"",""34.67470624868817"",""5.02695968747139"",""8780.80843610596"",""49.6587022440508"",""8595.57453090325"",""[194807.46,17475.78,0,0.04,0]"",""129.98090024851265"",""[2624786028,17941370410,18703516465,0]"",""[55984463.51,857.13,5958812.1,84396094.64,876.73,0,3325.92,377913.01,0,0]"",""0.6532689332962036"",""429.7782181379851"",""10954.37890625"",""[11486498816,30284226560,195399680,2838528,0,14638862336,0,11470585856,11477007360,0]"",""0.2586924433708191"",""2024-04-27-17-29-35-gcn-yelp-vrgcn-cpu-32-20-2-512-10-1024-[30]-None-1000.pkl"",""0.2580171227455139"""
"gcn-yelp-vrgcn-cpu-32-20-2-512-10-1024-[20]-None-1000,""finished"",""-"","""","""",""2024-04-27T13:21:27.000Z"",""7679"","""",""gcn"",""1024"",""1000"",""yelp"",""20"",""[20]"",""512"",""2"",""cpu"",""10"",""32"",""1"",""vrgcn"",""0.6523097157478333"",""34.65420368845062"",""5.044669165275991"",""7674.423828401603"",""51.521555580198765"",""7489.892611471005"",""[183344.37,14058.63,0,0.04,0]"",""127.3862524619326"",""[2589557448,17847232696,18628009448,0]"",""[55790601.66,857.13,5941397.27,84327249.1,875.14,0,3300.35,376815.28,0,0]"",""0.6524272561073303"",""374.49414925053713"",""12462.5390625"",""[13067919360,30043602944,194727936,2838528,0,15964700672,0,13052489728,13058857984,0]"",""0.2610684037208557"",""2024-04-27-15-21-28-gcn-yelp-vrgcn-cpu-32-20-2-512-10-1024-[20]-None-1000.pkl"",""0.26053082942962646"""
"gcn-yelp-vrgcn-cpu-32-20-2-512-10-1024-[10]-None-1000,""finished"",""-"","""","""",""2024-04-27T11:41:58.000Z"",""5960"","""",""gcn"",""1024"",""1000"",""yelp"",""20"",""[10]"",""512"",""2"",""cpu"",""10"",""32"",""1"",""vrgcn"",""0.6503406763076782"",""34.6436112147951"",""7.366929045878351"",""5955.356654293835"",""50.25043003447354"",""5770.292200519703"",""[139341.25,9548.55,0,0.03,0]"",""126.8691209089011"",""[2561008468,17763940186,18557752958,0]"",""[55608051.76,857.13,5927380.04,84278858.2,873.64,0,3249.12,375827.2,0,0]"",""0.6505892276763916"",""288.51413416042925"",""11083.58984375"",""[11621986304,29738512384,195465216,2838528,0,14404395008,0,11607441408,11613682688,0]"",""0.26037755608558655"",""2024-04-27-13-41-58-gcn-yelp-vrgcn-cpu-32-20-2-512-10-1024-[10]-None-1000.pkl"",""0.26008641719818115"""
"gcn-yelp-ladies-cpu-32-20-2-512-10-1024-[85000]-1000,""finished"",""-"","""","""",""2023-10-15T06:17:00.000Z"",""12256"","""",""gcn"",""1024"",""1000"",""yelp"",""20"",""[85000]"",""512"",""2"",""cpu"",""10"",""32"",""3"",""ladies"",""0.6609475016593933"",""38.30012334057139"",""6.29513780772686"",""12252.972465571016"",""47.99080649204552"",""12197.34802319482"",""[204276.75,8203.86,0,0.04,0]"",""0.7719440134242177"",""[4511273882,16233972836,14045035063,0]"",""[38681107.58,779,3979893.06,199697772.32,2174.42,0,9179.91,226748.25,0,0]"",""0.6587125658988953"",""609.8673995519057"",""8826.2265625"",""[9254969344,29327941632,196833280,2854912,0,11825070080,0,9237880832,9243120640,0]"","""","""","""""
"gcn-yelp-ladies-cpu-32-20-2-512-10-1024-[75000]-1000,""finished"",""-"","""","""",""2023-10-15T02:50:05.000Z"",""12407"","""",""gcn"",""1024"",""1000"",""yelp"",""20"",""[75000]"",""512"",""2"",""cpu"",""10"",""32"",""3"",""ladies"",""0.677800714969635"",""38.316196853010645"",""4.812938472256064"",""12403.29784130957"",""46.71129449363798"",""12350.447238315828"",""[217578.51,7018.77,0,0.04,0]"",""0.764097842387855"",""[4481871005,16139144522,13963749355,0]"",""[38477779.59,779,3971695.18,199518127.93,2170.32,0,9128.33,225621.58,0,0]"",""0.6700620651245117"",""617.5223603042308"",""9262.3203125"",""[9712246784,29682290688,197582848,2854912,0,12263362560,0,9697660928,9702880256,0]"","""","""","""""
"gcn-yelp-ladies-cpu-32-20-2-512-10-1024-[65000]-1000,""finished"",""-"","""","""",""2023-10-14T23:35:29.000Z"",""11668"","""",""gcn"",""1024"",""1000"",""yelp"",""20"",""[65000]"",""512"",""2"",""cpu"",""10"",""32"",""3"",""ladies"",""0.6629685759544373"",""38.24437341945853"",""4.804174225777388"",""11492.585973245092"",""46.99206344410777"",""11439.4880844187"",""[198464.01,6340.92,0,0.04,0]"",""0.749695067293942"",""[4452977450,16042056763,13879158997,0]"",""[38261137.99,770.26,3964669.06,199340327.02,2166.4,0,9075.01,224437.86,0,0]"",""0.6691259741783142"",""571.9744024458807"",""9364.6328125"",""[9819529216,30041219072,196857856,2854912,0,12404940800,0,9805664256,9810528256,0]"","""","""","""""
"gcn-yelp-ladies-cpu-32-20-2-512-10-1024-[46500]-1000,""finished"",""-"","""","""",""2023-10-14T20:36:28.000Z"",""10732"","""",""gcn"",""1024"",""1000"",""yelp"",""20"",""[46500]"",""512"",""2"",""cpu"",""10"",""32"",""3"",""ladies"",""0.6778095364570618"",""38.20083673735692"",""5.696743542328477"",""10727.632102739066"",""48.60644539538771"",""10672.026707918383"",""[189664.5,4831.86,0,0.04,0]"",""0.7341096503660083"",""[4425814952,15950587553,13801064534,0]"",""[38063547.48,770.26,3958323.72,199177300.39,2162.74,0,9025.01,223337.53,0,0]"",""0.6702694892883301"",""533.601333730761"",""9518.94921875"",""[9981341696,30205071360,197677056,2854912,0,12576464896,0,9963474944,9968677888,0]"","""","""","""""
"gcn-yelp-fastgcn-cpu-32-20-2-512-10-1024-[85000]-1000,""finished"",""-"","""","""",""2023-10-14T17:44:10.000Z"",""10329"","""",""gcn"",""1024"",""1000"",""yelp"",""20"",""[85000]"",""512"",""2"",""cpu"",""10"",""32"",""3"",""fastgcn"",""0.681831419467926"",""39.36075485289656"",""5.585383624769747"",""10326.788443380969"",""45.25394467730075"",""10274.683775160462"",""[126184.05,4612.02,0,0.04,0]"",""0.7170267291367054"",""[4399516923,15862348892,13725465603,0]"",""[37874747.49,770.1,3953481.83,199028479.95,2159.11,0,8975.36,222271.58,0,0]"",""0.6663169264793396"",""513.7341870241798"",""7132.91015625"",""[7479398400,27643396096,196251648,2854912,0,10342707200,0,7465332736,7470323712,0]"","""","""","""""
"gcn-yelp-fastgcn-cpu-32-20-2-512-10-1024-[75000]-1000,""finished"",""-"","""","""",""2023-10-14T14:59:28.000Z"",""9874"","""",""gcn"",""1024"",""1000"",""yelp"",""20"",""[75000]"",""512"",""2"",""cpu"",""10"",""32"",""3"",""fastgcn"",""0.6810253858566284"",""39.3198492509925"",""4.7595693953335285"",""9870.971965312958"",""44.40288785845041"",""9820.547637274489"",""[122372.49,4216.35,0.01,0.03,0]"",""0.7088914746418595"",""[4376422099,15795602199,13670872132,0]"",""[37749163.17,770.1,3948867.84,198828745.1,2155.98,0,8926.08,221511.01,0,0]"",""0.6743535995483398"",""491.0273800997995"",""6709.8359375"",""[7035772928,27131461632,196845568,2854912,0,9940774912,0,7018668032,7023702016,0]"","""","""","""""
"gcn-yelp-fastgcn-cpu-32-20-2-512-10-1024-[65000]-1000,""finished"",""-"","""","""",""2023-10-14T12:23:38.000Z"",""9342"","""",""gcn"",""1024"",""1000"",""yelp"",""20"",""[65000]"",""512"",""2"",""cpu"",""10"",""32"",""3"",""fastgcn"",""0.6803064346313477"",""39.486003905173234"",""4.814616601914167"",""9339.053342813626"",""47.6421328317374"",""9285.313005552627"",""[116464.58,4151.87,0,0.03,0]"",""0.7357099857181311"",""[4354068046,15730496009,13617822973,0]"",""[37627295.4,770.1,3944646.5,198639389.03,2152.46,0,8874.4,220800.69,0,0]"",""0.6177038550376892"",""464.26564856790935"",""6553.9375"",""[6872301568,26992898048,197320704,2854912,0,9775853568,0,6857752576,6862809088,0]"","""","""","""""
"gcn-yelp-fastgcn-cpu-32-20-2-512-10-1024-[46500]-1000,""finished"",""-"","""","""",""2023-10-14T10:11:20.000Z"",""7930"","""",""gcn"",""1024"",""1000"",""yelp"",""20"",""[46500]"",""512"",""2"",""cpu"",""10"",""32"",""3"",""fastgcn"",""0.6781669855117798"",""39.40629027631487"",""7.14180042874068"",""7926.815324728377"",""46.33074747864157"",""7872.043448924087"",""[102356.96,2206.16,0,0.03,0]"",""0.7533026169985533"",""[4331416694,15666510332,13566283717,0]"",""[37511402.55,770.1,3940492.9,198461074.53,2148.99,0,8825.25,220125.02,0,0]"",""0.6329986453056335"",""393.6021703377366"",""6676.15234375"",""[7000453120,26922696704,196669440,2854912,0,10063196160,0,6986407936,6991256576,0]"","""","""","""""
"gcn-yelp-ladies-cpu-32-20-2-512-10-1024-[85000]-1000,""finished"",""-"","""","""",""2023-10-14T06:34:47.000Z"",""12984"","""",""gcn"",""1024"",""1000"",""yelp"",""20"",""[85000]"",""512"",""2"",""cpu"",""10"",""32"",""2"",""ladies"",""0.6724125146865845"",""38.385615259601956"",""5.735284878872335"",""12981.1658788966"",""47.50092947948724"",""12926.647333218716"",""[219906.84,8204.09,0,0.04,0]"",""0.7118666954338551"",""[4311261098,15608671890,13519979293,0]"",""[37409550.66,770.1,3938275.95,198311839.79,2146.07,0,8779.61,219511.14,0,0]"",""0.6706963181495667"",""646.3323647722136"",""9181.1484375"",""[9627131904,29694382080,197128192,2854912,0,12194701312,0,9612275712,9617204224,0]"","""","""","""""
"gcn-yelp-ladies-cpu-32-20-2-512-10-1024-[75000]-1000,""finished"",""-"","""","""",""2023-10-14T03:12:19.000Z"",""12139"","""",""gcn"",""1024"",""1000"",""yelp"",""20"",""[75000]"",""512"",""2"",""cpu"",""10"",""32"",""2"",""ladies"",""0.6651336550712585"",""38.31260457826281"",""4.817744203843176"",""12134.222774116322"",""45.52734462171793"",""12082.578626176342"",""[207153.02,6952.24,0,0.03,0]"",""0.7368055060505867"",""[4277845607,15508049117,13432371498,0]"",""[37190682.64,762.08,3930075.12,198124537.42,2139.97,0,8728.07,218174.2,0,0]"",""0.6694294810295105"",""604.128929562401"",""9409.0078125"",""[9866059776,29949042688,197906432,2854912,0,12445208576,0,9852837888,9857761280,0]"","""","""","""""
"gcn-yelp-ladies-cpu-32-20-2-512-10-1024-[65000]-1000,""finished"",""-"","""","""",""2023-10-13T23:59:15.000Z"",""11576"","""",""gcn"",""1024"",""1000"",""yelp"",""20"",""[65000]"",""512"",""2"",""cpu"",""10"",""32"",""2"",""ladies"",""0.6789405345916748"",""38.29721929174792"",""4.895651252940297"",""11573.339239706283"",""44.294032028876245"",""11522.83208029531"",""[199171.08,5904.58,0,0.04,0]"",""0.751085595227778"",""[4247789011,15412830599,13349667378,0]"",""[36984435.55,759.83,3923119.45,197950361.37,2135.06,0,8676.63,217020.54,0,0]"",""0.6840379238128662"",""576.1416022550314"",""9571.15234375"",""[10036080640,30205472768,196968448,2854912,0,12617469952,0,10022293504,10027215872,0]"","""","""","""""
"gcn-yelp-ladies-cpu-32-20-2-512-10-1024-[46500]-1000,""finished"",""-"","""","""",""2023-10-13T20:54:52.000Z"",""11054"","""",""gcn"",""1024"",""1000"",""yelp"",""20"",""[46500]"",""512"",""2"",""cpu"",""10"",""32"",""2"",""ladies"",""0.6856011152267456"",""38.22267883490975"",""6.368478631600738"",""11051.076280368492"",""46.46293435525149"",""10996.90561946109"",""[196777.67,4964.24,0,0.04,0]"",""0.7364183021709323"",""[4217921825,15320120613,13269454818,0]"",""[36786163.33,759.83,3917210.07,197785046.92,2129.98,0,8627.61,215886.14,0,0]"",""0.684164822101593"",""549.845279293973"",""9607.44921875"",""[10074140672,30271877120,197644288,2854912,0,12634615808,0,10059653120,10064620544,0]"","""","""","""""
"gcn-yelp-fastgcn-cpu-32-20-2-512-10-1024-[85000]-1000,""finished"",""-"","""","""",""2023-10-13T17:59:05.000Z"",""10538"","""",""gcn"",""1024"",""1000"",""yelp"",""20"",""[85000]"",""512"",""2"",""cpu"",""10"",""32"",""2"",""fastgcn"",""0.6829936504364014"",""39.414791775784735"",""4.811037939041853"",""10533.149798453784"",""47.40560638718307"",""10479.657803507522"",""[129967.12,5275.8,0,0.05,0]"",""0.7275297325104475"",""[4188081787,15228345610,13189683481,0]"",""[36590301.9,759.69,3912237.28,197633077.09,2125.49,0,8576.53,214790.27,0,0]"",""0.6622053384780884"",""523.982888544118"",""6867.78125"",""[7201390592,27572015104,197058560,2854912,0,9944223744,0,7186763776,7191916544,0]"","""","""","""""
"gcn-yelp-fastgcn-cpu-32-20-2-512-10-1024-[75000]-1000,""finished"",""-"","""","""",""2023-10-13T15:15:21.000Z"",""9815"","""",""gcn"",""1024"",""1000"",""yelp"",""20"",""[75000]"",""512"",""2"",""cpu"",""10"",""32"",""2"",""fastgcn"",""0.6805977821350098"",""39.36700208506678"",""4.933762336149812"",""9809.970568127"",""45.12294195685536"",""9758.58025311306"",""[123459.96,3952.07,0.01,0.04,0]"",""0.7289180317893624"",""[4164478650,15160051125,13133298221,0]"",""[36460912.51,759.69,3906961.35,197431086.09,2121.28,0,8525,214012.84,0,0]"",""0.6757614016532898"",""487.92901089759545"",""7119.62109375"",""[7465463808,27239211008,197234688,2854912,0,10424430592,0,7450693632,7455719424,0]"","""","""","""""
"gcn-yelp-fastgcn-cpu-32-20-2-512-10-1024-[65000]-1000,""finished"",""-"","""","""",""2023-10-13T12:42:02.000Z"",""9190"","""",""gcn"",""1024"",""1000"",""yelp"",""20"",""[65000]"",""512"",""2"",""cpu"",""10"",""32"",""2"",""fastgcn"",""0.6751400828361511"",""39.36339602361194"",""4.846749017946422"",""9185.925093353726"",""46.73279108013958"",""9133.091273386031"",""[117761.86,2895.44,0,0.04,0]"",""0.6889705127105117"",""[4141952144,15094832417,13079504099,0]"",""[36338014.26,759.69,3903004.55,197244460.03,2117.37,0,8473.89,213300.61,0,0]"",""0.639636754989624"",""456.65456203562206"",""7189.984375"",""[7539245056,27166945280,196952064,2854912,0,10643255296,0,7524438016,7529540608,0]"","""","""","""""
"gcn-yelp-fastgcn-cpu-32-20-2-512-10-1024-[46500]-1000,""finished"",""-"","""","""",""2023-10-13T10:33:54.000Z"",""7680"","""",""gcn"",""1024"",""1000"",""yelp"",""20"",""[46500]"",""512"",""2"",""cpu"",""10"",""32"",""2"",""fastgcn"",""0.6850908398628235"",""39.37157277038077"",""6.306837021373212"",""7676.896790255792"",""45.45924309827387"",""7623.875558882952"",""[98944.44,2093.47,0,0.04,0]"",""0.7060559801757336"",""[4119608184,15031823219,13028466479,0]"",""[36220795.39,759.69,3900100.05,197071074.86,2113.76,0,8424.11,212625.86,0,0]"",""0.6794878840446472"",""381.1937762236688"",""7492.91015625"",""[7856885760,27062296576,196657152,2854912,0,10862747648,0,7841935360,7847192576,0]"","""","""","""""
"gcn-yelp-ladies-cpu-32-20-2-512-10-1024-[85000]-1000,""finished"",""-"","""","""",""2023-10-13T07:03:37.000Z"",""12609"","""",""gcn"",""1024"",""1000"",""yelp"",""20"",""[85000]"",""512"",""2"",""cpu"",""10"",""32"",""1"",""ladies"",""0.6810119152069092"",""38.384404868942006"",""5.1063034646213055"",""12604.953096646816"",""48.34035564213991"",""12550.20979878027"",""[212962.34,8439.18,0,0.04,0]"",""0.724763541482389"",""[4099225749,14975272781,12985643985,0]"",""[36122379.51,759.69,3897995.88,196926299.24,2111.09,0,8381.55,212027.45,0,0]"",""0.6812465786933899"",""627.5104881817009"",""8930.24609375"",""[9364041728,29427724288,196902912,2854912,0,11935854592,0,9349836800,9355069440,0]"","""","""","""""
"gcn-yelp-ladies-cpu-32-20-2-512-10-1024-[75000]-1000,""finished"",""-"","""","""",""2023-10-13T03:51:08.000Z"",""11540"","""",""gcn"",""1024"",""1000"",""yelp"",""20"",""[75000]"",""512"",""2"",""cpu"",""10"",""32"",""1"",""ladies"",""0.6673002243041992"",""38.308341177414725"",""4.70138827059418"",""11537.337276377715"",""48.292700360529125"",""11482.968519831076"",""[193136.03,6901.44,0,0.04,0]"",""0.6775589482858777"",""[4069224631,14878131643,12907508411,0]"",""[35910401.68,759.69,3889563.47,196744334.6,2106.43,0,8332.13,210839.93,0,0]"",""0.6685187220573425"",""574.1484242549166"",""9051.140625"",""[9490808832,29633339392,196796416,2854912,0,12069023744,0,9476526080,9481552896,0]"","""","""","""""
"gcn-yelp-ladies-cpu-32-20-2-512-10-1024-[65000]-1000,""finished"",""-"","""","""",""2023-10-13T00:41:05.000Z"",""11394"","""",""gcn"",""1024"",""1000"",""yelp"",""20"",""[65000]"",""512"",""2"",""cpu"",""10"",""32"",""1"",""ladies"",""0.6716679930686951"",""38.184471277028315"",""5.885266133584082"",""11392.156093836762"",""43.42927875742316"",""11341.510243549945"",""[193869.13,6025.57,0,0.04,0]"",""0.7443237695842981"",""[4041711444,14787567281,12835357929,0]"",""[35718132.45,757.32,3882660.76,196575154.26,2102.53,0,8282.8,209773.94,0,0]"",""0.6781073808670044"",""567.075510393735"",""9050.87890625"",""[9490534400,29690298368,197533696,2854912,0,12043878400,0,9476567040,9481584640,0]"","""","""","""""
"gcn-yelp-ladies-cpu-32-20-2-512-10-1024-[46500]-1000,""finished"",""-"","""","""",""2023-10-12T21:42:53.000Z"",""10684"","""",""gcn"",""1024"",""1000"",""yelp"",""20"",""[46500]"",""512"",""2"",""cpu"",""10"",""32"",""1"",""ladies"",""0.6809650659561157"",""38.270023709230095"",""5.313064159825444"",""10677.666156278923"",""49.18451574631035"",""10621.921264278702"",""[190907.05,4557.27,0,0.03,0]"",""0.6716980263590813"",""[4014328301,14697463401,12763546337,0]"",""[35525168.06,757.32,3876630.52,196410464.72,2099.14,0,8233.86,208670.9,0,0]"",""0.670020341873169"",""531.0960615163203"",""9637.30859375"",""[10105450496,30225014784,196435968,2854912,0,12687396864,0,10089635840,10094804992,0]"","""","""","""""
"gcn-yelp-fastgcn-cpu-32-20-2-512-10-1024-[85000]-1000,""finished"",""-"","""","""",""2023-10-12T18:55:07.000Z"",""10059"","""",""gcn"",""1024"",""1000"",""yelp"",""20"",""[85000]"",""512"",""2"",""cpu"",""10"",""32"",""1"",""fastgcn"",""0.6842639446258545"",""39.38572512254249"",""4.709262260235846"",""10055.27853314951"",""41.27839396521449"",""10008.04271255061"",""[120285.81,5195.86,0,0.04,0]"",""0.7070625526830554"",""[3987815036,14609009316,12692274050,0]"",""[35335164.86,749.52,3872059.67,196264171.35,2095.45,0,8185.51,207597.57,0,0]"",""0.672508955001831"",""500.40213395361786"",""7262.6953125"",""[7615488000,27708309504,196784128,2854912,0,10441871360,0,7602216960,7607421952,0]"","""","""","""""
"gcn-yelp-fastgcn-cpu-32-20-2-512-10-1024-[75000]-1000,""finished"",""-"","""","""",""2023-10-12T16:15:57.000Z"",""9542"","""",""gcn"",""1024"",""1000"",""yelp"",""20"",""[75000]"",""512"",""2"",""cpu"",""10"",""32"",""1"",""fastgcn"",""0.6842868328094482"",""39.36650953925654"",""4.809875896200538"",""9538.437540120443"",""43.1219539064914"",""9489.181251614356"",""[116908.38,3854.11,0,0.04,0]"",""0.7395681133493781"",""[3966144622,14544315302,12642903972,0]"",""[35215460.54,749.52,3866865.39,196067772.93,2092.08,0,8137.79,206906.76,0,0]"",""0.6679839491844177"",""474.4590608398896"",""7112.78515625"",""[7458295808,27253370880,197050368,2854912,0,10468315136,0,7444017152,7449022464,0]"","""","""","""""
"gcn-yelp-fastgcn-cpu-32-20-2-512-10-1024-[65000]-1000,""finished"",""-"","""","""",""2023-10-12T13:43:21.000Z"",""9147"","""",""gcn"",""1024"",""1000"",""yelp"",""20"",""[65000]"",""512"",""2"",""cpu"",""10"",""32"",""1"",""fastgcn"",""0.6783215403556824"",""39.33845771397382"",""5.684046460315585"",""9142.718053658493"",""41.96707427594811"",""9093.812906431966"",""[114063.63,4039.35,0,0.03,0]"",""0.6961398972198367"",""[3944946256,14481614012,12595255026,0]"",""[35099053.18,749.52,3863005.78,195883156.86,2088.64,0,8090.72,206251.14,0,0]"",""0.6587292551994324"",""454.6906435946468"",""6860.234375"",""[7193477120,27209138176,196665344,2854912,0,10254872576,0,7178645504,7183836160,0]"","""","""","""""
"gcn-yelp-fastgcn-cpu-32-20-2-512-10-1024-[46500]-1000,""finished"",""-"","""","""",""2023-10-12T11:36:15.000Z"",""7618"","""",""gcn"",""1024"",""1000"",""yelp"",""20"",""[46500]"",""512"",""2"",""cpu"",""10"",""32"",""1"",""fastgcn"",""0.6718394756317139"",""39.38386096638619"",""2.296664472669363"",""7614.470040455461"",""48.39555483311415"",""7562.402048758231"",""[99893.58,1920.78,0,0.04,0]"",""0.8157779993489385"",""[3923591810,14419170350,12548223418,0]"",""[34985510.41,749.52,3858963.99,195708561.13,2085.73,0,8044.23,205604.8,0,0]"",""0.6107462048530579"",""378.1201002228539"",""7475.734375"",""[7838875648,26914840576,196251648,2854912,0,10813427712,0,7824736256,7829743616,0]"","""","""","""""
"gcn-yelp-cluster-cpu-32-20-2-512-4500-1024-[10, 10]-1000,""finished"",""-"","""","""",""2023-10-12T11:29:14.000Z"",""413"","""",""gcn"",""1024"",""1000"",""yelp"",""20"",""[10,10]"",""512"",""2"",""cpu"",""4500"",""32"",""3"",""cluster"",""0.6961349248886108"",""38.98025515196788"",""4.744658576324582"",""407.8862681770697"",""39.405137735418975"",""341.766285257414"",""[6206.89,1698.83,0.01,0.09,0]"",""21.430778822861612"",""[3903776493,14363065082,12505647952,0]"",""[34886093.53,749.52,3857031.63,195566527.97,2083.19,0,8001.75,205002.78,0,0]"",""0.6747956275939941"",""17.088312645675614"",""3893.6171875"",""[4082753536,11213987840,196927488,2854912,0,6590644224,0,4068036608,4073124864,0]"","""","""","""""
"gcn-yelp-cluster-cpu-32-20-2-512-5000-1024-[10, 10]-1000,""finished"",""-"","""","""",""2023-10-12T11:22:16.000Z"",""410"","""",""gcn"",""1024"",""1000"",""yelp"",""20"",""[10,10]"",""512"",""2"",""cpu"",""5000"",""32"",""3"",""cluster"",""0.6923567056655884"",""39.08358900996683"",""3.270261329598725"",""404.5788796739653"",""39.390385851264"",""339.67602520622313"",""[6225.93,1747.77,0,0.09,0]"",""21.704993474297225"",""[3903061861,14360393606,12503422991,0]"",""[34879916.76,749.52,3855339.09,195560970.08,2082.69,0,8001.58,204954.55,0,0]"",""0.6690732836723328"",""16.983799513056873"",""3883.78515625"",""[4072443904,11203973120,196632576,2854912,0,6580629504,0,4057899008,4063044608,0]"","""","""","""""
"gcn-yelp-cluster-cpu-32-20-2-512-6000-1024-[10, 10]-1000,""finished"",""-"","""","""",""2023-10-12T11:15:22.000Z"",""406"","""",""gcn"",""1024"",""1000"",""yelp"",""20"",""[10,10]"",""512"",""2"",""cpu"",""6000"",""32"",""3"",""cluster"",""0.6974545121192932"",""38.90410702967126"",""1.8807446593418715"",""401.00288685783744"",""36.33249839022755"",""337.4386071516201"",""[6211.61,1782.44,0,0.08,0]"",""24.81758615653962"",""[3902346951,14357700536,12501170438,0]"",""[34873724.24,749.52,3853598.59,195555641.32,2082.06,0,8001.36,204904.72,0,0]"",""0.6711410284042358"",""16.87192861265503"",""3856.515625"",""[4043849728,11176181760,196423680,2854912,0,6552842240,0,4029296640,4034351104,0]"","""","""","""""
"gcn-yelp-cluster-cpu-32-20-2-512-8000-1024-[10, 10]-1000,""finished"",""-"","""","""",""2023-10-12T11:08:29.000Z"",""405"","""",""gcn"",""1024"",""1000"",""yelp"",""20"",""[10,10]"",""512"",""2"",""cpu"",""8000"",""32"",""3"",""cluster"",""0.6984615325927734"",""38.572014210251155"",""6.98885678127408"",""400.98826693277806"",""36.788872682489455"",""329.4726230772212"",""[6337.84,1727.16,0,0.09,0]"",""27.224745785817504"",""[3901638947,14354985640,12498884497,0]"",""[34867551.82,749.52,3851825.4,195550407.73,2081.08,0,8001.22,204849.15,0,0]"",""0.6648677587509155"",""16.473629532568157"",""3927.98046875"",""[4118786048,11284062208,196972544,2854912,0,6660550656,0,4104753152,4109786112,0]"","""","""","""""
"gcn-yelp-saint-cpu-32-20-2-512-10-1024-[10, 10]-170000,""finished"",""-"","""","""",""2023-10-12T02:14:17.000Z"",""32045"","""",""gcn"",""1024"",""170000"",""yelp"",""20"",""[10,10]"",""512"",""2"",""cpu"",""10"",""32"",""3"",""saint"",""0.6447360515594482"",""54.002894864248745"",""6.457983140833676"",""32040.777801023796"",""39.83816881105304"",""31993.917589645833"",""[408382.75,87651.15,0,0.04,0]"",""0.002508087083697319"",""[3900874053,14352192988,12496507255,0]"",""[34861245.75,749.52,3850104.7,195545285.79,2080.73,0,8001.05,204805.53,0,0]"",""0.4176010489463806"",""1599.6958776953163"",""3799.4453125"",""[3984007168,11147743232,196169728,2854912,0,6524383232,0,3967148032,3972237312,0]"","""","""","""""
"gcn-yelp-saint-cpu-32-20-2-512-10-1024-[10, 10]-150000,""finished"",""-"","""","""",""2023-10-11T18:10:03.000Z"",""29046"","""",""gcn"",""1024"",""150000"",""yelp"",""20"",""[10,10]"",""512"",""2"",""cpu"",""10"",""32"",""3"",""saint"",""0.6420689821243286"",""54.69357904605503"",""6.499918616376817"",""29042.280631430447"",""39.378457120619714"",""28995.83984410204"",""[374912.59,80220.33,0,0.04,0]"",""0.0025700554251670837"",""[3866120967,14198419945,12360651695,0]"",""[34454950.58,721.59,3762882.59,195016198.9,2068.6,0,7991.23,201893.92,0,0]"",""0.4090813994407654"",""1449.7919903683942"",""3789.44140625"",""[3973517312,11105378304,196521984,2854912,0,6482046976,0,3958824960,3963972608,0]"","""","""","""""
"gcn-yelp-saint-cpu-32-20-2-512-10-1024-[10, 10]-130000,""finished"",""-"","""","""",""2023-10-11T10:55:35.000Z"",""26060"","""",""gcn"",""1024"",""130000"",""yelp"",""20"",""[10,10]"",""512"",""2"",""cpu"",""10"",""32"",""3"",""saint"",""0.6456321477890015"",""55.46323776740776"",""5.014259207993746"",""26055.555057949387"",""41.02680702880025"",""26008.917332194746"",""[337407.74,72283.65,0,0.04,0]"",""0.002558753825724125"",""[3831785365,14055684871,12236264000,0]"",""[34082012.06,721.45,3683073.21,194542009.59,2057.32,0,7981.59,199166.19,0,0]"",""0.41815122961997986"",""1300.4458650275133"",""3792.09765625"",""[3976302592,11139735552,196390912,2854912,0,6516322304,0,3959533568,3964606464,0]"","""","""","""""
"gcn-yelp-saint-cpu-32-20-2-512-10-1024-[10, 10]-93000,""finished"",""-"","""","""",""2023-10-11T06:16:54.000Z"",""16713"","""",""gcn"",""1024"",""93000"",""yelp"",""20"",""[10,10]"",""512"",""2"",""cpu"",""10"",""32"",""3"",""saint"",""0.6445469260215759"",""57.25817946834897"",""7.5926008662208915"",""16708.615603754297"",""37.52825449593365"",""16662.93511195667"",""[290737.55,7781.8,0,0.04,0]"",""0.0023855650797486305"",""[3799669979,13925346239,12121399772,0]"",""[33746292.41,721.45,3611140.29,194117958.38,2047.82,0,7974.99,196804.86,0,0]"",""0.40543633699417114"",""833.1467539073899"",""9765.1171875"",""[10239467520,17402241024,195387392,2854912,0,12778807296,0,10221780992,10226629632,0]"","""","""","""""
"gcn-yelp-shadow-cpu-32-20-2-512-10-1024-[50]-1000,""finished"",""-"","""","""",""2023-10-10T14:16:33.000Z"",""57613"","""",""gcn"",""1024"",""1000"",""yelp"",""20"",""[50]"",""512"",""2"",""cpu"",""10"",""32"",""3"",""shadow"",""0.6454553008079529"",""52.1148620150301"",""6.330721911974251"",""57609.083080909215"",""44.99801795184612"",""57557.14718673006"",""[898086.44,121344.41,0,0.04,0]"",""0.004120673984289169"",""[3778022495,13838910768,12036856233,0]"",""[33456863.92,712.28,3603367.59,193881711.99,2040.97,0,7970.38,194845.43,0,0]"",""0.4635682702064514"",""2877.8573576611934"",""4534.3984375"",""[4754661376,12059398144,196194304,2854912,0,7293657088,0,4736790528,4741924864,0]"","""","""","""""
"gcn-yelp-shadow-cpu-32-20-2-512-10-1024-[40]-1000,""finished"",""-"","""","""",""2023-10-10T00:03:09.000Z"",""51196"","""",""gcn"",""1024"",""1000"",""yelp"",""20"",""[40]"",""512"",""2"",""cpu"",""10"",""32"",""3"",""shadow"",""0.6461315155029297"",""52.62508497665037"",""5.96841564308852"",""51192.68698353786"",""50.51690482161939"",""51135.63681840431"",""[837704.4,104299.1,0,0.04,0]"",""0.006789907813072205"",""[3728941926,13534551519,11765965321,0]"",""[32563901.92,710.58,3482672.88,193058084.67,2023.21,0,7897.25,188549.47,0,0]"",""0.483027845621109"",""2556.781839263532"",""4776.34765625"",""[5008363520,12575453184,195715072,2854912,0,7547273216,0,4990500864,4995650560,0]"","""","""","""""
"gcn-yelp-shadow-cpu-32-20-2-512-10-1024-[30]-1000,""finished"",""-"","""","""",""2023-10-09T13:13:42.000Z"",""38959"","""",""gcn"",""1024"",""1000"",""yelp"",""20"",""[30]"",""512"",""2"",""cpu"",""10"",""32"",""3"",""shadow"",""0.6380561590194702"",""53.42130285179804"",""6.043265798129141"",""38955.24309915584"",""35.131928886286914"",""38913.50502178166"",""[625753.69,80547.79,0,0.03,0]"",""0.0024475352838635445"",""[3681047431,13250921373,11515439303,0]"",""[31731148.38,690.61,3378940.69,192362345.8,2007.29,0,7818.69,182510.31,0,0]"",""0.45704013109207153"",""1945.6752493888605"",""4820.83203125"",""[5055008768,12324958208,195313664,2854912,0,7563259904,0,5037744128,5042777088,0]"","""","""","""""
"gcn-yelp-shadow-cpu-32-20-2-512-10-1024-[20]-1000,""finished"",""-"","""","""",""2023-10-09T06:24:06.000Z"",""24568"","""",""gcn"",""1024"",""1000"",""yelp"",""20"",""[20]"",""512"",""2"",""cpu"",""10"",""32"",""3"",""shadow"",""0.6400187015533447"",""54.68079779227412"",""4.820902579464018"",""24564.24281705171"",""37.01801919192076"",""24521.86476847064"",""[471569.37,15646.41,0,0.04,0]"",""0.0027835192158818245"",""[3638122208,13029392044,11320935442,0]"",""[31108925.27,690.5,3298813.88,191822294.1,1995.97,0,7734.62,178020.94,0,0]"",""0.4508424401283264"",""1226.093236718094"",""6141.7421875"",""[6440083456,13540421632,195129344,2854912,0,8947556352,0,6422470656,6427528192,0]"","""","""","""""
"gcn-yelp-labor-cpu-32-20-2-512-10-1024-[50]-1000,""finished"",""-"","""","""",""2023-10-09T04:59:22.000Z"",""5076"","""",""gcn"",""1024"",""1000"",""yelp"",""20"",""[50]"",""512"",""2"",""cpu"",""10"",""32"",""3"",""labor"",""0.6630914211273193"",""38.54388172762096"",""4.588950024917722"",""5073.095520331524"",""54.25842691492289"",""5013.704480092041"",""[123688.55,7993.76,0,0.03,0]"",""0.002620900981128216"",""[3609590037,12878294765,11181685587,0]"",""[30639703.6,690.5,3283206.56,191523522.56,1989.87,0,7651.11,175161.61,0,0]"",""0.659322202205658"",""250.6852222922724"",""4868.4765625"",""[5104967680,26049011712,195825664,2854912,0,7727394816,0,5090553856,5095734272,0]"","""","""","""""
"gcn-yelp-labor-cpu-32-20-2-512-10-1024-[40]-1000,""finished"",""-"","""","""",""2023-10-09T03:41:47.000Z"",""4647"","""",""gcn"",""1024"",""1000"",""yelp"",""20"",""[40]"",""512"",""2"",""cpu"",""10"",""32"",""3"",""labor"",""0.6568599939346313"",""38.52237905087595"",""4.635442611761391"",""4643.946306016296"",""48.900016254745424"",""4589.860689449124"",""[115947.65,6864.49,0,0.03,0]"",""0.0027319537475705147"",""[3593980921,12822317604,11139552249,0]"",""[30516559.08,690.5,3275234.89,191492647.89,1989.2,0,7611.08,174572.26,0,0]"",""0.6577058434486389"",""229.49303279826415"",""5238.03125"",""[5492473856,26063106048,195735552,2854912,0,8102838272,0,5476888576,5481937920,0]"","""","""","""""
"gcn-yelp-labor-cpu-32-20-2-512-10-1024-[30]-1000,""finished"",""-"","""","""",""2023-10-09T02:28:46.000Z"",""4373"","""",""gcn"",""1024"",""1000"",""yelp"",""20"",""[30]"",""512"",""2"",""cpu"",""10"",""32"",""3"",""labor"",""0.6733841896057129"",""38.50139249726254"",""4.667686637490988"",""4370.160148924217"",""47.660473892465234"",""4317.2907920163125"",""[111306.61,5703.9,0,0.04,0]"",""0.0026268549263477325"",""[3578918745,12768852890,11099828939,0]"",""[30401071.42,688.17,3268384.81,191466641.95,1988.64,0,7569.2,174012.44,0,0]"",""0.676241934299469"",""215.86453792038373"",""5273.15234375"",""[5529300992,26043396096,195543040,2854912,0,8149549056,0,5513506816,5518484480,0]"","""","""","""""
"gcn-yelp-labor-cpu-32-20-2-512-10-1024-[20]-1000,""finished"",""-"","""","""",""2023-10-09T01:25:05.000Z"",""3812"","""",""gcn"",""1024"",""1000"",""yelp"",""20"",""[20]"",""512"",""2"",""cpu"",""10"",""32"",""3"",""labor"",""0.6593682765960693"",""38.53624124607573"",""4.637189544737339"",""3809.692108035088"",""50.18903250619769"",""3754.313680008054"",""[98895.22,4130.2,0,0.04,0]"",""0.0025297245010733604"",""[3564082687,12717048997,11061575880,0]"",""[30290246.13,688.17,3262693.03,191443567.67,1988.2,0,7525.13,173493.08,0,0]"",""0.6584826707839966"",""187.71568201649933"",""6473.93359375"",""[6788411392,26052452352,195895296,2854912,0,10096644096,0,6773739520,6778853376,0]"","""","""","""""
"gcn-yelp-neighbor-cpu-32-20-2-512-10-1024-[50]-1000,""finished"",""-"","""","""",""2023-10-09T00:00:29.000Z"",""5067"","""",""gcn"",""1024"",""1000"",""yelp"",""20"",""[50]"",""512"",""2"",""cpu"",""10"",""32"",""3"",""neighbor"",""0.6522387266159058"",""38.53697758541505"",""4.679218541830778"",""5064.387610307895"",""51.30402276664972"",""5007.847813926637"",""[132860.63,8525.72,0,0.03,0.01]"",""0.002303272485733032"",""[3548453629,12668586042,11026893948,0]"",""[30191787.67,688.17,3258569.31,191424428.62,1987.77,0,7477.96,173020.6,0,0]"",""0.6558725833892822"",""250.39238911336287"",""4110.8515625"",""[4310540288,11504562176,195915776,2854912,0,6820569088,0,4293320704,4298360832,0]"","""","""","""""
"gcn-yelp-neighbor-cpu-32-20-2-512-10-1024-[40]-1000,""finished"",""-"","""","""",""2023-10-08T22:47:01.000Z"",""4400"","""",""gcn"",""1024"",""1000"",""yelp"",""20"",""[40]"",""512"",""2"",""cpu"",""10"",""32"",""3"",""neighbor"",""0.650153398513794"",""38.591773025421205"",""6.045306580141187"",""4395.401237956248"",""49.99689926952123"",""4338.816093875095"",""[115593.44,7544.78,0.01,0.03,0]"",""0.0024165278300642967"",""[3531417906,12609962529,10980975026,0]"",""[30059408.69,685.57,3250059.62,191403521.89,1987.24,0,7410.95,172358.38,0,0]"",""0.6498459577560425"",""216.94080306258985"",""4085.64453125"",""[4284108800,11348930560,195805184,2854912,0,6796611584,0,4269633536,4274655232,0]"","""","""","""""
"gcn-yelp-neighbor-cpu-32-20-2-512-10-1024-[30]-1000,""finished"",""-"","""","""",""2023-10-08T21:35:46.000Z"",""4268"","""",""gcn"",""1024"",""1000"",""yelp"",""20"",""[30]"",""512"",""2"",""cpu"",""10"",""32"",""3"",""neighbor"",""0.6695674061775208"",""38.54085662913459"",""5.962486624717712"",""4263.532631987706"",""47.84127587452531"",""4209.173243678175"",""[114541.76,6288.88,0,0.03,0]"",""0.002361949533224106"",""[3514557025,12556288171,10939994972,0]"",""[29944346.83,685.57,3242537.59,191385769.91,1986.84,0,7334.61,171787.93,0,0]"",""0.6602367162704468"",""210.4586605591234"",""4070.3046875"",""[4268023808,11358855168,195481600,2854912,0,6806507520,0,4253188096,4258264064,0]"","""","""","""""
"gcn-yelp-neighbor-cpu-32-20-2-512-10-1024-[20]-1000,""finished"",""-"","""","""",""2023-10-08T20:31:01.000Z"",""3876"","""",""gcn"",""1024"",""1000"",""yelp"",""20"",""[20]"",""512"",""2"",""cpu"",""10"",""32"",""3"",""neighbor"",""0.6619645357131958"",""38.51049578340777"",""1.8516455246135592"",""3871.944531949237"",""50.0276881121099"",""3819.514446356334"",""[105402.47,4582.82,0,0.03,0]"",""0.002459530718624592"",""[3498308558,12503678255,10899426158,0]"",""[29830236.25,685.46,3236259.98,191369867.63,1986.22,0,7251.43,171204.95,0,0]"",""0.6619064807891846"",""190.9757205836475"",""4068.62109375"",""[4266258432,11633811456,195448832,2854912,0,6812774400,0,4250603520,4255751168,0]"","""","""","""""
"gcn-yelp-cluster-cpu-32-20-2-512-4500-1024-[10, 10]-1000,""finished"",""-"","""","""",""2023-10-08T20:24:17.000Z"",""397"","""",""gcn"",""1024"",""1000"",""yelp"",""20"",""[10,10]"",""512"",""2"",""cpu"",""4500"",""32"",""2"",""cluster"",""0.6847724914550781"",""38.96003388069085"",""3.3119941046461463"",""391.9849426411092"",""36.53623278904706"",""330.2524226559326"",""[6125.61,1683.44,0,0.09,0]"",""21.3545062514022"",""[3482213928,12454209219,10861861010,0]"",""[29725315.33,685.46,3231685.97,191355663.58,1985.84,0,7171.68,170697.94,0,0]"",""0.6634361743927002"",""16.512619186844677"",""3970.5625"",""[4163436544,11328684032,197005312,2854912,0,6705201152,0,4149243904,4154364928,0]"","""","""","""""
"gcn-yelp-cluster-cpu-32-20-2-512-5000-1024-[10, 10]-1000,""finished"",""-"","""","""",""2023-10-08T20:17:20.000Z"",""409"","""",""gcn"",""1024"",""1000"",""yelp"",""20"",""[10,10]"",""512"",""2"",""cpu"",""5000"",""32"",""2"",""cluster"",""0.6927037239074707"",""39.114857379758384"",""3.3959663091227412"",""402.7335767429322"",""36.127558334730566"",""340.98460223618895"",""[6174.61,1714.95,0,0.1,0]"",""21.68367290403694"",""[3481594290,12451635183,10859539890,0]"",""[29719223.9,685.46,3230009.89,191350497.85,1985.32,0,7171.52,170649.19,0,0]"",""0.6712973117828369"",""17.049228192074224"",""3934.01171875"",""[4125110272,11256934400,197169152,2854912,0,6633594880,0,4111241216,4116268032,0]"","""","""","""""
"gcn-yelp-cluster-cpu-32-20-2-512-6000-1024-[10, 10]-1000,""finished"",""-"","""","""",""2023-10-08T20:10:21.000Z"",""412"","""",""gcn"",""1024"",""1000"",""yelp"",""20"",""[10,10]"",""512"",""2"",""cpu"",""6000"",""32"",""2"",""cluster"",""0.6927245259284973"",""38.85384032363181"",""2.3829260459169745"",""407.9784900629893"",""36.56797016505152"",""343.77039038576186"",""[6330.93,1731.66,0,0.09,0]"",""24.72595520783216"",""[3480892323,12448985287,10857275639,0]"",""[29713081.9,685.46,3228301.95,191345143.73,1984.65,0,7171.34,170599.14,0,0]"",""0.6675904989242554"",""17.188517829682677"",""3933.51171875"",""[4124585984,11288887296,196677632,2854912,0,6665375744,0,4109205504,4114219008,0]"","""","""","""""
"gcn-yelp-cluster-cpu-32-20-2-512-8000-1024-[10, 10]-1000,""finished"",""-"","""","""",""2023-10-08T20:03:28.000Z"",""405"","""",""gcn"",""1024"",""1000"",""yelp"",""20"",""[10,10]"",""512"",""2"",""cpu"",""8000"",""32"",""2"",""cluster"",""0.7085553407669067"",""38.625037787146"",""5.2610604874789715"",""400.1463053962216"",""39.554275383241475"",""327.94766414165497"",""[6453.52,1661.17,0.01,0.08,0]"",""26.85522256232798"",""[3480112721,12446226204,10854908783,0]"",""[29706791.44,685.46,3226579.21,191339772.42,1984.3,0,7171.07,170538.74,0,0]"",""0.6783103942871094"",""16.39738144101575"",""3974.98046875"",""[4168069120,11297017856,196911104,2854912,0,6673661952,0,4151078912,4156237824,0]"","""","""","""""
"gcn-yelp-saint-cpu-32-20-2-512-10-1024-[10, 10]-170000,""finished"",""-"","""","""",""2023-10-08T11:10:40.000Z"",""31961"","""",""gcn"",""1024"",""170000"",""yelp"",""20"",""[10,10]"",""512"",""2"",""cpu"",""10"",""32"",""2"",""saint"",""0.6454408764839172"",""53.994723702571775"",""6.096119775436819"",""31956.93180437293"",""40.325101672671735"",""31909.956102004275"",""[416592.45,87743.92,0,0.04,0]"",""0.0024072015658020973"",""[3479242278,12443391617,10852509199,0]"",""[29700368.53,685.46,3224923.59,191334725.08,1983.7,0,7170.93,170493.39,0,0]"",""0.4153638780117035"",""1595.497803549189"",""3804.80078125"",""[3989622784,11156135936,195698688,2854912,0,6532775936,0,3975225344,3980311552,0]"","""","""","""""
"gcn-yelp-saint-cpu-32-20-2-512-10-1024-[10, 10]-150000,""finished"",""-"","""","""",""2023-10-08T03:01:52.000Z"",""29320"","""",""gcn"",""1024"",""150000"",""yelp"",""20"",""[10,10]"",""512"",""2"",""cpu"",""10"",""32"",""2"",""saint"",""0.6456671357154846"",""54.68177864239341"",""6.399921217001975"",""29316.528856819496"",""39.43893878161907"",""29270.1296332404"",""[377961.45,78776.98,0,0.04,0.05]"",""0.002457919530570507"",""[3445380123,12288027983,10714329782,0]"",""[29285898.34,685.46,3137614.81,190816569.24,1971.75,0,7159.76,167653.29,0,0]"",""0.42702168226242065"",""1463.5064799950924"",""3785.625"",""[3969515520,11102654464,195416064,2854912,0,6479327232,0,3955113984,3960190976,0]"","""","""","""""
"gcn-yelp-saint-cpu-32-20-2-512-10-1024-[10, 10]-130000,""finished"",""-"","""","""",""2023-10-07T19:38:51.000Z"",""26573"","""",""gcn"",""1024"",""130000"",""yelp"",""20"",""[10,10]"",""512"",""2"",""cpu"",""10"",""32"",""2"",""saint"",""0.6429386138916016"",""55.46648425489053"",""5.421787992119789"",""26569.397664994933"",""41.19053658563644"",""26522.236931310035"",""[346968.15,72257.56,0,0.04,0]"",""0.0023764772340655327"",""[3410989637,12144839116,10588196149,0]"",""[28909827.77,675.51,3059216.95,190335264.4,1961.05,0,7150.07,165033.91,0,0]"",""0.4072971940040589"",""1326.1118448628113"",""3788.49609375"",""[3972526080,11139682304,195489792,2854912,0,6516322304,0,3958358016,3963418624,0]"","""","""","""""
"gcn-yelp-saint-cpu-32-20-2-512-10-1024-[10, 10]-93000,""finished"",""-"","""","""",""2023-10-07T15:01:45.000Z"",""16617"","""",""gcn"",""1024"",""93000"",""yelp"",""20"",""[10,10]"",""512"",""2"",""cpu"",""10"",""32"",""2"",""saint"",""0.6458497047424316"",""57.25356732709552"",""6.378364660777152"",""16613.35421961639"",""40.17807232309133"",""16566.25021168869"",""[292344.24,7310.85,0,0.04,0.22]"",""0.002439194358885288"",""[3377498609,12011421180,10472821243,0]"",""[28564505.69,675.38,2987291.89,189904295.54,1950.96,0,7141.87,162629.49,0,0]"",""0.40968209505081177"",""828.312508930685"",""9807.98046875"",""[10284412928,17446961152,196243456,2854912,0,12823592960,0,10266636288,10271790080,0]"","""","""","""""
"gcn-yelp-shadow-cpu-32-20-2-512-10-1024-[50]-1000,""finished"",""-"","""","""",""2023-10-06T22:41:14.000Z"",""58823"","""",""gcn"",""1024"",""1000"",""yelp"",""20"",""[50]"",""512"",""2"",""cpu"",""10"",""32"",""2"",""shadow"",""0.6411016583442688"",""52.10885268433465"",""5.694874341599643"",""58818.61793343816"",""44.5706557109952"",""58767.76611062139"",""[894422.85,127652.31,0,0.04,0]"",""0.0023599015548825264"",""[3355632706,11924580318,10390384718,0]"",""[28273390.01,675.38,2979989.59,189672210.41,1945.23,0,7137.73,160680.96,0,0]"",""0.4989226460456848"",""2938.388303855434"",""4000.0078125"",""[4194312192,11504140288,195166208,2854912,0,6738505728,0,4179910656,4184960000,0]"","""","""","""""
"gcn-yelp-shadow-cpu-32-20-2-512-10-1024-[40]-1000,""finished"",""-"","""","""",""2023-10-06T08:40:48.000Z"",""50419"","""",""gcn"",""1024"",""1000"",""yelp"",""20"",""[40]"",""512"",""2"",""cpu"",""10"",""32"",""2"",""shadow"",""0.6371326446533203"",""52.620899936528154"",""6.304741124622524"",""50416.451483905315"",""42.120150859467685"",""50367.4549931474"",""[759343.78,112799.4,0,0.04,0]"",""0.002491597086191178"",""[3305662704,11618447855,10111610147,0]"",""[27383722.9,643.28,2852947.17,188812704.36,1924.25,0,7061.59,154789.62,0,0]"",""0.4584542214870453"",""2518.372747947974"",""4110.1171875"",""[4309770240,11552251904,195518464,2854912,0,6852694016,0,4295553024,4300571648,0]"","""","""","""""
"gcn-yelp-shadow-cpu-32-20-2-512-10-1024-[30]-1000,""finished"",""-"","""","""",""2023-10-05T21:43:55.000Z"",""39405"","""",""gcn"",""1024"",""1000"",""yelp"",""20"",""[30]"",""512"",""2"",""cpu"",""10"",""32"",""2"",""shadow"",""0.6340802311897278"",""53.41217161281311"",""6.114165918901563"",""39402.47334260028"",""41.35546808503568"",""39354.40351438895"",""[625649.86,89065.08,0,0.04,0]"",""0.007775876671075821"",""[3257203517,11350486021,9875845705,0]"",""[26628899.99,633.79,2740779.19,188071981.21,1908.61,0,6985.53,149177.58,0,0]"",""0.5155535936355591"",""1967.720174076827"",""5020.484375"",""[5264359424,12336082944,196022272,2854912,0,7771574272,0,5246648320,5251670016,0]"","""","""","""""
"gcn-yelp-shadow-cpu-32-20-2-512-10-1024-[20]-1000,""finished"",""-"","""","""",""2023-10-05T14:06:25.000Z"",""27442"","""",""gcn"",""1024"",""1000"",""yelp"",""20"",""[20]"",""512"",""2"",""cpu"",""10"",""32"",""2"",""shadow"",""0.653660774230957"",""54.68455406452866"",""4.463570209220052"",""27439.15643227566"",""40.17339598853141"",""27393.971308097243"",""[502989.48,45203.24,0,0.04,0]"",""0.0023737233132123947"",""[3214244445,11125384064,9679362674,0]"",""[26006678.89,631.64,2652169.33,187526089.39,1896.15,0,6902.78,144928.56,0,0]"",""0.4541453719139099"",""1369.6985637175385"",""5735.1640625"",""[6013755392,13049102336,195510272,2854912,0,8529760256,0,5996576768,6001509376,0]"","""","""","""""
"gcn-yelp-labor-cpu-32-20-2-512-10-1024-[50]-1000,""finished"",""-"","""","""",""2023-10-05T12:43:44.000Z"",""4954"","""",""gcn"",""1024"",""1000"",""yelp"",""20"",""[50]"",""512"",""2"",""cpu"",""10"",""32"",""2"",""labor"",""0.6592800617218018"",""38.57132417717786"",""4.465890448540449"",""4949.277153590694"",""46.30446523334831"",""4897.970336401835"",""[120846.99,7862.56,0,0.05,0]"",""0.0025333957746624947"",""[3178243716,10949228118,9526930697,0]"",""[25506241.06,631.64,2607166.07,187196321.82,1887.62,0,6817.86,141820.79,0,0]"",""0.6522491574287415"",""244.89851511670275"",""4701.1875"",""[4929552384,26102734848,196349952,2854912,0,7512416256,0,4914651136,4919721984,0]"","""","""","""""
"gcn-yelp-labor-cpu-32-20-2-512-10-1024-[40]-1000,""finished"",""-"","""","""",""2023-10-05T11:26:32.000Z"",""4625"","""",""gcn"",""1024"",""1000"",""yelp"",""20"",""[40]"",""512"",""2"",""cpu"",""10"",""32"",""2"",""labor"",""0.6625617146492004"",""38.51531682163595"",""4.498803206719458"",""4622.012413078919"",""44.43675657454878"",""4572.535846634768"",""[119325.67,4796.95,0,0.04,0]"",""0.002545406110584736"",""[3162914305,10894116383,9485945211,0]"",""[25385930.31,631.64,2599325.83,187166449,1886.84,0,6778.17,141231.31,0,0]"",""0.6520308256149292"",""228.62679063677788"",""5540.28125"",""[5809405952,26204184576,195764224,2854912,0,8384843776,0,5794566144,5799580672,0]"","""","""","""""
"gcn-yelp-labor-cpu-32-20-2-512-10-1024-[30]-1000,""finished"",""-"","""","""",""2023-10-05T10:11:45.000Z"",""4479"","""",""gcn"",""1024"",""1000"",""yelp"",""20"",""[30]"",""512"",""2"",""cpu"",""10"",""32"",""2"",""labor"",""0.6517542600631714"",""38.50761326860572"",""4.630579045042396"",""4475.20224943012"",""52.377916196361184"",""4417.640073507093"",""[114286.49,5691.79,0,0.04,0]"",""0.0025260699912905693"",""[3147788301,10840874134,9445502198,0]"",""[25267061.35,631.64,2594533.84,187142422.16,1886.2,0,6736.73,140660.87,0,0]"",""0.6500706076622009"",""220.88200200041757"",""5529.43359375"",""[5798031360,26121900032,196112384,2854912,0,8382513152,0,5783982080,5789164544,0]"","""","""","""""
"gcn-yelp-labor-cpu-32-20-2-512-10-1024-[20]-1000,""finished"",""-"","""","""",""2023-10-05T09:07:47.000Z"",""3829"","""",""gcn"",""1024"",""1000"",""yelp"",""20"",""[20]"",""512"",""2"",""cpu"",""10"",""32"",""2"",""labor"",""0.6610115170478821"",""38.533266337674306"",""4.528085511177778"",""3824.127040551044"",""53.82892821636051"",""3765.218426377513"",""[99707.82,4043.7,0,0.04,0]"",""0.002579379826784134"",""[3132400049,10787880820,9406325047,0]"",""[25153334.57,631.64,2588857.91,187118908.36,1885.7,0,6694.49,140106.85,0,0]"",""0.6570583581924438"",""188.26091960896736"",""6385.67578125"",""[6695866368,26101260288,195485696,2854912,0,9984372736,0,6681448448,6686389248,0]"","""","""","""""
"gcn-yelp-neighbor-cpu-32-20-2-512-10-1024-[50]-1000,""finished"",""-"","""","""",""2023-10-05T07:47:18.000Z"",""4821"","""",""gcn"",""1024"",""1000"",""yelp"",""20"",""[50]"",""512"",""2"",""cpu"",""10"",""32"",""2"",""neighbor"",""0.6697672605514526"",""38.50579190946893"",""5.712371692061424"",""4817.77998514194"",""49.8036276390776"",""4761.710859426297"",""[126047.94,8652.02,0,0.04,0]"",""0.003793553449213505"",""[3117109402,10739264713,9371503122,0]"",""[25054074.28,631.64,2584820.63,187100042.89,1885.29,0,6645.55,139631.21,0,0]"",""0.6707276701927185"",""238.0855411340017"",""4064.70703125"",""[4262154240,11756408832,195948544,2854912,0,6808879104,0,4247867392,4252936192,0]"","""","""","""""
"gcn-yelp-neighbor-cpu-32-20-2-512-10-1024-[40]-1000,""finished"",""-"","""","""",""2023-10-05T06:32:14.000Z"",""4497"","""",""gcn"",""1024"",""1000"",""yelp"",""20"",""[40]"",""512"",""2"",""cpu"",""10"",""32"",""2"",""neighbor"",""0.6404573321342468"",""38.49098006410211"",""4.98477039206773"",""4492.884200130589"",""52.27402761671692"",""4435.084549223073"",""[119830.96,7406.05,0,0.04,0]"",""0.0027210740372538567"",""[3100270164,10682596950,9327515267,0]"",""[24928514.42,631.64,2576189.46,187080351.06,1884.85,0,6577.08,139013.37,0,0]"",""0.6323100924491882"",""221.75422582020985"",""4091.48046875"",""[4290228224,11373092864,195452928,2854912,0,6817902592,0,4275138560,4280294400,0]"","""","""","""""
"gcn-yelp-neighbor-cpu-32-20-2-512-10-1024-[30]-1000,""finished"",""-"","""","""",""2023-10-05T05:22:13.000Z"",""4194"","""",""gcn"",""1024"",""1000"",""yelp"",""20"",""[30]"",""512"",""2"",""cpu"",""10"",""32"",""2"",""neighbor"",""0.6539393663406372"",""38.53334428845385"",""4.8518998781219125"",""4189.4365219520405"",""46.74460064060986"",""4137.2916923752055"",""[112755.78,6256.57,0,0.05,0]"",""0.003666420467197895"",""[3083713510,10627953171,9285406812,0]"",""[24809216.23,631.64,2568804.06,187063572.66,1884.32,0,6501.82,138406.31,0,0]"",""0.6437990069389343"",""206.86458293395117"",""4034.49609375"",""[4230475776,11298041856,195944448,2854912,0,6743015424,0,4216598528,4221600768,0]"","""","""","""""
"gcn-yelp-neighbor-cpu-32-20-2-512-10-1024-[20]-1000,""finished"",""-"","""","""",""2023-10-05T04:20:21.000Z"",""3704"","""",""gcn"",""1024"",""1000"",""yelp"",""20"",""[20]"",""512"",""2"",""cpu"",""10"",""32"",""2"",""neighbor"",""0.6644532680511475"",""38.4946271128098"",""1.71564953122288"",""3699.976033867337"",""47.62137359753251"",""3650.105263188482"",""[100962.63,4484.37,0,0.04,0]"",""0.010176897048950195"",""[3067379838,10575718440,9245912310,0]"",""[24696892.8,631.64,2562559.27,187048256.67,1883.92,0,6422.82,137871.24,0,0]"",""0.656249463558197"",""182.50526145305489"",""4094.12890625"",""[4293005312,11461439488,196337664,2854912,0,6839881728,0,4278677504,4283677696,0]"","""","""","""""
"gcn-yelp-cluster-cpu-32-20-2-512-4500-1024-[10, 10]-1000,""finished"",""-"","""","""",""2023-10-05T04:13:33.000Z"",""401"","""",""gcn"",""1024"",""1000"",""yelp"",""20"",""[10,10]"",""512"",""2"",""cpu"",""4500"",""32"",""1"",""cluster"",""0.6827542781829834"",""39.03891807962545"",""1.7023295080289245"",""396.54824696760625"",""39.651467020623386"",""333.92803339939564"",""[6238.02,1666.55,0,0.09,0]"",""20.75840610358864"",""[3050334345,10526827835,9209183345,0]"",""[24596403.57,619.78,2558080.79,187035060.05,1883.33,0,6345.4,137284.88,0,0]"",""0.6583108305931091"",""16.696399977291"",""3907.44140625"",""[4097249280,11262717952,197697536,2854912,0,6639087616,0,4083040256,4088220672,0]"","""","""","""""
"gcn-yelp-cluster-cpu-32-20-2-512-5000-1024-[10, 10]-1000,""finished"",""-"","""","""",""2023-10-05T04:06:56.000Z"",""390"","""",""gcn"",""1024"",""1000"",""yelp"",""20"",""[10,10]"",""512"",""2"",""cpu"",""5000"",""32"",""1"",""cluster"",""0.7041579484939575"",""39.06192429557114"",""1.7219063136726618"",""384.1254096655175"",""37.09803924243897"",""323.75943975057453"",""[6047.27,1708.94,0,0.09,0]"",""21.023384938947856"",""[3049528766,10524121093,9206919061,0]"",""[24590207.1,619.78,2556423.3,187029873.04,1882.87,0,6345.19,137223.95,0,0]"",""0.6824454665184021"",""16.18797035384923"",""3848.5703125"",""[4035518464,11198377984,197386240,2854912,0,6574780416,0,4019425280,4024359936,0]"","""","""","""""
"gcn-yelp-cluster-cpu-32-20-2-512-6000-1024-[10, 10]-1000,""finished"",""-"","""","""",""2023-10-05T04:00:12.000Z"",""397"","""",""gcn"",""1024"",""1000"",""yelp"",""20"",""[10,10]"",""512"",""2"",""cpu"",""6000"",""32"",""1"",""cluster"",""0.7108801603317261"",""38.858781733298635"",""3.5604632068425417"",""392.4714238112792"",""38.57355537265539"",""325.5466294325888"",""[6191.16,1732.89,0.01,0.09,0]"",""24.25580124463886"",""[3048908943,10521535724,9204727994,0]"",""[24584186.78,619.78,2554720.17,187024973.53,1882.34,0,6344.81,137180.54,0,0]"",""0.6830284595489502"",""16.277329679811373"",""3824.22265625"",""[4009988096,11141206016,197074944,2854912,0,6517727232,0,3995402240,4000444416,0]"","""","""","""""
"gcn-yelp-cluster-cpu-32-20-2-512-8000-1024-[10, 10]-1000,""finished"",""-"","""","""",""2023-10-05T03:53:27.000Z"",""397"","""",""gcn"",""1024"",""1000"",""yelp"",""20"",""[10,10]"",""512"",""2"",""cpu"",""8000"",""32"",""1"",""cluster"",""0.716037392616272"",""38.622505563414535"",""5.562440034933388"",""392.4296474903822"",""39.18431849591434"",""320.5730353826657"",""[6421.72,1660.98,0.01,0.08,0]"",""26.58192074391991"",""[3048223002,10518842073,9202452220,0]"",""[24578020.03,619.78,2552992.03,187019961.02,1881.77,0,6344.55,137135.43,0,0]"",""0.6864758133888245"",""16.028649875475093"",""3968.2578125"",""[4161019904,11326058496,196857856,2854912,0,6702698496,0,4146507776,4151669760,0]"","""","""","""""
"gcn-yelp-saint-cpu-32-20-2-512-10-1024-[10, 10]-170000,""finished"",""-"","""","""",""2023-10-04T19:00:43.000Z"",""31956"","""",""gcn"",""1024"",""170000"",""yelp"",""20"",""[10,10]"",""512"",""2"",""cpu"",""10"",""32"",""1"",""saint"",""0.6432050466537476"",""54.00722009931789"",""5.451030711643398"",""31952.91154233459"",""40.9581210501492"",""31905.96279782988"",""[415039.05,87527.46,0,0.04,0]"",""0.002362322993576526"",""[3047439075,10516048913,9200055466,0]"",""[24571635.27,619.78,2551338.42,187015137.97,1881.22,0,6344.02,137090.22,0,0]"",""0.4213518500328064"",""1595.298138188105"",""3778.2265625"",""[3961757696,11093090304,195936256,2854912,0,6469746688,0,3946414080,3951347712,0]"","""","""","""""
"gcn-yelp-saint-cpu-32-20-2-512-10-1024-[10, 10]-150000,""finished"",""-"","""","""",""2023-10-04T11:07:43.000Z"",""28372"","""",""gcn"",""1024"",""150000"",""yelp"",""20"",""[10,10]"",""512"",""2"",""cpu"",""10"",""32"",""1"",""saint"",""0.6475303769111633"",""54.683388157866375"",""6.006175520829856"",""28368.79487046041"",""38.901641924865544"",""28323.32708285097"",""[372562.82,79272.89,0,0.04,0]"",""0.006442250683903694"",""[3012358249,10360507393,9061583881,0]"",""[24158873.26,617.11,2464276.76,186495379.6,1868.2,0,6333.6,134071.44,0,0]"",""0.4190016090869904"",""1416.1663510067854"",""3799.6015625"",""[3984171008,11148587008,196345856,2854912,0,6525227008,0,3968057344,3973156864,0]"","""","""","""""
"gcn-yelp-saint-cpu-32-20-2-512-10-1024-[10, 10]-130000,""finished"",""-"","""","""",""2023-10-04T03:55:33.000Z"",""25922"","""",""gcn"",""1024"",""130000"",""yelp"",""20"",""[10,10]"",""512"",""2"",""cpu"",""10"",""32"",""1"",""saint"",""0.6429473161697388"",""55.45931987359357"",""4.9162926860153675"",""25917.725372926332"",""40.359003929421306"",""25871.885954204015"",""[339687.35,71479.23,0,0.04,0]"",""0.0064973002299666405"",""[2980906687,10220024107,8937102626,0]"",""[23788151.3,617.11,2385385.65,186039436.6,1857.32,0,6324.22,131578.04,0,0]"",""0.4139160215854645"",""1293.594295844296"",""3771.6875"",""[3954900992,11088506880,195280896,2854912,0,6464978944,0,3940511744,3945529344,0]"","""","""","""""
"gcn-yelp-saint-cpu-32-20-2-512-10-1024-[10, 10]-93000,""finished"",""-"","""","""",""2023-10-03T23:23:14.000Z"",""16330"","""",""gcn"",""1024"",""93000"",""yelp"",""20"",""[10,10]"",""512"",""2"",""cpu"",""10"",""32"",""1"",""saint"",""0.6463958621025085"",""57.25004502210364"",""6.142936006188393"",""16326.566808197647"",""35.04881257377565"",""16284.824714130722"",""[289406.86,7673.55,0,0.05,0]"",""0.002384156920015812"",""[2948616568,10089263412,8821895036,0]"",""[23450263.09,606.33,2314274.25,185621296.7,1846.78,0,6316.26,129217.7,0,0]"",""0.3975127041339874"",""814.241234060144"",""9437.03125"",""[9895444480,17024806912,195416064,2854912,0,12401340416,0,9877233664,9882281984,0]"","""","""","""""
"gcn-yelp-shadow-cpu-32-20-2-512-10-1024-[50]-1000,""finished"",""-"","""","""",""2023-10-03T07:01:37.000Z"",""58889"","""",""gcn"",""1024"",""1000"",""yelp"",""20"",""[50]"",""512"",""2"",""cpu"",""10"",""32"",""1"",""shadow"",""0.6354824304580688"",""52.13743007965527"",""6.340920080430806"",""58884.268958013505"",""38.04884943086654"",""58839.32785750087"",""[953141.69,122329.2,0,0.04,0]"",""0.005886890925467014"",""[2928739661,10004058650,8736329979,0]"",""[23162060.89,606.33,2306608.14,185395824.56,1842.61,0,6312.08,127419.77,0,0]"",""0.5181896686553955"",""2941.9663911592215"",""4273.01171875"",""[4480577536,11918467072,195493888,2854912,0,7020281856,0,4463157248,4468052992,0]"","""","""","""""
"gcn-yelp-shadow-cpu-32-20-2-512-10-1024-[40]-1000,""finished"",""-"","""","""",""2023-10-02T17:55:38.000Z"",""47151"","""",""gcn"",""1024"",""1000"",""yelp"",""20"",""[40]"",""512"",""2"",""cpu"",""10"",""32"",""1"",""shadow"",""0.6375963687896729"",""52.63154818697965"",""6.095999492332339"",""47147.773130076006"",""40.26973188761622"",""47100.832907442935"",""[713585.84,104534.25,0,0.04,0]"",""0.00250837579369545"",""[2878765312,9684956709,8448510565,0]"",""[22214186.19,597.64,2184905.04,184587446.78,1825.75,0,6237.33,120908.1,0,0]"",""0.5013338923454285"",""2355.0416436405853"",""4592.45703125"",""[4815540224,12413698048,196411392,2854912,0,7321100288,0,4798631936,4803544064,0]"","""","""","""""
"gcn-yelp-shadow-cpu-32-20-2-512-10-1024-[30]-1000,""finished"",""-"","""","""",""2023-10-02T07:06:50.000Z"",""38920"","""",""gcn"",""1024"",""1000"",""yelp"",""20"",""[30]"",""512"",""2"",""cpu"",""10"",""32"",""1"",""shadow"",""0.6415050625801086"",""53.389109948154726"",""5.2920954171568155"",""38916.13576477673"",""36.22524541337043"",""38874.06710174307"",""[599135.1,86319.78,0,0.04,0]"",""0.003962477669119835"",""[2832291619,9432254469,8222657725,0]"",""[21504900.7,595.95,2080965.58,183897162.9,1811.1,0,6158.84,115645.14,0,0]"",""0.49261826276779175"",""1943.7033532305152"",""4597.60546875"",""[4820938752,12023877632,196272128,2854912,0,7327232000,0,4802932736,4808082432,0]"","""","""","""""
"gcn-yelp-shadow-cpu-32-20-2-512-10-1024-[20]-1000,""finished"",""-"","""","""",""2023-10-01T23:49:28.000Z"",""26234"","""",""gcn"",""1024"",""1000"",""yelp"",""20"",""[20]"",""512"",""2"",""cpu"",""10"",""32"",""1"",""shadow"",""0.6398902535438538"",""54.68672531019948"",""5.010146282613277"",""26230.33995102532"",""42.10328506492078"",""26182.684088801965"",""[503320.31,20632.07,0,0.05,0]"",""0.002506227232515812"",""[2786974690,9213775599,8028619146,0]"",""[20909453.83,595.95,1995148.74,183337588.93,1794.16,0,6077.03,110964.24,0,0]"",""0.48573383688926697"",""1309.1342025978956"",""6036.9140625"",""[6330163200,13401534464,195284992,2854912,0,8870400000,0,6312718336,6317817856,0]"","""","""","""""
"gcn-yelp-labor-cpu-32-20-2-512-10-1024-[50]-1000,""finished"",""-"","""","""",""2023-10-01T22:26:23.000Z"",""4978"","""",""gcn"",""1024"",""1000"",""yelp"",""20"",""[50]"",""512"",""2"",""cpu"",""10"",""32"",""1"",""labor"",""0.6672071814537048"",""38.54229352779339"",""4.57628713734448"",""4973.737387197092"",""47.91433590371162"",""4920.692520836368"",""[120519.06,7813.28,0,0.04,0]"",""0.0024551721289753914"",""[2753910372,9050833638,7877380418,0]"",""[20408734.32,593.61,1974587.26,183022276.8,1784.8,0,5996.34,107702.14,0,0]"",""0.668540358543396"",""246.0346243809443"",""4579.19921875"",""[4801638400,26085392384,195133440,2854912,0,7371259904,0,4787335168,4792406016,0]"","""","""","""""
"gcn-yelp-labor-cpu-32-20-2-512-10-1024-[40]-1000,""finished"",""-"","""","""",""2023-10-01T21:04:29.000Z"",""4906"","""",""gcn"",""1024"",""1000"",""yelp"",""20"",""[40]"",""512"",""2"",""cpu"",""10"",""32"",""1"",""labor"",""0.6542297005653381"",""38.50343010133355"",""4.517596119083464"",""4903.0638579828665"",""50.157895823940635"",""4847.842650667764"",""[123397.76,6795.71,0,0.04,0]"",""0.002554750069975853"",""[2737900302,8995638592,7836115497,0]"",""[20288731.59,593.61,1966795.09,182991242.57,1783.9,0,5955.64,107077.2,0,0]"",""0.6423112154006958"",""242.39213082706556"",""5273.7109375"",""[5529886720,26062225408,195256320,2854912,0,8101847040,0,5514924032,5519798272,0]"","""","""","""""
"gcn-yelp-labor-cpu-32-20-2-512-10-1024-[30]-1000,""finished"",""-"","""","""",""2023-10-01T19:50:40.000Z"",""4422"","""",""gcn"",""1024"",""1000"",""yelp"",""20"",""[30]"",""512"",""2"",""cpu"",""10"",""32"",""1"",""labor"",""0.6597405672073364"",""38.567286790200605"",""4.620004937984049"",""4417.691269684583"",""51.24897587578744"",""4361.254240700044"",""[112687.46,5523.24,0,0.04,0]"",""0.0026588886976242065"",""[2722025641,8940099406,7793987747,0]"",""[20165819.21,591.26,1960010.27,182964326.98,1782.98,0,5914.23,106465.14,0,0]"",""0.6577532291412354"",""218.0627102139406"",""5512.4140625"",""[5780185088,26153566208,196259840,2854912,0,8389005312,0,5763764224,5768946688,0]"","""","""","""""
"gcn-yelp-labor-cpu-32-20-2-512-10-1024-[20]-1000,""finished"",""-"","""","""",""2023-10-01T18:45:41.000Z"",""3892"","""",""gcn"",""1024"",""1000"",""yelp"",""20"",""[20]"",""512"",""2"",""cpu"",""10"",""32"",""1"",""labor"",""0.6697831749916077"",""38.51149150421075"",""5.484964957460761"",""3888.2729646861553"",""50.27076972927898"",""3831.969938260503"",""[101298.14,4181.19,0,0.04,0]"",""0.005762128159403801"",""[2706973263,8887993783,7755801383,0]"",""[20053641.32,591.26,1954499.71,182940957.49,1782.5,0,5870.01,105925.97,0,0]"",""0.6710605621337891"",""191.59849525899625"",""6460.68359375"",""[6774517760,26106331136,195883008,2854912,0,10058723328,0,6760603648,6765630464,0]"","""","""","""""
"gcn-yelp-neighbor-cpu-32-20-2-512-10-1024-[50]-1000,""finished"",""-"","""","""",""2023-10-01T17:27:17.000Z"",""4696"","""",""gcn"",""1024"",""1000"",""yelp"",""20"",""[50]"",""512"",""2"",""cpu"",""10"",""32"",""1"",""neighbor"",""0.6694657802581787"",""38.53974394897971"",""5.046206570230424"",""4693.185732563958"",""48.60573368612677"",""4638.963671731763"",""[121797.53,8415.95,0,0.04,0]"",""0.006511064246296883"",""[2691028612,8838753987,7720310280,0]"",""[19952806.29,591.26,1950325.33,182921775.89,1781.9,0,5822.15,105446.15,0,0]"",""0.6716663241386414"",""231.9481812113896"",""4103.91796875"",""[4303269888,11732131840,195784704,2854912,0,6849527808,0,4288737280,4293872640,0]"","""","""","""""
"gcn-yelp-neighbor-cpu-32-20-2-512-10-1024-[40]-1000,""finished"",""-"","""","""",""2023-10-01T16:11:54.000Z"",""4516"","""",""gcn"",""1024"",""1000"",""yelp"",""20"",""[40]"",""512"",""2"",""cpu"",""10"",""32"",""1"",""neighbor"",""0.6604746580123901"",""38.55423120202848"",""6.897149967029691"",""4511.740554379299"",""48.60437608882785"",""4455.699626466259"",""[120328.98,7376.27,0,0.05,0]"",""0.0025313589721918106"",""[2673748763,8783093159,7677358902,0]"",""[19831463.7,591.26,1941928.82,182901584.53,1781.4,0,5753.52,104817.52,0,0]"",""0.6537320017814636"",""222.78497948870063"",""4085.65625"",""[4284121088,11451027456,195854336,2854912,0,6828838912,0,4268711936,4273797120,0]"","""","""","""""
"gcn-yelp-neighbor-cpu-32-20-2-512-10-1024-[30]-1000,""finished"",""-"","""","""",""2023-10-01T14:56:45.000Z"",""4502"","""",""gcn"",""1024"",""1000"",""yelp"",""20"",""[30]"",""512"",""2"",""cpu"",""10"",""32"",""1"",""neighbor"",""0.6539239883422852"",""38.536861229836454"",""4.691360801458359"",""4498.406523228623"",""52.499232987873256"",""4440.673765776679"",""[121700.9,6082.45,0,0.04,0]"",""0.005716774612665176"",""[2656693021,8728531733,7635314276,0]"",""[19711708.75,591.26,1934575.61,182884698.35,1780.9,0,5675.86,104207.11,0,0]"",""0.6554200649261475"",""222.03368579903616"",""4067.93359375"",""[4265537536,11497259008,195850240,2854912,0,6810542080,0,4251017216,4256082944,0]"","""","""","""""
"gcn-yelp-neighbor-cpu-32-20-2-512-10-1024-[20]-1000,""finished"",""-"","""","""",""2023-10-01T13:52:47.000Z"",""3830"","""",""gcn"",""1024"",""1000"",""yelp"",""20"",""[20]"",""512"",""2"",""cpu"",""10"",""32"",""1"",""neighbor"",""0.6569613218307495"",""38.4662125923127"",""7.1591254053637385"",""3826.53936340101"",""49.18667340185493"",""3769.6440376229584"",""[104569.25,4670.74,0,0.04,0]"",""0.002935197204351425"",""[2639324873,8673697445,7592805673,0]"",""[19590489.69,591.26,1928504.75,182868289,1780.52,0,5596.99,103613.32,0,0]"",""0.652289867401123"",""188.48220012043603"",""4023.12109375"",""[4218548224,11416645632,196362240,2854912,0,6732288000,0,4204060672,4208979968,0]"","""","""","""""
"gcn-yelp-ladies-cpu-32-20-2-512-10-1024-[25000]-1000,""finished"",""-"","""","""",""2023-10-01T03:42:48.000Z"",""9685"","""",""gcn"",""1024"",""1000"",""yelp"",""20"",""[25000]"",""512"",""2"",""cpu"",""10"",""32"",""3"",""ladies"",""0.6808810830116272"",""38.14436075816476"",""5.067901335656643"",""9680.024995383808"",""42.26055132132024"",""9631.449559727684"",""[178466.12,3433.52,0.01,0.03,0]"",""0.6796702397987247"",""[2622018330,8622822990,7554462026,0]"",""[19486369.34,591.26,1923838.46,181993872.43,1776.09,0,5517.83,103102.17,0,0]"",""0.6851673722267151"",""481.5724760898854"",""8923.8046875"",""[9357287424,29594583040,196898816,2854912,0,11983192064,0,9341083648,9346296832,0]"","""","""","""""
"gcn-yelp-fastgcn-cpu-32-20-2-512-10-1024-[25000]-1000,""finished"",""-"","""","""",""2023-10-01T02:01:27.000Z"",""6073"","""",""gcn"",""1024"",""1000"",""yelp"",""20"",""[25000]"",""512"",""2"",""cpu"",""10"",""32"",""3"",""fastgcn"",""0.6782069802284241"",""39.43941001245432"",""4.549559562467039"",""6068.825234844349"",""48.529572201892734"",""6014.536148909479"",""[72436.21,1394.82,0,0.03,0]"",""0.6789045939221978"",""[2597220137,8538714042,7486268725,0]"",""[19308737.92,589,1920389.47,181865943.98,1772.93,0,5471.12,102091.13,0,0]"",""0.6331917643547058"",""300.726805684343"",""6100.68359375"",""[6397030400,26565087232,196517888,2854912,0,9406676992,0,6382587904,6387598336,0]"","""","""","""""
"gcn-yelp-ladies-cpu-32-20-2-512-10-1024-[25000]-1000,""finished"",""-"","""","""",""2023-09-30T23:18:29.000Z"",""9770"","""",""gcn"",""1024"",""1000"",""yelp"",""20"",""[25000]"",""512"",""2"",""cpu"",""10"",""32"",""2"",""ladies"",""0.6776421666145325"",""38.05372710665824"",""5.528462776914239"",""9766.28483099304"",""44.29609787929803"",""9715.132150079124"",""[182564.18,3478.38,0,0.03,0]"",""0.7631421824917197"",""[2580571764,8491362349,7451534777,0]"",""[19236722.51,589,1918983.26,181745398.87,1770.83,0,5435.23,101602.47,0,0]"",""0.6782264113426208"",""485.7566056829877"",""9112.75"",""[9555410944,29618008064,197496832,2854912,0,12142891008,0,9540771840,9545766912,0]"","""","""","""""
"gcn-yelp-fastgcn-cpu-32-20-2-512-10-1024-[25000]-1000,""finished"",""-"","""","""",""2023-09-30T21:34:12.000Z"",""6250"","""",""gcn"",""1024"",""1000"",""yelp"",""20"",""[25000]"",""512"",""2"",""cpu"",""10"",""32"",""2"",""fastgcn"",""0.6766090393066406"",""39.49619001004905"",""5.101142295636237"",""6245.842580615543"",""50.497904679737985"",""6188.956309967674"",""[73391.74,1548.31,0,0.03,0]"",""0.7514436757192016"",""[2556198980,8406182518,7382378769,0]"",""[19054975.5,581.31,1915486.22,181618897.37,1767,0,5389.25,100598.39,0,0]"",""0.5493631958961487"",""309.4478139272891"",""5404.86328125"",""[5667409920,26559623168,197779456,2854912,0,8341925888,0,5652205568,5657398272,0]"","""","""","""""
"gcn-yelp-ladies-cpu-32-20-2-512-10-1024-[25000]-1000,""finished"",""-"","""","""",""2023-09-30T18:51:00.000Z"",""9784"","""",""gcn"",""1024"",""1000"",""yelp"",""20"",""[25000]"",""512"",""2"",""cpu"",""10"",""32"",""1"",""ladies"",""0.6715607047080994"",""38.0768681088118"",""4.643661546520889"",""9781.058548870496"",""45.2771380469203"",""9729.851607048884"",""[183977.74,3389.18,0,0.04,0]"",""0.7300956770777702"",""[2539216351,8357689501,7346731718,0]"",""[18982026.23,581.18,1913927.26,181493824.95,1764.76,0,5350.8,100083.85,0,0]"",""0.6692025065422058"",""486.4925784850493"",""8813.71484375"",""[9241849856,29372268544,197206016,2854912,0,11815841792,0,9227698176,9232735232,0]"","""","""","""""
"gcn-yelp-fastgcn-cpu-32-20-2-512-10-1024-[25000]-1000,""finished"",""-"","""","""",""2023-09-30T17:08:55.000Z"",""6118"","""",""gcn"",""1024"",""1000"",""yelp"",""20"",""[25000]"",""512"",""2"",""cpu"",""10"",""32"",""1"",""fastgcn"",""0.6799056529998779"",""39.50231088022173"",""3.5730560859665275"",""6112.6194373006"",""45.88778967037797"",""6061.883251849562"",""[71853.51,1454.71,0.01,0.02,0]"",""0.7196488101035357"",""[2515234998,8272541266,7277724044,0]"",""[18798858.64,581.18,1910522.64,181368115.09,1761.34,0,5305.45,99099.43,0,0]"",""0.6604673862457275"",""303.0941609090194"",""6432.24609375"",""[6744698880,26602070016,196673536,2854912,0,9752363008,0,6727749632,6732987392,0]"","""","""","""""
"gcn-yelp-cluster-cpu-32-20-2-512-15000-1024-[10, 10]-1000,""finished"",""-"","""","""",""2023-09-30T17:01:51.000Z"",""417"","""",""gcn"",""1024"",""1000"",""yelp"",""20"",""[10,10]"",""512"",""2"",""cpu"",""15000"",""32"",""3"",""cluster"",""0.7119932174682617"",""37.97879815355504"",""5.672637575305998"",""408.8156576929614"",""36.28273797221482"",""337.07245109044015"",""[7166.01,1353.42,0,0.08,0]"",""29.275764333084226"",""[2498549303,8224985797,7242859771,0]"",""[18727424.66,581.18,1909057.2,181245606.84,1758.98,0,5268.39,98611.21,0,0]"",""0.669090986251831"",""16.853620835393667"",""4287.05859375"",""[4495306752,11504832512,196784128,2854912,0,7011135488,0,4480479232,4485684224,0]"","""","""","""""
"gcn-yelp-saint-cpu-32-20-2-512-10-1024-[10, 10]-50000,""finished"",""-"","""","""",""2023-09-30T14:22:50.000Z"",""9534"","""",""gcn"",""1024"",""50000"",""yelp"",""20"",""[10,10]"",""512"",""2"",""cpu"",""10"",""32"",""3"",""saint"",""0.6447829008102417"",""60.38726674713929"",""4.795085402205586"",""9529.0634107003"",""36.92322304379195"",""9486.790820973923"",""[178309.88,3222.58,0,0.03,0]"",""0.007959784008562565"",""[2497360231,8221769018,7240194780,0]"",""[18720302.83,581.18,1907709.45,181240614.12,1758.53,0,5268.16,98558.69,0,0]"",""0.38981950283050537"",""474.3395394010469"",""8981.35546875"",""[9417633792,16482566144,195411968,2854912,0,11965505536,0,9399791616,9404894208,0]"","""","""","""""
"gcn-yelp-shadow-cpu-32-20-2-512-10-1024-[10]-1000,""finished"",""-"","""","""",""2023-09-30T10:47:52.000Z"",""12891"","""",""gcn"",""1024"",""1000"",""yelp"",""20"",""[10]"",""512"",""2"",""cpu"",""10"",""32"",""3"",""shadow"",""0.6469480991363525"",""56.904743845388005"",""4.56397488899529"",""12886.370456608944"",""39.99669271148741"",""12841.25643601548"",""[299052.63,4863.89,0,0.03,0]"",""0.0023186858743429184"",""[2483593901,8168938809,7187527223,0]"",""[18542639.57,581.18,1904484.43,181117001.49,1754.54,0,5265.2,97550.42,0,0]"",""0.4367418587207794"",""642.0628200718668"",""7418.26953125"",""[7778619392,14904086528,195395584,2854912,0,10287386624,0,7761055744,7766213632,0]"","""","""","""""
"gcn-yelp-labor-cpu-32-20-2-512-10-1024-[10]-1000,""finished"",""-"","""","""",""2023-09-30T10:08:28.000Z"",""2357"","""",""gcn"",""1024"",""1000"",""yelp"",""20"",""[10]"",""512"",""2"",""cpu"",""10"",""32"",""3"",""labor"",""0.657092809677124"",""38.60240407233546"",""5.036179242655635"",""2352.945707898587"",""47.5565874427557"",""2299.812803827226"",""[62655.86,1927.62,0,0.04,0]"",""0.0026884274557232857"",""[2463413531,8066823268,7096673102,0]"",""[18244868.47,581.18,1899617.72,181008460.67,1751.9,0,5240.92,95950.58,0,0]"",""0.6568485498428345"",""114.99063836596906"",""6738.70703125"",""[7066046464,26052956160,195612672,2854912,0,10347905024,0,7051628544,7056686080,0]"","""","""","""""
"gcn-yelp-neighbor-cpu-32-20-2-512-10-1024-[10]-1000,""finished"",""-"","""","""",""2023-09-30T09:26:55.000Z"",""2486"","""",""gcn"",""1024"",""1000"",""yelp"",""20"",""[10]"",""512"",""2"",""cpu"",""10"",""32"",""3"",""neighbor"",""0.6585880517959595"",""38.50216495027819"",""1.908429803326726"",""2480.1362697649747"",""50.21108959335834"",""2427.476634646766"",""[72201.62,1454.23,0,0.04,0]"",""0.0029474738985300064"",""[2450372562,8030251491,7072202271,0]"",""[18182474.2,581.18,1897687.87,180997430.88,1751.51,0,5210.31,95627.99,0,0]"",""0.6496824622154236"",""121.37382937953808"",""4080.51953125"",""[4278734848,11446648832,195010560,2854912,0,6820507648,0,4263849984,4268866560,0]"","""","""","""""
"gcn-yelp-cluster-cpu-32-20-2-512-15000-1024-[10, 10]-1000,""finished"",""-"","""","""",""2023-09-30T09:20:13.000Z"",""395"","""",""gcn"",""1024"",""1000"",""yelp"",""20"",""[10,10]"",""512"",""2"",""cpu"",""15000"",""32"",""2"",""cluster"",""0.709089994430542"",""37.99990808174678"",""5.642072125338018"",""390.2352339299396"",""34.781816554255784"",""320.2766164811328"",""[7115.89,1181.94,0.01,0.08,0]"",""29.020109218545254"",""[2438302650,7991795236,7044932248,0]"",""[18110678.74,581.18,1896230.32,180991407.96,1751.07,0,5184.2,95299.31,0,0]"",""0.6685745716094971"",""16.01382876066491"",""4426.3203125"",""[4641333248,11649097728,197103616,2854912,0,7154446336,0,4624482304,4629460992,0]"","""","""","""""
"gcn-yelp-saint-cpu-32-20-2-512-10-1024-[10, 10]-50000,""finished"",""-"","""","""",""2023-09-30T06:43:51.000Z"",""9375"","""",""gcn"",""1024"",""50000"",""yelp"",""20"",""[10,10]"",""512"",""2"",""cpu"",""10"",""32"",""2"",""saint"",""0.6460373997688293"",""60.365414148610355"",""4.44936422072351"",""9371.705546510406"",""36.369440644048154"",""9330.336630106904"",""[175300.96,3042.2,0,0.03,0]"",""0.007596353068947792"",""[2437237588,7988763420,7042391073,0]"",""[18103595.96,581.18,1895051.08,180986902.78,1750.8,0,5184.04,95255.67,0,0]"",""0.4056556820869446"",""466.5168299423065"",""8717.859375"",""[9141338112,16197517312,195604480,2854912,0,11680518144,0,9123487744,9128631296,0]"","""","""","""""
"gcn-yelp-shadow-cpu-32-20-2-512-10-1024-[10]-1000,""finished"",""-"","""","""",""2023-09-30T03:23:45.000Z"",""11998"","""",""gcn"",""1024"",""1000"",""yelp"",""20"",""[10]"",""512"",""2"",""cpu"",""10"",""32"",""2"",""shadow"",""0.6457765102386475"",""56.90622227290635"",""4.972510559484363"",""11993.411810563875"",""44.742594784125686"",""11943.163483384064"",""[271966.71,4923.71,0,0.04,0]"",""0.002576705999672413"",""[2424596967,7937350558,6991038101,0]"",""[17928978.71,581.18,1892006.45,180865102.09,1747.25,0,5180.26,94249.61,0,0]"",""0.4912562072277069"",""597.1581724647433"",""7110.84765625"",""[7456264192,14550839296,195510272,2854912,0,9998540800,0,7438884864,7443944448,0]"","""","""","""""
"gcn-yelp-labor-cpu-32-20-2-512-10-1024-[10]-1000,""finished"",""-"","""","""",""2023-09-30T02:43:01.000Z"",""2436"","""",""gcn"",""1024"",""1000"",""yelp"",""20"",""[10]"",""512"",""2"",""cpu"",""10"",""32"",""2"",""labor"",""0.6528668403625488"",""38.55433518697683"",""5.129626001231372"",""2432.403089305386"",""48.639052799902856"",""2378.0933309197426"",""[65173.45,1861.06,0,0.03,0]"",""0.008008366450667381"",""[2404391937,7841992556,6907359135,0]"",""[17658190.18,571.52,1887075.97,180758112.49,1744.33,0,5156.65,92745.48,0,0]"",""0.653335690498352"",""118.90466470038518"",""6841.98046875"",""[7174336512,26159902720,195637248,2854912,0,10516086784,0,7159615488,7164751872,0]"","""","""","""""
"gcn-yelp-neighbor-cpu-32-20-2-512-10-1024-[10]-1000,""finished"",""-"","""","""",""2023-09-30T01:57:20.000Z"",""2733"","""",""gcn"",""1024"",""1000"",""yelp"",""20"",""[10]"",""512"",""2"",""cpu"",""10"",""32"",""2"",""neighbor"",""0.6680172085762024"",""38.548740762435635"",""1.7776903854683042"",""2728.6065322058275"",""52.47176262829453"",""2673.826288923621"",""[78538.01,1704.79,0,0.03,0]"",""0.0025617433711886406"",""[2390991915,7804706461,6882129978,0]"",""[17593301.47,571.52,1885212.44,180747016.5,1743.98,0,5126.45,92405.12,0,0]"",""0.6581106185913086"",""133.6913127339445"",""4002.875"",""[4197318656,11405905920,195010560,2854912,0,6712545280,0,4180828160,4185867264,0]"","""","""","""""
"gcn-yelp-cluster-cpu-32-20-2-512-15000-1024-[10, 10]-1000,""finished"",""-"","""","""",""2023-09-30T01:50:38.000Z"",""395"","""",""gcn"",""1024"",""1000"",""yelp"",""20"",""[10,10]"",""512"",""2"",""cpu"",""15000"",""32"",""1"",""cluster"",""0.7064390182495117"",""37.99882111506636"",""4.9716693833470345"",""390.4137763977051"",""36.58213564567268"",""319.5663165440783"",""[6995.61,1350.77,0,0.09,0]"",""28.778407803736627"",""[2376661452,7762967944,6852420129,0]"",""[17515114.45,571.52,1883503.72,180739642.28,1743.67,0,5096.29,92055.65,0,0]"",""0.6573616862297058"",""15.978314229659736"",""4209.71484375"",""[4414205952,11426115584,197337088,2854912,0,6929362944,0,4399755264,4404841472,0]"","""","""","""""
"gcn-yelp-saint-cpu-32-20-2-512-10-1024-[10, 10]-50000,""finished"",""-"","""","""",""2023-09-29T23:13:35.000Z"",""9415"","""",""gcn"",""1024"",""50000"",""yelp"",""20"",""[10,10]"",""512"",""2"",""cpu"",""10"",""32"",""1"",""saint"",""0.6467880010604858"",""60.34440619893868"",""4.691690659150481"",""9411.664352928288"",""32.75747611746192"",""9373.667724209838"",""[175226.09,3058.77,0.01,0.03,0]"",""0.0024234242737293243"",""[2375626407,7759883648,6849850843,0]"",""[17508148.93,571.52,1882156.49,180735151.11,1743.4,0,5095.87,92009.92,0,0]"",""0.3969976603984833"",""468.6833844847977"",""8687.1640625"",""[9109151744,16139612160,195805184,2854912,0,11622932480,0,9091645440,9096674304,0]"","""","""","""""
"gcn-yelp-shadow-cpu-32-20-2-512-10-1024-[10]-1000,""finished"",""-"","""","""",""2023-09-29T19:47:53.000Z"",""12334"","""",""gcn"",""1024"",""1000"",""yelp"",""20"",""[10]"",""512"",""2"",""cpu"",""10"",""32"",""1"",""shadow"",""0.645382285118103"",""56.92410320508159"",""4.9180318005383015"",""12330.882655621506"",""47.581981546245515"",""12277.830496849492"",""[277454.33,4874.56,0,0.03,0]"",""0.004004328511655331"",""[2362671734,7708301046,6798548308,0]"",""[17333569.91,571.52,1879095.37,180612058.06,1739.8,0,5092.56,91028.52,0,0]"",""0.45529788732528687"",""613.8915231905412"",""7798.16796875"",""[8176971776,15230865408,195403776,2854912,0,10685603840,0,8159698944,8164621312,0]"","""","""","""""
"gcn-yelp-labor-cpu-32-20-2-512-10-1024-[10]-1000,""finished"",""-"","""","""",""2023-09-29T19:09:17.000Z"",""2308"","""",""gcn"",""1024"",""1000"",""yelp"",""20"",""[10]"",""512"",""2"",""cpu"",""10"",""32"",""1"",""labor"",""0.6643619537353516"",""38.5646698378016"",""4.792650090530515"",""2304.536711112596"",""48.42329376656562"",""2250.783113932237"",""[62461.33,1398.97,0,0.04,0]"",""0.002809911035001278"",""[2339874887,7610321860,6711388161,0]"",""[17057333.45,571.37,1874213.26,180499704.43,1737.09,0,5067.14,89438.73,0,0]"",""0.6688293218612671"",""112.53915408030151"",""6719.9140625"",""[7046340608,26018004992,196096000,2854912,0,10326892544,0,7032524800,7037321216,0]"","""","""","""""
"gcn-yelp-neighbor-cpu-32-20-2-512-10-1024-[10]-1000,""finished"",""-"","""","""",""2023-09-29T18:25:52.000Z"",""2597"","""",""gcn"",""1024"",""1000"",""yelp"",""20"",""[10]"",""512"",""2"",""cpu"",""10"",""32"",""1"",""neighbor"",""0.6597926020622253"",""38.523911824776896"",""4.727811095304787"",""2591.4666026923805"",""50.89532126300037"",""2535.277104411274"",""[73505.9,2438.19,0,0.04,0]"",""0.002367863431572914"",""[2328042709,7574998418,6687282216,0]"",""[16995161.96,571.37,1872808.45,180489517.18,1736.77,0,5038.12,89109.97,0,0]"",""0.6564558744430542"",""126.76385364225136"",""3985.92578125"",""[4179546112,11487330304,195784704,2854912,0,6729076736,0,4163928064,4168813568,0]"","""","""","""""
