"Name,""State"",""Notes"",""User"",""Tags"",""Created"",""Runtime"",""Sweep"",""architecture"",""batch_size"",""budget"",""dataset"",""epochs"",""fanout"",""fastladies"",""hidden"",""layer"",""mode"",""num_parts"",""num_threads"",""run"",""sampler"",""accuracy"",""dataloading time"",""end-to-end time"",""f1"",""inference time"",""loss"",""modelpath"",""overall training time"",""process cpu times"",""sampling time"",""system cpu stats"",""system cpu times"",""test-acc"",""test-f1"",""time per epoch"",""used memory"",""used memory full"""
"gat-ogbn-arxiv-fastgcn-cpu-32-20-2-256-10-1024-[10, 10]-[21000]-1000,""finished"",""-"",""jana-vatter"","""",""2024-01-11T10:10:19.000Z"",""810"","""",""gat"",""1024"",""1000"",""ogbn-arxiv"",""20"",""[10,10]"",""[21000]"",""256"",""2"",""cpu"",""10"",""32"",""3"",""fastgcn"",""0.16326051950454712"",""0.2397877760231495"",""806.2442287039012"",""0.16326051950454712"",""12.5064987950027"",""2.958308278844598"",""2024-01-11-11-10-19-gat-ogbn-arxiv-fastgcn-cpu-32-20-2-256-10-1024-[10, 10]-[21000]-1000.pkl"",""792.821795579046"",""[17302.59,1335.27,0,0.04,0]"",""0.1408077199012041"",""[5648119249,31151796572,30842142420,0]"",""[92134424.02,2394.85,12032265.5,381173360.02,3564.16,0,6786.77,620483.06,0,0]"",""0.4780157506465912"",""0.4780157506465912"",""39.6406509950757"",""987.83984375"",""[1035825152,8153997312,201711616,2838528,0,3537752064,0,1019932672,1023665152,0]"""
"gat-ogbn-arxiv-fastgcn-cpu-32-20-2-256-10-1024-[10, 10]-[18000]-1000,""finished"",""-"",""jana-vatter"","""",""2024-01-11T09:57:38.000Z"",""753"","""",""gat"",""1024"",""1000"",""ogbn-arxiv"",""20"",""[10,10]"",""[18000]"",""256"",""2"",""cpu"",""10"",""32"",""3"",""fastgcn"",""0.15329372882843018"",""0.214877737686038"",""749.5966859348118"",""0.15329372882843018"",""12.31016280502081"",""2.975172613443953"",""2024-01-11-10-57-38-gat-ogbn-arxiv-fastgcn-cpu-32-20-2-256-10-1024-[10, 10]-[18000]-1000.pkl"",""736.3857027776539"",""[16402.04,1103.09,0,0.04,0]"",""0.1405838504433632"",""[5643755045,31140827900,30834420514,0]"",""[92117186.84,2394.85,12030929.38,381165868.35,3563.95,0,6768.16,620384.15,0,0]"",""0.4587782621383667"",""0.4587782621383667"",""36.81873534843326"",""1011.63671875"",""[1060777984,8179748864,202440704,2838528,0,3560988672,0,1044574208,1048261632,0]"""
"gat-ogbn-arxiv-fastgcn-cpu-32-20-2-256-10-1024-[10, 10]-[15500]-1000,""finished"",""-"",""jana-vatter"","""",""2024-01-11T09:45:50.000Z"",""700"","""",""gat"",""1024"",""1000"",""ogbn-arxiv"",""20"",""[10,10]"",""[15500]"",""256"",""2"",""cpu"",""10"",""32"",""3"",""fastgcn"",""0.14215242862701416"",""0.4344238359481096"",""696.1380025465041"",""0.14215242862701416"",""12.277044715359809"",""2.9924114634481707"",""2024-01-11-10-45-50-gat-ogbn-arxiv-fastgcn-cpu-32-20-2-256-10-1024-[10, 10]-[15500]-1000.pkl"",""682.7477452233434"",""[15282.19,1081.01,0,0.04,0]"",""0.14847703464329243"",""[5639523618,31130313014,30827024355,0]"",""[92100840.11,2394.85,12029824.05,381159050.87,3563.76,0,6750.84,620276.49,0,0]"",""0.4379976689815521"",""0.4379976689815521"",""34.1368986627087"",""1077.0703125"",""[1129390080,8249991168,201986048,2838528,0,3631181824,0,1113776128,1117485056,0]"""
"gat-ogbn-arxiv-fastgcn-cpu-32-20-2-256-10-1024-[10, 10]-[12500]-1000,""finished"",""-"",""jana-vatter"","""",""2024-01-11T09:34:46.000Z"",""656"","""",""gat"",""1024"",""1000"",""ogbn-arxiv"",""20"",""[10,10]"",""[12500]"",""256"",""2"",""cpu"",""10"",""32"",""3"",""fastgcn"",""0.13020570576190948"",""0.2452534195035696"",""651.0774651598185"",""0.13020570576190948"",""13.192887719720602"",""3.011476822113723"",""2024-01-11-10-34-46-gat-ogbn-arxiv-fastgcn-cpu-32-20-2-256-10-1024-[10, 10]-[12500]-1000.pkl"",""636.9520116541535"",""[14479,945.52,0,0.04,0]"",""0.14851243048906326"",""[5635610236,31120267276,30820100288,0]"",""[92085628.96,2394.85,12028742.26,381152760.65,3563.6,0,6732.04,620194.49,0,0]"",""0.4231837689876557"",""0.4231837689876557"",""31.847071961313485"",""896.99609375"",""[940568576,8062234624,201867264,2838528,0,3441352704,0,924483584,928176128,0]"""
"gat-ogbn-arxiv-fastgcn-cpu-32-20-2-256-10-1024-[10, 10]-[9000]-1000,""finished"",""-"",""jana-vatter"","""",""2024-01-11T09:25:29.000Z"",""549"","""",""gat"",""1024"",""1000"",""ogbn-arxiv"",""20"",""[10,10]"",""[9000]"",""256"",""2"",""cpu"",""10"",""32"",""3"",""fastgcn"",""0.1138964369893074"",""0.20007240399718285"",""543.3399412278086"",""0.1138964369893074"",""16.674131989479065"",""3.0367885252063194"",""2024-01-11-10-25-29-gat-ogbn-arxiv-fastgcn-cpu-32-20-2-256-10-1024-[10, 10]-[9000]-1000.pkl"",""525.7657416705042"",""[12841.4,555.08,0,0.04,0]"",""0.15043848007917404"",""[5631412950,31110373074,30813404529,0]"",""[92071196.14,2394.85,12027794.01,381146956.67,3563.41,0,6715.15,620108.38,0,0]"",""0.4294796586036682"",""0.4294796586036682"",""26.287876531574874"",""1060.26953125"",""[1111773184,8122871808,201728000,2838528,0,3631181824,0,1096032256,1099780096,0]"""
"gat-ogbn-arxiv-ladies-cpu-32-20-2-256-10-1024-[10, 10]-[21000]-1000,""finished"",""-"",""jana-vatter"","""",""2024-01-11T09:18:15.000Z"",""426"","""",""gat"",""1024"",""1000"",""ogbn-arxiv"",""20"",""[10,10]"",""[21000]"",""256"",""2"",""cpu"",""10"",""32"",""3"",""ladies"",""0.37692540884017944"",""0.22495419159531593"",""420.6768909562379"",""0.37692540884017944"",""12.429107144474983"",""2.775573151834895"",""2024-01-11-10-18-16-gat-ogbn-arxiv-ladies-cpu-32-20-2-256-10-1024-[10, 10]-[21000]-1000.pkl"",""407.36512092873454"",""[10280.57,203.98,0,0.05,0]"",""0.1292757336050272"",""[5628343993,31103432928,30808503024,0]"",""[92058418.15,2394.85,12027237.44,381142574.8,3563.25,0,6702.79,620037.04,0,0]"",""0.35520440340042114"",""0.35520440340042114"",""20.367865288350732"",""1024.10546875"",""[1073852416,8137302016,202457088,2838528,0,3626352640,0,1057742848,1061355520,0]"""
"gat-ogbn-arxiv-ladies-cpu-32-20-2-256-10-1024-[10, 10]-[18000]-1000,""finished"",""-"",""jana-vatter"","""",""2024-01-11T09:10:53.000Z"",""434"","""",""gat"",""1024"",""1000"",""ogbn-arxiv"",""20"",""[10,10]"",""[18000]"",""256"",""2"",""cpu"",""10"",""32"",""3"",""ladies"",""0.40346992015838623"",""0.18262692354619503"",""430.42248398810625"",""0.40346992015838623"",""12.685997756198049"",""2.7779862318146096"",""2024-01-11-10-10-53-gat-ogbn-arxiv-ladies-cpu-32-20-2-256-10-1024-[10, 10]-[18000]-1000.pkl"",""416.8927121963352"",""[10481.42,260.14,0,0.04,0]"",""0.12820730917155743"",""[5626109323,31097779941,30804594257,0]"",""[92048196.62,2394.85,12027030.77,381139227.44,3563.16,0,6689.49,619984.43,0,0]"",""0.3896055817604065"",""0.3896055817604065"",""20.844103448279203"",""1002.94921875"",""[1051668480,8090447872,202657792,2838528,0,3578974208,0,1034465280,1038102528,0]"""
"gat-ogbn-arxiv-ladies-cpu-32-20-2-256-10-1024-[10, 10]-[15500]-1000,""finished"",""-"",""jana-vatter"","""",""2024-01-11T09:03:27.000Z"",""437"","""",""gat"",""1024"",""1000"",""ogbn-arxiv"",""20"",""[10,10]"",""[15500]"",""256"",""2"",""cpu"",""10"",""32"",""3"",""ladies"",""0.3920265734195709"",""0.38837113976478577"",""433.1175220031291"",""0.3920265734195709"",""12.236103355884552"",""2.7766556659441317"",""2024-01-11-10-03-27-gat-ogbn-arxiv-ladies-cpu-32-20-2-256-10-1024-[10, 10]-[15500]-1000.pkl"",""419.8216057214886"",""[10619.96,204.6,0,0.04,0]"",""0.1428355686366558"",""[5623595690,31091937321,30800569769,0]"",""[92037776.54,2394.85,12026768.41,381135806.65,3563.05,0,6677.25,619930.54,0,0]"",""0.3740921318531037"",""0.3740921318531037"",""20.99063161239028"",""1069.9375"",""[1121910784,8162865152,202256384,2838528,0,3648712704,0,1105063936,1108740096,0]"""
"gat-ogbn-arxiv-ladies-cpu-32-20-2-256-10-1024-[10, 10]-[12500]-1000,""finished"",""-"",""jana-vatter"","""",""2024-01-11T08:56:02.000Z"",""436"","""",""gat"",""1024"",""1000"",""ogbn-arxiv"",""20"",""[10,10]"",""[12500]"",""256"",""2"",""cpu"",""10"",""32"",""3"",""ladies"",""0.39333534240722656"",""0.26649289950728416"",""431.60153708420694"",""0.39333534240722656"",""12.171985177323222"",""2.774050632219636"",""2024-01-11-09-56-02-gat-ogbn-arxiv-ladies-cpu-32-20-2-256-10-1024-[10, 10]-[12500]-1000.pkl"",""418.479642983526"",""[10637,132.72,0,0.05,0]"",""0.14626283012330532"",""[5621027992,31086037474,30796492815,0]"",""[92027233.82,2394.85,12026561.25,381132360.19,3562.93,0,6664.56,619864.63,0,0]"",""0.3798325061798096"",""0.3798325061798096"",""20.92354532061145"",""1032.62109375"",""[1082781696,8147128320,202846208,2838528,0,3633541120,0,1065930752,1069579264,0]"""
"gat-ogbn-arxiv-ladies-cpu-32-20-2-256-10-1024-[10, 10]-[9000]-1000,""finished"",""-"",""jana-vatter"","""",""2024-01-11T08:48:50.000Z"",""423"","""",""gat"",""1024"",""1000"",""ogbn-arxiv"",""20"",""[10,10]"",""[9000]"",""256"",""2"",""cpu"",""10"",""32"",""3"",""ladies"",""0.3882009387016296"",""0.224277775734663"",""418.6159631628543"",""0.3882009387016296"",""12.180514557287095"",""2.773249042168092"",""2024-01-11-09-48-50-gat-ogbn-arxiv-ladies-cpu-32-20-2-256-10-1024-[10, 10]-[9000]-1000.pkl"",""405.4767890814692"",""[10292.71,168.22,0.01,0.03,0]"",""0.18456382863223553"",""[5618227779,31080077827,30792384509,0]"",""[92016664.66,2394.85,12026425.26,381128922.36,3562.79,0,6652.75,619810.01,0,0]"",""0.37625250220298767"",""0.37625250220298767"",""20.273399595543744"",""1045.37109375"",""[1096151040,8159907840,202424320,2838528,0,3648843776,0,1079894016,1083535360,0]"""
"gat-ogbn-arxiv-cluster-cpu-32-20-2-256-4500-1024-[10, 10]-None-1000,""finished"",""-"",""jana-vatter"","""",""2024-01-11T08:44:24.000Z"",""258"","""",""gat"",""1024"",""1000"",""ogbn-arxiv"",""20"",""[10,10]"","""",""256"",""2"",""cpu"",""4500"",""32"",""3"",""cluster"",""0.510378360748291"",""0.1984589286148548"",""253.8006441127509"",""0.510378360748291"",""12.891698598861694"",""2.8312834739685058"",""2024-01-11-09-44-24-gat-ogbn-arxiv-cluster-cpu-32-20-2-256-4500-1024-[10, 10]-None-1000.pkl"",""235.4303737077862"",""[4427.25,1262.04,0,0.04,0]"",""4.485233083367348"",""[5615867879,31074406629,30788416080,0]"",""[92006423.81,2394.85,12026253.85,381125619.27,3562.65,0,6639.92,619754.68,0,0]"",""0.5216756463050842"",""0.5216756463050842"",""11.771079932432622"",""925.8671875"",""[970842112,8118829056,202006528,2838528,0,3496697856,0,954785792,958427136,0]"""
"gat-ogbn-arxiv-cluster-cpu-32-20-2-256-5000-1024-[10, 10]-None-1000,""finished"",""-"",""jana-vatter"","""",""2024-01-11T08:39:35.000Z"",""282"","""",""gat"",""1024"",""1000"",""ogbn-arxiv"",""20"",""[10,10]"","""",""256"",""2"",""cpu"",""5000"",""32"",""3"",""cluster"",""0.5072426795959473"",""0.2162733320146799"",""278.26018032617867"",""0.5072426795959473"",""12.780907126143576"",""2.8348880767822267"",""2024-01-11-09-39-35-gat-ogbn-arxiv-cluster-cpu-32-20-2-256-5000-1024-[10, 10]-None-1000.pkl"",""233.04833296872675"",""[4389.82,1234.03,0,0.04,0]"",""4.550067642703652"",""[5615343986,31072316388,30786675569,0]"",""[92002017.66,2394.85,12024996.35,381122851.73,3562.6,0,6637.26,619723.06,0,0]"",""0.5166965126991272"",""0.5166965126991272"",""11.651981907337904"",""959.12109375"",""[1005711360,8140541952,202637312,2838528,0,3532644352,0,991236096,994865152,0]"""
"gat-ogbn-arxiv-cluster-cpu-32-20-2-256-6000-1024-[10, 10]-None-1000,""finished"",""-"",""jana-vatter"","""",""2024-01-11T08:35:07.000Z"",""260"","""",""gat"",""1024"",""1000"",""ogbn-arxiv"",""20"",""[10,10]"","""",""256"",""2"",""cpu"",""6000"",""32"",""3"",""cluster"",""0.5132423639297485"",""0.19556433148682115"",""254.485969459638"",""0.5132423639297485"",""12.71191151626408"",""2.8264644940694175"",""2024-01-11-09-35-08-gat-ogbn-arxiv-cluster-cpu-32-20-2-256-6000-1024-[10, 10]-None-1000.pkl"",""236.2384028043598"",""[4481.53,1265.82,0,0.05,0]"",""4.796438954770565"",""[5614832204,31070239315,30784954952,0]"",""[91997646.48,2394.85,12023765.68,381119161.29,3562.53,0,6634.31,619694.01,0,0]"",""0.5254408121109009"",""0.5254408121109009"",""11.811564082931728"",""894.69140625"",""[938151936,8082608128,202039296,2838528,0,3464024064,0,922116096,925760512,0]"""
"gat-ogbn-arxiv-cluster-cpu-32-20-2-256-8000-1024-[10, 10]-None-1000,""finished"",""-"",""jana-vatter"","""",""2024-01-11T08:30:24.000Z"",""275"","""",""gat"",""1024"",""1000"",""ogbn-arxiv"",""20"",""[10,10]"","""",""256"",""2"",""cpu"",""8000"",""32"",""3"",""cluster"",""0.5096815228462219"",""0.18478331156075"",""272.557558638975"",""0.5096815228462219"",""12.696243120357394"",""2.8182239532470703"",""2024-01-11-09-30-24-gat-ogbn-arxiv-cluster-cpu-32-20-2-256-8000-1024-[10, 10]-None-1000.pkl"",""254.07688238471744"",""[4941.25,1252.53,0,0.04,0]"",""5.085060544312"",""[5614283915,31068036901,30783186777,0]"",""[91993182.41,2394.85,12022502.79,381116423.3,3562.49,0,6631.17,619667.71,0,0]"",""0.5199267268180847"",""0.5199267268180847"",""12.703366465959698"",""857.171875"",""[898809856,8046284800,201736192,2838528,0,3425415168,0,883429376,887049216,0]"""
"gat-ogbn-arxiv-cluster-cpu-32-20-2-256-10000-1024-[10, 10]-None-1000,""finished"",""-"",""jana-vatter"","""",""2024-01-11T08:25:27.000Z"",""288"","""",""gat"",""1024"",""1000"",""ogbn-arxiv"",""20"",""[10,10]"","""",""256"",""2"",""cpu"",""10000"",""32"",""3"",""cluster"",""0.5041779279708862"",""0.4546575695276261"",""283.3114447351545"",""0.5041779279708862"",""12.885325089097025"",""2.796967959403992"",""2024-01-11-09-25-27-gat-ogbn-arxiv-cluster-cpu-32-20-2-256-10000-1024-[10, 10]-None-1000.pkl"",""263.5497257374227"",""[5226.24,1277.29,0,0.04,0]"",""5.637901419773698"",""[5613504816,31065445472,30781177203,0]"",""[91988268.26,2394.85,12021255.33,381113476.09,3562.42,0,6627.05,619627.12,0,0]"",""0.518136739730835"",""0.518136739730835"",""13.177072147279976"",""824.11328125"",""[864145408,7988346880,202346496,2838528,0,3366010880,0,849551360,853131264,0]"""
"gat-ogbn-arxiv-saint-cpu-32-20-2-256-10-1024-[10, 10]-None-42000,""finished"",""-"",""jana-vatter"","""",""2024-01-11T07:26:46.000Z"",""3512"","""",""gat"",""1024"",""42000"",""ogbn-arxiv"",""20"",""[10,10]"","""",""256"",""2"",""cpu"",""10"",""32"",""3"",""saint"",""0.5027493834495544"",""0.4660388845950365"",""3508.7870571333915"",""0.5027493834495544"",""12.775263857096434"",""2.2535533583566045"",""2024-01-11-08-26-46-gat-ogbn-arxiv-saint-cpu-32-20-2-256-10-1024-[10, 10]-None-42000.pkl"",""3494.9911405090243"",""[64311.91,17071.85,0,0.04,0]"",""0.003125172108411789"",""[5612622745,31062559205,30779004282,0]"",""[91983071.45,2394.85,12019983.32,381110539.97,3562.35,0,6621.58,619593.31,0,0]"",""0.434294193983078"",""0.434294193983078"",""174.74912999635563"",""992.3828125"",""[1040588800,8142213120,200962048,2838528,0,3541639168,0,1023954944,1027579904,0]"""
"gat-ogbn-arxiv-saint-cpu-32-20-2-256-10-1024-[10, 10]-None-36000,""finished"",""-"",""jana-vatter"","""",""2024-01-11T06:33:58.000Z"",""3159"","""",""gat"",""1024"",""36000"",""ogbn-arxiv"",""20"",""[10,10]"","""",""256"",""2"",""cpu"",""10"",""32"",""3"",""saint"",""0.4979418218135834"",""0.49130487255752087"",""3154.074639376253"",""0.4979418218135834"",""13.10477289929986"",""2.2557901237787825"",""2024-01-11-07-33-58-gat-ogbn-arxiv-saint-cpu-32-20-2-256-10-1024-[10, 10]-None-36000.pkl"",""3139.9327506646514"",""[58024.7,14828.75,0,0.04,0]"",""0.003926228731870651"",""[5605367350,31033110364,30754253551,0]"",""[91919097.78,2394.85,12002999.12,381079279.71,3561.72,0,6586.43,619098.16,0,0]"",""0.4267226159572602"",""0.4267226159572602"",""156.99616617467254"",""915.33984375"",""[959803392,8090181632,201543680,2838528,0,3486208000,0,943951872,947587072,0]"""
"gat-ogbn-arxiv-saint-cpu-32-20-2-256-10-1024-[10, 10]-None-31000,""finished"",""-"",""jana-vatter"","""",""2024-01-11T05:47:18.000Z"",""2791"","""",""gat"",""1024"",""31000"",""ogbn-arxiv"",""20"",""[10,10]"","""",""256"",""2"",""cpu"",""10"",""32"",""3"",""saint"",""0.497433602809906"",""0.471978060901165"",""2786.3084939252585"",""0.497433602809906"",""13.24295151606202"",""2.2575902804899752"",""2024-01-11-06-47-19-gat-ogbn-arxiv-saint-cpu-32-20-2-256-10-1024-[10, 10]-None-31000.pkl"",""2772.024362064898"",""[51768.82,13450.11,0,0.04,0]"",""0.0026597771793603897"",""[5598005955,31005595150,30731642141,0]"",""[91861340.54,2381.11,11988231.99,381050904.32,3560.7,0,6552,618658.74,0,0]"",""0.4238215684890747"",""0.4238215684890747"",""138.60082037374377"",""946.1875"",""[992149504,8122265600,201498624,2838528,0,3517919232,0,975568896,979183616,0]"""
"gat-ogbn-arxiv-saint-cpu-32-20-2-256-10-1024-[10, 10]-None-25000,""finished"",""-"",""jana-vatter"","""",""2024-01-11T05:07:24.000Z"",""2386"","""",""gat"",""1024"",""25000"",""ogbn-arxiv"",""20"",""[10,10]"","""",""256"",""2"",""cpu"",""10"",""32"",""3"",""saint"",""0.4905407130718231"",""0.4606819078326226"",""2381.750554041937"",""0.4905407130718231"",""13.342072485014796"",""2.2639640743812817"",""2024-01-11-06-07-24-gat-ogbn-arxiv-saint-cpu-32-20-2-256-10-1024-[10, 10]-None-25000.pkl"",""2367.393650697544"",""[44676.1,11205.31,0,0.05,0]"",""0.003264840692281723"",""[5591379618,30980482052,30711178965,0]"",""[91809848.46,2381.11,11974850.86,381026632.15,3560.3,0,6515.07,618290.08,0,0]"",""0.4140279293060303"",""0.4140279293060303"",""118.36927841072902"",""959.22265625"",""[1005817856,8141119488,201392128,2838528,0,3532075008,0,989540352,993136640,0]"""
"gat-ogbn-arxiv-saint-cpu-32-20-2-256-10-1024-[10, 10]-None-18000,""finished"",""-"",""jana-vatter"","""",""2024-01-11T04:35:56.000Z"",""1880"","""",""gat"",""1024"",""18000"",""ogbn-arxiv"",""20"",""[10,10]"","""",""256"",""2"",""cpu"",""10"",""32"",""3"",""saint"",""0.4956809878349304"",""0.49197941087186337"",""1875.2459655161947"",""0.4956809878349304"",""13.495577359572051"",""2.2719269441754633"",""2024-01-11-05-35-56-gat-ogbn-arxiv-saint-cpu-32-20-2-256-10-1024-[10, 10]-None-18000.pkl"",""1860.7045938782392"",""[36342.45,8377.69,0,0.05,0]"",""0.003231355920433998"",""[5584925502,30957729832,30693115860,0]"",""[91765388.12,2376.72,11963696.4,381005959.33,3559.86,0,6480.25,617985.51,0,0]"",""0.4190276265144348"",""0.4190276265144348"",""93.0348092008382"",""846.59375"",""[887717888,8004104192,200867840,2838528,0,3389722624,0,872013824,875611136,0]"""
"gat-ogbn-arxiv-shadow-cpu-32-20-2-256-10-1024-[50]-None-1000,""finished"",""-"",""jana-vatter"","""",""2024-01-11T03:46:22.000Z"",""2965"","""",""gat"",""1024"",""1000"",""ogbn-arxiv"",""20"",""[50]"","""",""256"",""2"",""cpu"",""10"",""32"",""3"",""shadow"",""0.5755255222320557"",""0.4877537880092859"",""2960.6460703145713"",""0.5755255222320557"",""13.451737452298405"",""2.146751690446661"",""2024-01-11-04-46-22-gat-ogbn-arxiv-shadow-cpu-32-20-2-256-10-1024-[50]-None-1000.pkl"",""2946.1582636851817"",""[54432.7,14194.71,0,0.04,0.01]"",""0.0030329041182994843"",""[5578683530,30937776251,30678121734,0]"",""[91729239.33,2376.72,11955359.95,380990304.8,3559.55,0,6446.22,617745.98,0,0]"",""0.4599098861217499"",""0.4599098861217499"",""147.30747191961854"",""909.65625"",""[953843712,8106053632,200941568,2838528,0,3481071616,0,938467328,942116864,0]"""
"gat-ogbn-arxiv-shadow-cpu-32-20-2-256-10-1024-[40]-None-1000,""finished"",""-"",""jana-vatter"","""",""2024-01-11T02:59:50.000Z"",""2783"","""",""gat"",""1024"",""1000"",""ogbn-arxiv"",""20"",""[40]"","""",""256"",""2"",""cpu"",""10"",""32"",""3"",""shadow"",""0.5649360418319702"",""0.5223781149834394"",""2779.066155055538"",""0.5649360418319702"",""13.012735972180964"",""2.1681979988398177"",""2024-01-11-03-59-50-gat-ogbn-arxiv-shadow-cpu-32-20-2-256-10-1024-[40]-None-1000.pkl"",""2764.980777123943"",""[51271.8,13019.35,0,0.04,0]"",""0.0034421179443597794"",""[5571654763,30911336423,30655845155,0]"",""[91675069.01,2376.72,11941230.85,380963852.3,3559.05,0,6410.41,617361.66,0,0]"",""0.4510626792907715"",""0.4510626792907715"",""138.24862184580417"",""913.5625"",""[957939712,8111882240,201170944,2838528,0,3484319744,0,941887488,945481728,0]"""
"gat-ogbn-arxiv-shadow-cpu-32-20-2-256-10-1024-[30]-None-1000,""finished"",""-"",""jana-vatter"","""",""2024-01-11T02:18:17.000Z"",""2485"","""",""gat"",""1024"",""1000"",""ogbn-arxiv"",""20"",""[30]"","""",""256"",""2"",""cpu"",""10"",""32"",""3"",""shadow"",""0.5563839673995972"",""0.5185016989707947"",""2480.449612831697"",""0.5563839673995972"",""13.147903125733135"",""2.2035029148787597"",""2024-01-11-03-18-18-gat-ogbn-arxiv-shadow-cpu-32-20-2-256-10-1024-[30]-None-1000.pkl"",""2466.2364006005228"",""[46487.2,11624.66,0,0.05,0]"",""0.003751412034034729"",""[5564384751,30885863923,30634697185,0]"",""[91624041.43,2376.72,11928270.28,380938920.22,3558.56,0,6374.97,616997.31,0,0]"",""0.44814106822013855"",""0.44814106822013855"",""123.3114313214086"",""854.8828125"",""[896409600,8052850688,200105984,2838528,0,3423850496,0,880365568,884046848,0]"""
"gat-ogbn-arxiv-shadow-cpu-32-20-2-256-10-1024-[20]-None-1000,""finished"",""-"",""jana-vatter"","""",""2024-01-11T01:43:04.000Z"",""2105"","""",""gat"",""1024"",""1000"",""ogbn-arxiv"",""20"",""[20]"","""",""256"",""2"",""cpu"",""10"",""32"",""3"",""shadow"",""0.5432424545288086"",""0.4527741428464651"",""2100.598796635866"",""0.5432424545288086"",""13.069437261670828"",""2.2611401027507996"",""2024-01-11-02-43-05-gat-ogbn-arxiv-shadow-cpu-32-20-2-256-10-1024-[20]-None-1000.pkl"",""2086.5121383760124"",""[40093.98,9730.94,0,0.04,0]"",""0.0023244861513376236"",""[5557584214,30862204428,30615418028,0]"",""[91577778.99,2376.72,11916698.91,380917328.87,3558.19,0,6340.22,616682.51,0,0]"",""0.4451577067375183"",""0.4451577067375183"",""104.32519341371952"",""851.6953125"",""[893067264,8011165696,200314880,2838528,0,3395801088,0,877494272,881143808,0]"""
"gat-ogbn-arxiv-shadow-cpu-32-20-2-256-10-1024-[10]-None-1000,""finished"",""-"",""jana-vatter"","""",""2024-01-11T01:17:47.000Z"",""1508"","""",""gat"",""1024"",""1000"",""ogbn-arxiv"",""20"",""[10]"","""",""256"",""2"",""cpu"",""10"",""32"",""3"",""shadow"",""0.5265005826950073"",""0.3072798866778612"",""1505.692306080833"",""0.5265005826950073"",""12.814734673127532"",""2.3689018153072743"",""2024-01-11-02-17-47-gat-ogbn-arxiv-shadow-cpu-32-20-2-256-10-1024-[10]-None-1000.pkl"",""1492.0097586028278"",""[30126.48,6556.42,0,0.04,0]"",""0.004045942798256874"",""[5551262433,30841069837,30598564295,0]"",""[91537882.13,2376.72,11907012.7,380899631.83,3557.81,0,6305.05,616412.03,0,0]"",""0.4487377405166626"",""0.4487377405166626"",""74.60009810850025"",""893.4765625"",""[936878080,8062554112,200200192,2838528,0,3464286208,0,920604672,924224512,0]"""
"gat-ogbn-arxiv-labor-cpu-32-20-2-256-10-1024-[50]-None-1000,""finished"",""-"",""jana-vatter"","""",""2024-01-11T00:50:47.000Z"",""1612"","""",""gat"",""1024"",""1000"",""ogbn-arxiv"",""20"",""[50]"","""",""256"",""2"",""cpu"",""10"",""32"",""3"",""labor"",""0.5439108610153198"",""0.4893194232136011"",""1606.8278522118926"",""0.5439108610153198"",""13.25523415952921"",""2.3916100116258256"",""2024-01-11-01-50-47-gat-ogbn-arxiv-labor-cpu-32-20-2-256-10-1024-[50]-None-1000.pkl"",""1592.5363332368431"",""[30874.15,8005.95,0,0.05,0]"",""0.0026917774230241776"",""[5545419858,30823917429,30585678663,0]"",""[91507888.11,2376.72,11900481.3,380887770.68,3557.47,0,6277.02,616218.72,0,0]"",""0.5135279893875122"",""0.5135279893875122"",""79.62634836975485"",""834.7265625"",""[875274240,8026050560,201326592,2838528,0,3401928704,0,859504640,863144960,0]"""
"gat-ogbn-arxiv-labor-cpu-32-20-2-256-10-1024-[40]-None-1000,""finished"",""-"",""jana-vatter"","""",""2024-01-11T00:25:25.000Z"",""1513"","""",""gat"",""1024"",""1000"",""ogbn-arxiv"",""20"",""[40]"","""",""256"",""2"",""cpu"",""10"",""32"",""3"",""labor"",""0.5381388664245605"",""0.4226865954697132"",""1508.7503034230322"",""0.5381388664245605"",""13.192514315247536"",""2.389011892040124"",""2024-01-11-01-25-26-gat-ogbn-arxiv-labor-cpu-32-20-2-256-10-1024-[40]-None-1000.pkl"",""1494.572676120326"",""[29234.84,7449.17,0,0.04,0]"",""0.0027374345809221268"",""[5540601540,30808741638,30573411074,0]"",""[91477163.68,2376.72,11892512.3,380874884.62,3557.2,0,6260.71,616003.08,0,0]"",""0.5023970007896423"",""0.5023970007896423"",""74.7281385098584"",""829.5859375"",""[869883904,8018378752,201416704,2838528,0,3395780608,0,853520384,857116672,0]"""
"gat-ogbn-arxiv-labor-cpu-32-20-2-256-10-1024-[30]-None-1000,""finished"",""-"",""jana-vatter"","""",""2024-01-11T00:02:10.000Z"",""1386"","""",""gat"",""1024"",""1000"",""ogbn-arxiv"",""20"",""[30]"","""",""256"",""2"",""cpu"",""10"",""32"",""3"",""labor"",""0.5228027701377869"",""0.329292856156826"",""1382.2270331531763"",""0.5228027701377869"",""12.92004175670445"",""2.3897586458184747"",""2024-01-11-01-02-10-gat-ogbn-arxiv-labor-cpu-32-20-2-256-10-1024-[30]-None-1000.pkl"",""1368.4459472093731"",""[27078.6,6797.39,0,0.04,0]"",""0.0028656236827373505"",""[5535865798,30794151148,30561781644,0]"",""[91448060.14,2376.72,11885094.13,380862888.3,3556.97,0,6243.82,615801.14,0,0]"",""0.4853198230266571"",""0.4853198230266571"",""68.42181188380346"",""847.43359375"",""[888598528,8042582016,201244672,2838528,0,3414548480,0,872083456,875657216,0]"""
"gat-ogbn-arxiv-labor-cpu-32-20-2-256-10-1024-[20]-None-1000,""finished"",""-"",""jana-vatter"","""",""2024-01-10T23:41:51.000Z"",""1211"","""",""gat"",""1024"",""1000"",""ogbn-arxiv"",""20"",""[20]"","""",""256"",""2"",""cpu"",""10"",""32"",""3"",""labor"",""0.5206885933876038"",""0.29071628861129284"",""1205.9525964017955"",""0.5206885933876038"",""12.959425704553723"",""2.394697494721145"",""2024-01-11-00-41-51-gat-ogbn-arxiv-labor-cpu-32-20-2-256-10-1024-[20]-None-1000.pkl"",""1192.1549616791308"",""[24117.61,5827.28,0.01,0.03,0]"",""0.002386085689067841"",""[5531262837,30780351600,30550992377,0]"",""[91421101.22,2376.72,11878324.48,380852164.8,3556.7,0,6227.35,615617.52,0,0]"",""0.4776248335838318"",""0.4776248335838318"",""59.60732450755313"",""807.984375"",""[847233024,7991619584,200912896,2838528,0,3373944832,0,831012864,834648064,0]"""
"gat-ogbn-arxiv-labor-cpu-32-20-2-256-10-1024-[10]-None-1000,""finished"",""-"",""jana-vatter"","""",""2024-01-10T23:26:35.000Z"",""908"","""",""gat"",""1024"",""1000"",""ogbn-arxiv"",""20"",""[10]"","""",""256"",""2"",""cpu"",""10"",""32"",""3"",""labor"",""0.5398167967796326"",""0.46235495060682297"",""904.2782657053322"",""0.5398167967796326"",""12.668225787580011"",""2.4092323110344704"",""2024-01-11-00-26-35-gat-ogbn-arxiv-labor-cpu-32-20-2-256-10-1024-[10]-None-1000.pkl"",""890.6155155878514"",""[19517.61,3722.4,0,0.04,0]"",""0.005397344008088112"",""[5526880169,30767660894,30541206006,0]"",""[91397120.62,2376.72,11872527.73,380843188.15,3556.48,0,6211.82,615468.41,0,0]"",""0.5040429830551147"",""0.5040429830551147"",""44.53031456200406"",""963.71484375"",""[1010528256,8115888128,200470528,2838528,0,3513655296,0,994922496,998591488,0]"""
"gat-ogbn-arxiv-neighbor-cpu-32-20-2-256-10-1024-[50]-None-1000,""finished"",""-"",""jana-vatter"","""",""2024-01-10T22:59:10.000Z"",""1637"","""",""gat"",""1024"",""1000"",""ogbn-arxiv"",""20"",""[50]"","""",""256"",""2"",""cpu"",""10"",""32"",""3"",""neighbor"",""0.5395147204399109"",""0.4685778133571148"",""1631.3322785776109"",""0.5395147204399109"",""13.08600264415145"",""2.3848636311091735"",""2024-01-10-23-59-10-gat-ogbn-arxiv-neighbor-cpu-32-20-2-256-10-1024-[50]-None-1000.pkl"",""1617.2394020166248"",""[31704.61,8109.91,0,0.04,0]"",""0.003188343718647957"",""[5522746384,30756922328,30533417139,0]"",""[91377702.15,2376.72,11868821.01,380837091.79,3556.34,0,6196.42,615337.68,0,0]"",""0.5012859106063843"",""0.5012859106063843"",""80.8614949317649"",""822.87109375"",""[862842880,8010018816,200982528,2838528,0,3389558784,0,846983168,850612224,0]"""
"gat-ogbn-arxiv-neighbor-cpu-32-20-2-256-10-1024-[40]-None-1000,""finished"",""-"",""jana-vatter"","""",""2024-01-10T22:33:30.000Z"",""1531"","""",""gat"",""1024"",""1000"",""ogbn-arxiv"",""20"",""[40]"","""",""256"",""2"",""cpu"",""10"",""32"",""3"",""neighbor"",""0.5428705811500549"",""0.27200764417648315"",""1525.8864212650806"",""0.5428705811500549"",""12.763385144993665"",""2.379126556803671"",""2024-01-10-23-33-30-gat-ogbn-arxiv-neighbor-cpu-32-20-2-256-10-1024-[40]-None-1000.pkl"",""1512.3074341267347"",""[30048.52,7381.83,0,0.05,0]"",""0.002376005053520202"",""[5517565761,30741312965,30520448435,0]"",""[91346149.28,2376.57,11860747.41,380824298.63,3556.03,0,6180.31,615115.13,0,0]"",""0.4956278502941131"",""0.4956278502941131"",""75.61493206722662"",""789.84375"",""[828211200,7978606592,201539584,2838528,0,3354304512,0,812298240,815897600,0]"""
"gat-ogbn-arxiv-neighbor-cpu-32-20-2-256-10-1024-[30]-None-1000,""finished"",""-"",""jana-vatter"","""",""2024-01-10T22:10:01.000Z"",""1401"","""",""gat"",""1024"",""1000"",""ogbn-arxiv"",""20"",""[30]"","""",""256"",""2"",""cpu"",""10"",""32"",""3"",""neighbor"",""0.5455887913703918"",""0.4724402725696564"",""1397.1380174104124"",""0.5455887913703918"",""13.369285935536029"",""2.396307618430491"",""2024-01-10-23-10-01-gat-ogbn-arxiv-neighbor-cpu-32-20-2-256-10-1024-[30]-None-1000.pkl"",""1382.7428499031812"",""[27823.66,6734.71,0.01,0.03,0]"",""0.0024801474064588547"",""[5512499002,30726399247,30508187387,0]"",""[91316232.12,2376.57,11853395.82,380812583.95,3555.77,0,6163.75,614907.93,0,0]"",""0.5051128268241882"",""0.5051128268241882"",""69.13672512881458"",""796.53125"",""[835223552,7985000448,201433088,2838528,0,3360555008,0,818692096,822272000,0]"""
"gat-ogbn-arxiv-neighbor-cpu-32-20-2-256-10-1024-[20]-None-1000,""finished"",""-"",""jana-vatter"","""",""2024-01-10T21:49:17.000Z"",""1235"","""",""gat"",""1024"",""1000"",""ogbn-arxiv"",""20"",""[20]"","""",""256"",""2"",""cpu"",""10"",""32"",""3"",""neighbor"",""0.5479043126106262"",""0.25643688812851906"",""1230.3876860551536"",""0.5479043126106262"",""13.177935367450118"",""2.3979809016324163"",""2024-01-10-22-49-17-gat-ogbn-arxiv-neighbor-cpu-32-20-2-256-10-1024-[20]-None-1000.pkl"",""1216.401337068528"",""[25069.15,5747.51,0,0.04,0]"",""0.004351075738668442"",""[5507646126,30712271973,30496637038,0]"",""[91288511.96,2376.57,11846683.13,380802032.26,3555.45,0,6147.64,614730.71,0,0]"",""0.5100919604301453"",""0.5100919604301453"",""60.819553153030576"",""807.7421875"",""[846979072,7980318720,201068544,2838528,0,3374325760,0,831709184,835335168,0]"""
"gat-ogbn-arxiv-neighbor-cpu-32-20-2-256-10-1024-[10]-None-1000,""finished"",""-"",""jana-vatter"","""",""2024-01-10T21:33:34.000Z"",""935"","""",""gat"",""1024"",""1000"",""ogbn-arxiv"",""20"",""[10]"","""",""256"",""2"",""cpu"",""10"",""32"",""3"",""neighbor"",""0.5322326421737671"",""0.4216401353478432"",""930.022211542353"",""0.5322326421737671"",""12.925969330593944"",""2.411212463057443"",""2024-01-10-22-33-34-gat-ogbn-arxiv-neighbor-cpu-32-20-2-256-10-1024-[10]-None-1000.pkl"",""916.1265939772128"",""[20206.38,3952.34,0,0.04,0]"",""0.0027790628373622894"",""[5502889710,30699159134,30486132699,0]"",""[91263561.56,2376.57,11840960.51,380793113.74,3555.17,0,6130.73,614558.16,0,0]"",""0.4922329783439636"",""0.4922329783439636"",""45.80589381698519"",""878.5"",""[921174016,8050294784,201060352,2838528,0,3448459264,0,905797632,909388800,0]"""
"gat-ogbn-arxiv-fastgcn-cpu-32-20-2-256-10-1024-[10, 10]-[21000]-1000,""finished"",""-"",""jana-vatter"","""",""2024-01-10T21:19:39.000Z"",""826"","""",""gat"",""1024"",""1000"",""ogbn-arxiv"",""20"",""[10,10]"",""[21000]"",""256"",""2"",""cpu"",""10"",""32"",""2"",""fastgcn"",""0.16007249057292938"",""0.35257059149444103"",""822.0806877985597"",""0.16007249057292938"",""13.270988510921596"",""2.9553800861487227"",""2024-01-10-22-19-40-gat-ogbn-arxiv-fastgcn-cpu-32-20-2-256-10-1024-[10, 10]-[21000]-1000.pkl"",""807.7632930669934"",""[17180.39,1636.09,0,0.04,0]"",""0.16057266108691692"",""[5498367920,30687956826,30477532964,0]"",""[91243481.34,2376.57,11837030.1,380787153.34,3555.03,0,6116.6,614422.24,0,0]"",""0.45332592725753784"",""0.45332592725753784"",""40.38754399940372"",""908.3359375"",""[952459264,8070156288,202051584,2838528,0,3453329408,0,935915520,939626496,0]"""
"gat-ogbn-arxiv-fastgcn-cpu-32-20-2-256-10-1024-[10, 10]-[18000]-1000,""finished"",""-"",""jana-vatter"","""",""2024-01-10T21:06:53.000Z"",""758"","""",""gat"",""1024"",""1000"",""ogbn-arxiv"",""20"",""[10,10]"",""[18000]"",""256"",""2"",""cpu"",""10"",""32"",""2"",""fastgcn"",""0.14372965693473816"",""0.22373037971556187"",""753.1292858999223"",""0.14372965693473816"",""12.616710003465414"",""2.971897993194923"",""2024-01-10-22-06-53-gat-ogbn-arxiv-fastgcn-cpu-32-20-2-256-10-1024-[10, 10]-[18000]-1000.pkl"",""739.6225548591465"",""[16350.61,1236.3,0,0.04,0]"",""0.13043678551912308"",""[5494208313,30676999178,30469838417,0]"",""[91226387.63,2376.57,11835396.61,380779264.7,3554.84,0,6097.8,614320.08,0,0]"",""0.4133284091949463"",""0.4133284091949463"",""36.98057766836136"",""1002.91015625"",""[1051627520,8170512384,202682368,2838528,0,3552448512,0,1035620352,1039278080,0]"""
"gat-ogbn-arxiv-fastgcn-cpu-32-20-2-256-10-1024-[10, 10]-[15500]-1000,""finished"",""-"",""jana-vatter"","""",""2024-01-10T20:54:41.000Z"",""723"","""",""gat"",""1024"",""1000"",""ogbn-arxiv"",""20"",""[10,10]"",""[15500]"",""256"",""2"",""cpu"",""10"",""32"",""2"",""fastgcn"",""0.14027316868305206"",""0.336726987734437"",""719.5477056764066"",""0.14027316868305206"",""12.703696187585592"",""2.9890609591194752"",""2024-01-10-21-54-41-gat-ogbn-arxiv-fastgcn-cpu-32-20-2-256-10-1024-[10, 10]-[15500]-1000.pkl"",""705.8300697244704"",""[15819.36,1120.89,0,0.05,0]"",""0.14173922128975391"",""[5490189569,30666543292,30462527200,0]"",""[91210080.5,2376.57,11834157.61,380772397.51,3554.6,0,6078.75,614224.38,0,0]"",""0.431825190782547"",""0.431825190782547"",""35.29109926186502"",""1015.21484375"",""[1064529920,8181678080,202600448,2838528,0,3564818432,0,1047769088,1051407360,0]"""
"gat-ogbn-arxiv-fastgcn-cpu-32-20-2-256-10-1024-[10, 10]-[12500]-1000,""finished"",""-"",""jana-vatter"","""",""2024-01-10T20:43:37.000Z"",""655"","""",""gat"",""1024"",""1000"",""ogbn-arxiv"",""20"",""[10,10]"",""[12500]"",""256"",""2"",""cpu"",""10"",""32"",""2"",""fastgcn"",""0.1270512491464615"",""0.38889353536069393"",""652.9800781086087"",""0.1270512491464615"",""12.748441925272346"",""3.0115182935521845"",""2024-01-10-21-43-37-gat-ogbn-arxiv-fastgcn-cpu-32-20-2-256-10-1024-[10, 10]-[12500]-1000.pkl"",""639.1549509558827"",""[14472.74,1020.11,0,0.04,0]"",""0.15099185518920422"",""[5486022105,30656201780,30455404280,0]"",""[91194341.85,2376.57,11833036.42,380765994.39,3554.45,0,6060.02,614123.01,0,0]"",""0.4208793640136719"",""0.4208793640136719"",""31.95722045134753"",""923.30078125"",""[968151040,8090066944,202067968,2838528,0,3469164544,0,952393728,956069888,0]"""
"gat-ogbn-arxiv-fastgcn-cpu-32-20-2-256-10-1024-[10, 10]-[9000]-1000,""finished"",""-"",""jana-vatter"","""",""2024-01-10T20:34:14.000Z"",""554"","""",""gat"",""1024"",""1000"",""ogbn-arxiv"",""20"",""[10,10]"",""[9000]"",""256"",""2"",""cpu"",""10"",""32"",""2"",""fastgcn"",""0.11460115760564804"",""0.2369729597121477"",""548.8720347713679"",""0.11460115760564804"",""12.709171891212463"",""3.03819593686736"",""2024-01-10-21-34-14-gat-ogbn-arxiv-fastgcn-cpu-32-20-2-256-10-1024-[10, 10]-[9000]-1000.pkl"",""535.2384844571352"",""[12720.36,789.09,0,0.04,0]"",""0.14087694510817528"",""[5482166489,30646404623,30448787023,0]"",""[91179920.88,2376.57,11832014.13,380760174.64,3554.31,0,6040.59,614045.2,0,0]"",""0.4234718084335327"",""0.4234718084335327"",""26.761489875707777"",""995.1171875"",""[1043456000,8053096448,201977856,2838528,0,3563012096,0,1027280896,1030924288,0]"""
"gat-ogbn-arxiv-ladies-cpu-32-20-2-256-10-1024-[10, 10]-[21000]-1000,""finished"",""-"",""jana-vatter"","""",""2024-01-10T20:26:50.000Z"",""435"","""",""gat"",""1024"",""1000"",""ogbn-arxiv"",""20"",""[10,10]"",""[21000]"",""256"",""2"",""cpu"",""10"",""32"",""2"",""ladies"",""0.3916909992694855"",""0.22589803859591484"",""431.5653992649168"",""0.3916909992694855"",""12.966559827327728"",""2.7745374427752547"",""2024-01-10-21-26-50-gat-ogbn-arxiv-ladies-cpu-32-20-2-256-10-1024-[10, 10]-[21000]-1000.pkl"",""417.6892797164619"",""[10629.48,172.21,0,0.04,0]"",""0.13541561551392078"",""[5479246323,30639472748,30443861148,0]"",""[91167262.94,2376.57,11831224.93,380755748.24,3554.21,0,6027.53,613965.49,0,0]"",""0.37049153447151184"",""0.37049153447151184"",""20.88406122252345"",""1001.87890625"",""[1050546176,8116269056,202596352,2838528,0,3603902464,0,1034665984,1038313472,0]"""
"gat-ogbn-arxiv-ladies-cpu-32-20-2-256-10-1024-[10, 10]-[18000]-1000,""finished"",""-"",""jana-vatter"","""",""2024-01-10T20:19:29.000Z"",""433"","""",""gat"",""1024"",""1000"",""ogbn-arxiv"",""20"",""[10,10]"",""[18000]"",""256"",""2"",""cpu"",""10"",""32"",""2"",""ladies"",""0.38256317377090454"",""0.19181190058588984"",""426.62086223997176"",""0.38256317377090454"",""12.192198446020484"",""2.779638922616337"",""2024-01-10-21-19-29-gat-ogbn-arxiv-ladies-cpu-32-20-2-256-10-1024-[10, 10]-[18000]-1000.pkl"",""413.55721044912934"",""[10544.62,152.52,0,0.04,0]"",""0.13145561888813972"",""[5476732369,30633648862,30439789805,0]"",""[91156695.46,2376.57,11831049.57,380752308.08,3554.12,0,6016.15,613912.92,0,0]"",""0.35888731479644775"",""0.35888731479644775"",""20.677367978729308"",""1066.18359375"",""[1117974528,8183132160,202289152,2838528,0,3669229568,0,1101004800,1104658432,0]"""
"gat-ogbn-arxiv-ladies-cpu-32-20-2-256-10-1024-[10, 10]-[15500]-1000,""finished"",""-"",""jana-vatter"","""",""2024-01-10T20:12:13.000Z"",""428"","""",""gat"",""1024"",""1000"",""ogbn-arxiv"",""20"",""[10,10]"",""[15500]"",""256"",""2"",""cpu"",""10"",""32"",""2"",""ladies"",""0.3850464820861816"",""0.2773075960576534"",""424.4387939479202"",""0.3850464820861816"",""13.21179792843759"",""2.7819038937600813"",""2024-01-10-21-12-14-gat-ogbn-arxiv-ladies-cpu-32-20-2-256-10-1024-[10, 10]-[15500]-1000.pkl"",""410.2916220445186"",""[10338.59,244.83,0,0.04,0]"",""0.13064284436404705"",""[5474391559,30627896319,30435818361,0]"",""[91146214.09,2376.57,11830894.08,380749011.67,3554.05,0,6003.1,613863.58,0,0]"",""0.3748328387737274"",""0.3748328387737274"",""20.514175885263832"",""997.15625"",""[1045594112,8083361792,202547200,2838528,0,3571445760,0,1028456448,1032041472,0]"""
"gat-ogbn-arxiv-ladies-cpu-32-20-2-256-10-1024-[10, 10]-[12500]-1000,""finished"",""-"",""jana-vatter"","""",""2024-01-10T20:04:50.000Z"",""435"","""",""gat"",""1024"",""1000"",""ogbn-arxiv"",""20"",""[10,10]"",""[12500]"",""256"",""2"",""cpu"",""10"",""32"",""2"",""ladies"",""0.3793080449104309"",""0.37220372073352337"",""429.2564442232251"",""0.3793080449104309"",""12.419895686209202"",""2.7719613059183184"",""2024-01-10-21-04-51-gat-ogbn-arxiv-ladies-cpu-32-20-2-256-10-1024-[10, 10]-[12500]-1000.pkl"",""415.77152314968407"",""[10644.91,153.44,0,0.04,0]"",""0.14854833856225014"",""[5472041673,30622202113,30431886446,0]"",""[91135932.99,2376.57,11830646.81,380745597.88,3553.93,0,5990.87,613814.71,0,0]"",""0.34720078110694885"",""0.34720078110694885"",""20.788184754177927"",""1087.8671875"",""[1140711424,8206737408,202403840,2838528,0,3692908544,0,1124937728,1128593408,0]"""
"gat-ogbn-arxiv-ladies-cpu-32-20-2-256-10-1024-[10, 10]-[9000]-1000,""finished"",""-"",""jana-vatter"","""",""2024-01-10T19:57:31.000Z"",""431"","""",""gat"",""1024"",""1000"",""ogbn-arxiv"",""20"",""[10,10]"",""[9000]"",""256"",""2"",""cpu"",""10"",""32"",""2"",""ladies"",""0.3965569436550141"",""0.22177807614207268"",""428.3531291484833"",""0.3965569436550141"",""17.51855287142098"",""2.7786215476775435"",""2024-01-10-20-57-31-gat-ogbn-arxiv-ladies-cpu-32-20-2-256-10-1024-[10, 10]-[9000]-1000.pkl"",""409.88778163306415"",""[10594.4,114.12,0,0.04,0]"",""0.18238923512399197"",""[5469726915,30616422107,30427896575,0]"",""[91125350.87,2376.57,11830490.09,380742308.61,3553.84,0,5977.9,613762.5,0,0]"",""0.3828981816768646"",""0.3828981816768646"",""20.49393913783133"",""1034.75"",""[1085014016,8123068416,201949184,2838528,0,3612069888,0,1067986944,1071621120,0]"""
"gat-ogbn-arxiv-cluster-cpu-32-20-2-256-4500-1024-[10, 10]-None-1000,""finished"",""-"",""jana-vatter"","""",""2024-01-10T19:53:01.000Z"",""261"","""",""gat"",""1024"",""1000"",""ogbn-arxiv"",""20"",""[10,10]"","""",""256"",""2"",""cpu"",""4500"",""32"",""2"",""cluster"",""0.5162185430526733"",""0.20942786522209644"",""258.3118958994746"",""0.5162185430526733"",""12.79153909534216"",""2.834460163116455"",""2024-01-10-20-53-01-gat-ogbn-arxiv-cluster-cpu-32-20-2-256-4500-1024-[10, 10]-None-1000.pkl"",""240.27978437021375"",""[4485.47,1240.51,0,0.05,0]"",""4.501549681648612"",""[5467186827,30610669673,30423831574,0]"",""[91114819.9,2376.57,11830372.55,380738962.38,3553.68,0,5965.97,613698.79,0,0]"",""0.5233833193778992"",""0.5233833193778992"",""12.01363148856908"",""920.71484375"",""[965439488,8114307072,201707520,2838528,0,3491348480,0,949276672,952840192,0]"""
"gat-ogbn-arxiv-cluster-cpu-32-20-2-256-5000-1024-[10, 10]-None-1000,""finished"",""-"",""jana-vatter"","""",""2024-01-10T19:48:29.000Z"",""264"","""",""gat"",""1024"",""1000"",""ogbn-arxiv"",""20"",""[10,10]"","""",""256"",""2"",""cpu"",""5000"",""32"",""2"",""cluster"",""0.5104964375495911"",""0.2415343876928091"",""260.24715935997665"",""0.5104964375495911"",""13.07608619891107"",""2.835688066482544"",""2024-01-10-20-48-29-gat-ogbn-arxiv-cluster-cpu-32-20-2-256-5000-1024-[10, 10]-None-1000.pkl"",""241.89390481635928"",""[4480.1,1230.98,0,0.04,0]"",""4.499277323484421"",""[5466619030,30608543416,30422100560,0]"",""[91110355.94,2376.57,11829136.27,380736069.27,3553.61,0,5963.76,613664.68,0,0]"",""0.518836259841919"",""0.518836259841919"",""12.094304925948382"",""950.046875"",""[996196352,8131579904,202104832,2838528,0,3521798144,0,980176896,983818240,0]"""
"gat-ogbn-arxiv-cluster-cpu-32-20-2-256-6000-1024-[10, 10]-None-1000,""finished"",""-"",""jana-vatter"","""",""2024-01-10T19:43:53.000Z"",""268"","""",""gat"",""1024"",""1000"",""ogbn-arxiv"",""20"",""[10,10]"","""",""256"",""2"",""cpu"",""6000"",""32"",""2"",""cluster"",""0.5174232125282288"",""0.20057442411780357"",""262.7055403403938"",""0.5174232125282288"",""13.037884999066591"",""2.822527011235555"",""2024-01-10-20-43-54-gat-ogbn-arxiv-cluster-cpu-32-20-2-256-6000-1024-[10, 10]-None-1000.pkl"",""244.13454224728048"",""[4607.77,1230.44,0,0.03,0]"",""4.809291623532772"",""[5466044390,30606422604,30420357791,0]"",""[91105897.85,2376.57,11827909.34,380733050.77,3553.53,0,5961.43,613626.41,0,0]"",""0.5236302018165588"",""0.5236302018165588"",""12.206308573205025"",""933.1171875"",""[978444288,8121810944,202510336,2838528,0,3503943680,0,962379776,966036480,0]"""
"gat-ogbn-arxiv-cluster-cpu-32-20-2-256-8000-1024-[10, 10]-None-1000,""finished"",""-"",""jana-vatter"","""",""2024-01-10T19:39:08.000Z"",""277"","""",""gat"",""1024"",""1000"",""ogbn-arxiv"",""20"",""[10,10]"","""",""256"",""2"",""cpu"",""8000"",""32"",""2"",""cluster"",""0.5112050771713257"",""0.1949689332395792"",""274.1440667770803"",""0.5112050771713257"",""13.116840681061149"",""2.812937408685684"",""2024-01-10-20-39-08-gat-ogbn-arxiv-cluster-cpu-32-20-2-256-8000-1024-[10, 10]-None-1000.pkl"",""255.220676548779"",""[4921.3,1256.23,0,0.04,0]"",""5.084532231092453"",""[5465400475,30604140866,30418547921,0]"",""[91101313.36,2376.57,11826683.41,380730130.04,3553.47,0,5958.65,613592.98,0,0]"",""0.5243709087371826"",""0.5243709087371826"",""12.760637312103064"",""898.6640625"",""[942317568,8064188416,202174464,2838528,0,3443433472,0,926846976,930464768,0]"""
"gat-ogbn-arxiv-cluster-cpu-32-20-2-256-10000-1024-[10, 10]-None-1000,""finished"",""-"",""jana-vatter"","""",""2024-01-10T19:34:05.000Z"",""295"","""",""gat"",""1024"",""1000"",""ogbn-arxiv"",""20"",""[10,10]"","""",""256"",""2"",""cpu"",""10000"",""32"",""2"",""cluster"",""0.5100122094154358"",""0.47404222562909126"",""290.98551482521"",""0.5100122094154358"",""13.187154000625014"",""2.802053999900818"",""2024-01-10-20-34-05-gat-ogbn-arxiv-cluster-cpu-32-20-2-256-10000-1024-[10, 10]-None-1000.pkl"",""271.30198678188026"",""[5360.24,1286.34,0,0.04,0]"",""5.496033297851682"",""[5464617765,30601543042,30416558349,0]"",""[91096415.37,2376.57,11825431.41,380727174.57,3553.42,0,5954.8,613562.1,0,0]"",""0.5229512453079224"",""0.5229512453079224"",""13.56476605311036"",""826.37890625"",""[866521088,8013824000,202387456,2838528,0,3392053248,0,850505728,854112256,0]"""
"gat-ogbn-arxiv-saint-cpu-32-20-2-256-10-1024-[10, 10]-None-42000,""finished"",""-"",""jana-vatter"","""",""2024-01-10T18:33:37.000Z"",""3619"","""",""gat"",""1024"",""42000"",""ogbn-arxiv"",""20"",""[10,10]"","""",""256"",""2"",""cpu"",""10"",""32"",""2"",""saint"",""0.5031095147132874"",""0.4739283248782158"",""3614.3899447117"",""0.5031095147132874"",""13.160939252004027"",""2.254223686925481"",""2024-01-10-19-33-38-gat-ogbn-arxiv-saint-cpu-32-20-2-256-10-1024-[10, 10]-None-42000.pkl"",""3600.1962844729424"",""[65003.89,16840.78,0,0.05,0]"",""0.002999627962708473"",""[5463634067,30598577783,30414344860,0]"",""[91091087.26,2376.57,11824150.7,380724098.11,3553.34,0,5950.14,613515.3,0,0]"",""0.4345822334289551"",""0.4345822334289551"",""180.00938131948934"",""1012.765625"",""[1061961728,8193372160,201039872,2838528,0,3588489216,0,1045811200,1049431040,0]"""
"gat-ogbn-arxiv-saint-cpu-32-20-2-256-10-1024-[10, 10]-None-36000,""finished"",""-"",""jana-vatter"","""",""2024-01-10T17:40:25.000Z"",""3184"","""",""gat"",""1024"",""36000"",""ogbn-arxiv"",""20"",""[10,10]"","""",""256"",""2"",""cpu"",""10"",""32"",""2"",""saint"",""0.49601760506629944"",""0.4828702677041292"",""3178.113850628957"",""0.49601760506629944"",""13.236828912049532"",""2.2565999566838983"",""2024-01-10-18-40-27-gat-ogbn-arxiv-saint-cpu-32-20-2-256-10-1024-[10, 10]-None-36000.pkl"",""3163.829607989639"",""[57963.64,15264.54,0,0.05,0]"",""0.003176433965563774"",""[5455927691,30568803837,30389342879,0]"",""[91026538.79,2376.57,11807424.82,380689979.24,3552.62,0,5918.05,612948.67,0,0]"",""0.4243153631687164"",""0.4243153631687164"",""158.19105657711626"",""978.8359375"",""[1026383872,8155058176,201785344,2838528,0,3553452032,0,1011277824,1014864896,0]"""
"gat-ogbn-arxiv-saint-cpu-32-20-2-256-10-1024-[10, 10]-None-31000,""finished"",""-"",""jana-vatter"","""",""2024-01-10T16:52:11.000Z"",""2885"","""",""gat"",""1024"",""31000"",""ogbn-arxiv"",""20"",""[10,10]"","""",""256"",""2"",""cpu"",""10"",""32"",""2"",""saint"",""0.5006694197654724"",""0.5017650760710239"",""2880.875455349684"",""0.5006694197654724"",""13.58752697147429"",""2.256319962190778"",""2024-01-10-17-52-12-gat-ogbn-arxiv-saint-cpu-32-20-2-256-10-1024-[10, 10]-None-31000.pkl"",""2866.217403862626"",""[52683.34,13405.14,0.01,0.03,0]"",""0.0026778671890497208"",""[5448747953,30541313152,30366845752,0]"",""[90968897.8,2376.57,11792243.16,380661132.32,3551.99,0,5882.95,612529.21,0,0]"",""0.42602309584617615"",""0.42602309584617615"",""143.31047842027618"",""908.98828125"",""[953143296,8083755008,201412608,2838528,0,3479986176,0,937398272,941064192,0]"""
"gat-ogbn-arxiv-saint-cpu-32-20-2-256-10-1024-[10, 10]-None-25000,""finished"",""-"",""jana-vatter"","""",""2024-01-10T16:11:53.000Z"",""2410"","""",""gat"",""1024"",""25000"",""ogbn-arxiv"",""20"",""[10,10]"","""",""256"",""2"",""cpu"",""10"",""32"",""2"",""saint"",""0.4929601550102234"",""0.4422884378582239"",""2406.4654798023403"",""0.4929601550102234"",""13.62019301019609"",""2.265880440058333"",""2024-01-10-17-11-53-gat-ogbn-arxiv-saint-cpu-32-20-2-256-10-1024-[10, 10]-None-25000.pkl"",""2391.8359908163548"",""[45008.91,11185.17,0,0.05,0]"",""0.002659732475876808"",""[5441397107,30515554413,30346006145,0]"",""[90916529.95,2376.57,11778916.39,380634736.6,3551.41,0,5849.76,612108.57,0,0]"",""0.4190687835216522"",""0.4190687835216522"",""119.59140573423356"",""910.36328125"",""[954585088,8153944064,201449472,2838528,0,3481710592,0,939429888,943027200,0]"""
"gat-ogbn-arxiv-saint-cpu-32-20-2-256-10-1024-[10, 10]-None-18000,""finished"",""-"",""jana-vatter"","""",""2024-01-10T15:39:50.000Z"",""1915"","""",""gat"",""1024"",""18000"",""ogbn-arxiv"",""20"",""[10,10]"","""",""256"",""2"",""cpu"",""10"",""32"",""2"",""saint"",""0.4778938293457031"",""0.5060526635497808"",""1910.8134301211685"",""0.4778938293457031"",""14.003799648955464"",""2.2714480684044656"",""2024-01-10-16-39-50-gat-ogbn-arxiv-saint-cpu-32-20-2-256-10-1024-[10, 10]-None-18000.pkl"",""1895.7443353198469"",""[36735.56,8486.4,0,0.05,0]"",""0.0032977480441331863"",""[5434877623,30492645821,30328175492,0]"",""[90871774.69,2376.57,11767790.5,380613594.35,3551,0,5814.49,611806.62,0,0]"",""0.3981647193431854"",""0.3981647193431854"",""94.78675406435504"",""850.85546875"",""[892186624,8008007680,201273344,2838528,0,3393613824,0,876171264,879779840,0]"""
"gat-ogbn-arxiv-shadow-cpu-32-20-2-256-10-1024-[50]-None-1000,""finished"",""-"",""jana-vatter"","""",""2024-01-10T14:49:07.000Z"",""3034"","""",""gat"",""1024"",""1000"",""ogbn-arxiv"",""20"",""[50]"","""",""256"",""2"",""cpu"",""10"",""32"",""2"",""shadow"",""0.5760892629623413"",""0.48813740722835064"",""3030.11916234158"",""0.5760892629623413"",""13.284256825223563"",""2.1464001168026012"",""2024-01-10-15-49-07-gat-ogbn-arxiv-shadow-cpu-32-20-2-256-10-1024-[50]-None-1000.pkl"",""3015.785796366632"",""[55253.96,14247.24,0,0.04,0]"",""0.0032181963324546814"",""[5428400150,30472386589,30313086670,0]"",""[90835219.54,2376.57,11759341.77,380597315.55,3550.68,0,5778.45,611562.45,0,0]"",""0.4607328772544861"",""0.4607328772544861"",""150.78888655891643"",""951.02734375"",""[997224448,8123740160,200949760,2838528,0,3499376640,0,981880832,985517056,0]"""
"gat-ogbn-arxiv-shadow-cpu-32-20-2-256-10-1024-[40]-None-1000,""finished"",""-"",""jana-vatter"","""",""2024-01-10T14:03:17.000Z"",""2741"","""",""gat"",""1024"",""1000"",""ogbn-arxiv"",""20"",""[40]"","""",""256"",""2"",""cpu"",""10"",""32"",""2"",""shadow"",""0.5641083717346191"",""0.4763282928615809"",""2735.625249715522"",""0.5641083717346191"",""13.492776921018958"",""2.172597673501861"",""2024-01-10-15-03-18-gat-ogbn-arxiv-shadow-cpu-32-20-2-256-10-1024-[40]-None-1000.pkl"",""2721.082320401445"",""[50797.37,13014.88,0,0.04,0]"",""0.0032262150198221207"",""[5420902333,30445399088,30290539418,0]"",""[90780240.96,2376.57,11745162.64,380569501.73,3550.14,0,5743.97,611156.33,0,0]"",""0.4521737396717071"",""0.4521737396717071"",""136.05371288284658"",""907.9921875"",""[952098816,8106754048,200577024,2838528,0,3479183360,0,936009728,939655168,0]"""
"gat-ogbn-arxiv-shadow-cpu-32-20-2-256-10-1024-[30]-None-1000,""finished"",""-"",""jana-vatter"","""",""2024-01-10T13:22:31.000Z"",""2438"","""",""gat"",""1024"",""1000"",""ogbn-arxiv"",""20"",""[30]"","""",""256"",""2"",""cpu"",""10"",""32"",""2"",""shadow"",""0.5661481618881226"",""0.5090871620923281"",""2433.2441974971443"",""0.5661481618881226"",""13.247365109622478"",""2.205006208312646"",""2024-01-10-14-22-31-gat-ogbn-arxiv-shadow-cpu-32-20-2-256-10-1024-[30]-None-1000.pkl"",""2418.920933391899"",""[45928.78,11521.55,0,0.04,0]"",""0.002479070797562599"",""[5414155527,30420284484,30269606994,0]"",""[90729681.61,2376.57,11732205.54,380545431.49,3549.6,0,5708.93,610815.98,0,0]"",""0.4612883925437927"",""0.4612883925437927"",""120.94563092859462"",""879.76171875"",""[922497024,8078733312,201138176,2838528,0,3449257984,0,906608640,910160896,0]"""
"gat-ogbn-arxiv-shadow-cpu-32-20-2-256-10-1024-[20]-None-1000,""finished"",""-"",""jana-vatter"","""",""2024-01-10T12:47:51.000Z"",""2072"","""",""gat"",""1024"",""1000"",""ogbn-arxiv"",""20"",""[20]"","""",""256"",""2"",""cpu"",""10"",""32"",""2"",""shadow"",""0.5435676574707031"",""0.45006278716027737"",""2068.0265814699233"",""0.5435676574707031"",""13.29494745284319"",""2.258997544813692"",""2024-01-10-13-47-51-gat-ogbn-arxiv-shadow-cpu-32-20-2-256-10-1024-[20]-None-1000.pkl"",""2053.676154006273"",""[39540.45,9839.73,0,0.04,0]"",""0.004074297845363617"",""[5407880070,30397067626,30250551268,0]"",""[90683974.26,2376.57,11720736.72,380524709.87,3549.16,0,5673.41,610513.65,0,0]"",""0.4445404708385467"",""0.4445404708385467"",""102.6834200593643"",""851.84765625"",""[893227008,8036151296,200658944,2838528,0,3420676096,0,877707264,881326080,0]"""
"gat-ogbn-arxiv-shadow-cpu-32-20-2-256-10-1024-[10]-None-1000,""finished"",""-"",""jana-vatter"","""",""2024-01-10T12:22:56.000Z"",""1487"","""",""gat"",""1024"",""1000"",""ogbn-arxiv"",""20"",""[10]"","""",""256"",""2"",""cpu"",""10"",""32"",""2"",""shadow"",""0.5044692754745483"",""0.36699831299483776"",""1483.4817374646664"",""0.5044692754745483"",""12.811187198385596"",""2.3692616291260453"",""2024-01-10-13-22-56-gat-ogbn-arxiv-shadow-cpu-32-20-2-256-10-1024-[10]-None-1000.pkl"",""1469.4944861959666"",""[29742.89,6536.87,0,0.05,0]"",""0.0021392423659563065"",""[5401915702,30376268482,30234055219,0]"",""[90644617.36,2376.57,11710939.33,380507597.32,3548.76,0,5639.87,610257.69,0,0]"",""0.4250560700893402"",""0.4250560700893402"",""73.4743191484362"",""898.27734375"",""[941912064,8055382016,200474624,2838528,0,3469434880,0,926105600,929729536,0]"""
"gat-ogbn-arxiv-labor-cpu-32-20-2-256-10-1024-[50]-None-1000,""finished"",""-"",""jana-vatter"","""",""2024-01-10T11:56:42.000Z"",""1565"","""",""gat"",""1024"",""1000"",""ogbn-arxiv"",""20"",""[50]"","""",""256"",""2"",""cpu"",""10"",""32"",""2"",""labor"",""0.5246820449829102"",""0.38337959721684456"",""1561.841336881742"",""0.5246820449829102"",""12.74398810043931"",""2.3864168986845553"",""2024-01-10-12-56-42-gat-ogbn-arxiv-labor-cpu-32-20-2-256-10-1024-[50]-None-1000.pkl"",""1548.1674784719944"",""[30396.92,7715.23,0,0.04,0]"",""0.003017215058207512"",""[5396425555,30359414352,30221392027,0]"",""[90615034.97,2376.57,11704434.38,380496071.88,3548.41,0,5609.91,610068.72,0,0]"",""0.4892702102661133"",""0.4892702102661133"",""77.40794708803296"",""832.11328125"",""[872534016,8023035904,201289728,2838528,0,3398791168,0,856375296,859986944,0]"""
"gat-ogbn-arxiv-labor-cpu-32-20-2-256-10-1024-[40]-None-1000,""finished"",""-"",""jana-vatter"","""",""2024-01-10T11:31:52.000Z"",""1481"","""",""gat"",""1024"",""1000"",""ogbn-arxiv"",""20"",""[40]"","""",""256"",""2"",""cpu"",""10"",""32"",""2"",""labor"",""0.5333064794540405"",""0.4242325816303491"",""1476.4837100356815"",""0.5333064794540405"",""12.842412181198595"",""2.385276143470507"",""2024-01-10-12-31-52-gat-ogbn-arxiv-labor-cpu-32-20-2-256-10-1024-[40]-None-1000.pkl"",""1462.6401570551095"",""[28786.11,7420.68,0.01,0.03,0]"",""0.002480875700712204"",""[5391958120,30344578734,30209491876,0]"",""[90584784.24,2376.57,11696754.04,380483825.42,3548.13,0,5592.53,609863.68,0,0]"",""0.4889410138130188"",""0.4889410138130188"",""73.13154070312157"",""830.015625"",""[870334464,8023896064,200101888,2838528,0,3398205440,0,854573056,858235904,0]"""
"gat-ogbn-arxiv-labor-cpu-32-20-2-256-10-1024-[30]-None-1000,""finished"",""-"",""jana-vatter"","""",""2024-01-10T11:09:11.000Z"",""1352"","""",""gat"",""1024"",""1000"",""ogbn-arxiv"",""20"",""[30]"","""",""256"",""2"",""cpu"",""10"",""32"",""2"",""labor"",""0.5454210042953491"",""0.3049431759864092"",""1348.0900724288076"",""0.5454210042953491"",""12.84319282695651"",""2.3919281182664163"",""2024-01-10-12-09-11-gat-ogbn-arxiv-labor-cpu-32-20-2-256-10-1024-[30]-None-1000.pkl"",""1333.889239994809"",""[26547.27,6723.38,0,0.04,0]"",""0.0022330712527036667"",""[5387568963,30330265743,30198130167,0]"",""[90556131.23,2376.57,11689365,380472418.06,3547.87,0,5576.04,609665.75,0,0]"",""0.5069028735160828"",""0.5069028735160828"",""66.69395466567948"",""818.42578125"",""[858181632,7986040832,201093120,2838528,0,3360276480,0,842678272,846319616,0]"""
"gat-ogbn-arxiv-labor-cpu-32-20-2-256-10-1024-[20]-None-1000,""finished"",""-"",""jana-vatter"","""",""2024-01-10T10:49:10.000Z"",""1192"","""",""gat"",""1024"",""1000"",""ogbn-arxiv"",""20"",""[20]"","""",""256"",""2"",""cpu"",""10"",""32"",""2"",""labor"",""0.5261250138282776"",""0.4030657038092613"",""1187.3666672017423"",""0.5261250138282776"",""13.65960768982768"",""2.3842664032839656"",""2024-01-10-11-49-10-gat-ogbn-arxiv-labor-cpu-32-20-2-256-10-1024-[20]-None-1000.pkl"",""1172.758509464562"",""[23919.64,5668.72,0,0.04,0]"",""0.002465883269906044"",""[5383358872,30316794744,30187531617,0]"",""[90529685.58,2376.57,11682664.84,380462167.68,3547.59,0,5559.15,609495.61,0,0]"",""0.4864308834075928"",""0.4864308834075928"",""58.63746971730143"",""798.99609375"",""[837808128,7985745920,200413184,2838528,0,3365396480,0,821944320,825586688,0]"""
"gat-ogbn-arxiv-labor-cpu-32-20-2-256-10-1024-[10]-None-1000,""finished"",""-"",""jana-vatter"","""",""2024-01-10T10:34:08.000Z"",""893"","""",""gat"",""1024"",""1000"",""ogbn-arxiv"",""20"",""[10]"","""",""256"",""2"",""cpu"",""10"",""32"",""2"",""labor"",""0.5241115689277649"",""0.3346670176833868"",""885.2341774888337"",""0.5241115689277649"",""12.785593735054135"",""2.4044688551613453"",""2024-01-10-11-34-08-gat-ogbn-arxiv-labor-cpu-32-20-2-256-10-1024-[10]-None-1000.pkl"",""871.5022343210876"",""[19052.81,3729.58,0.01,0.02,0]"",""0.0027392785996198654"",""[5379072994,30304228513,30177774713,0]"",""[90505896.66,2376.57,11677024.55,380453254.77,3547.37,0,5543.55,609333.89,0,0]"",""0.4765755236148834"",""0.4765755236148834"",""43.57469614017755"",""838.6015625"",""[879337472,7983132672,201506816,2838528,0,3380645888,0,863399936,866981888,0]"""
"gat-ogbn-arxiv-neighbor-cpu-32-20-2-256-10-1024-[50]-None-1000,""finished"",""-"",""jana-vatter"","""",""2024-01-10T10:07:37.000Z"",""1582"","""",""gat"",""1024"",""1000"",""ogbn-arxiv"",""20"",""[50]"","""",""256"",""2"",""cpu"",""10"",""32"",""2"",""neighbor"",""0.5382059812545776"",""0.4545552246272564"",""1578.191640008241"",""0.5382059812545776"",""13.482798017561436"",""2.3877152619736917"",""2024-01-10-11-07-37-gat-ogbn-arxiv-neighbor-cpu-32-20-2-256-10-1024-[50]-None-1000.pkl"",""1563.7012789491564"",""[31115.82,7806.9,0,0.05,0]"",""0.00282135047018528"",""[5375162524,30293704699,30170057118,0]"",""[90486962.8,2376.57,11673315.62,380447344.05,3547.16,0,5528.25,609204.06,0,0]"",""0.4942081868648529"",""0.4942081868648529"",""78.18455316377803"",""796.01171875"",""[834678784,7982583808,200577024,2838528,0,3362099200,0,819163136,822781952,0]"""
"gat-ogbn-arxiv-neighbor-cpu-32-20-2-256-10-1024-[40]-None-1000,""finished"",""-"",""jana-vatter"","""",""2024-01-10T09:42:30.000Z"",""1498"","""",""gat"",""1024"",""1000"",""ogbn-arxiv"",""20"",""[40]"","""",""256"",""2"",""cpu"",""10"",""32"",""2"",""neighbor"",""0.5417295694351196"",""0.2856852374970913"",""1492.5994611326605"",""0.5417295694351196"",""12.986087644472718"",""2.3839655967240923"",""2024-01-10-10-42-30-gat-ogbn-arxiv-neighbor-cpu-32-20-2-256-10-1024-[40]-None-1000.pkl"",""1478.7628976535052"",""[29672.54,7327.27,0,0.05,0]"",""0.004040118306875229"",""[5370433922,30278556987,30157306238,0]"",""[90455983.86,2376.57,11665541.16,380435348.73,3546.9,0,5509.95,609002.11,0,0]"",""0.4970680773258209"",""0.4970680773258209"",""73.9376820448786"",""808.7421875"",""[848027648,7998451712,200146944,2838528,0,3375267840,0,832086016,835713024,0]"""
"gat-ogbn-arxiv-neighbor-cpu-32-20-2-256-10-1024-[30]-None-1000,""finished"",""-"",""jana-vatter"","""",""2024-01-10T09:19:28.000Z"",""1373"","""",""gat"",""1024"",""1000"",""ogbn-arxiv"",""20"",""[30]"","""",""256"",""2"",""cpu"",""10"",""32"",""2"",""neighbor"",""0.5420987010002136"",""0.4648151807487011"",""1369.5801488645377"",""0.5420987010002136"",""12.608731005340816"",""2.38962764686413"",""2024-01-10-10-19-28-gat-ogbn-arxiv-neighbor-cpu-32-20-2-256-10-1024-[30]-None-1000.pkl"",""1355.9696960151196"",""[27518.29,6665.22,0,0.04,0]"",""0.003028472885489464"",""[5365746156,30263915783,30145055098,0]"",""[90426428.47,2376.57,11658240.86,380424244.44,3546.67,0,5491.46,608798.59,0,0]"",""0.4998868405818939"",""0.4998868405818939"",""67.79800391430035"",""824.109375"",""[864141312,8016535552,200364032,2838528,0,3391594496,0,848343040,851984384,0]"""
"gat-ogbn-arxiv-neighbor-cpu-32-20-2-256-10-1024-[20]-None-1000,""finished"",""-"",""jana-vatter"","""",""2024-01-10T08:59:13.000Z"",""1207"","""",""gat"",""1024"",""1000"",""ogbn-arxiv"",""20"",""[20]"","""",""256"",""2"",""cpu"",""10"",""32"",""2"",""neighbor"",""0.5428370237350464"",""0.22576475143432617"",""1201.7022169362754"",""0.5428370237350464"",""13.141036400571464"",""2.3986861384316778"",""2024-01-10-09-59-13-gat-ogbn-arxiv-neighbor-cpu-32-20-2-256-10-1024-[20]-None-1000.pkl"",""1187.7809559963644"",""[24604.74,5701.17,0,0.05,0]"",""0.002080637961626053"",""[5361187314,30250002436,30133718221,0]"",""[90399018.49,2376.57,11651599.57,380414212.24,3546.43,0,5474.7,608614.12,0,0]"",""0.5078081488609314"",""0.5078081488609314"",""59.38854641634971"",""792.83984375"",""[831352832,7951532032,200101888,2838528,0,3333521408,0,815079424,818721792,0]"""
"gat-ogbn-arxiv-neighbor-cpu-32-20-2-256-10-1024-[10]-None-1000,""finished"",""-"",""jana-vatter"","""",""2024-01-10T08:44:08.000Z"",""897"","""",""gat"",""1024"",""1000"",""ogbn-arxiv"",""20"",""[10]"","""",""256"",""2"",""cpu"",""10"",""32"",""2"",""neighbor"",""0.5270311236381531"",""0.42327288165688515"",""891.2616151403636"",""0.5270311236381531"",""12.573150942102076"",""2.412452365575212"",""2024-01-10-09-44-08-gat-ogbn-arxiv-neighbor-cpu-32-20-2-256-10-1024-[10]-None-1000.pkl"",""877.7181762252003"",""[19430.68,3795.74,0,0.04,0]"",""0.002406897023320198"",""[5356737070,30237085586,30123443377,0]"",""[90374534.38,2376.57,11645923.41,380405680.56,3546.21,0,5456.95,608448.82,0,0]"",""0.4904841184616089"",""0.4904841184616089"",""43.88540107617155"",""1004.61328125"",""[1053413376,8182816768,200527872,2838528,0,3581300736,0,1038131200,1041748992,0]"""
"gat-ogbn-arxiv-fastgcn-cpu-32-20-2-256-10-1024-[10, 10]-[21000]-1000,""finished"",""-"",""jana-vatter"","""",""2024-01-10T08:30:33.000Z"",""807"","""",""gat"",""1024"",""1000"",""ogbn-arxiv"",""20"",""[10,10]"",""[21000]"",""256"",""2"",""cpu"",""10"",""32"",""1"",""fastgcn"",""0.1614483743906021"",""0.3201919458806515"",""802.1416075807065"",""0.1614483743906021"",""12.959194965660572"",""2.955993218368359"",""2024-01-10-09-30-33-gat-ogbn-arxiv-fastgcn-cpu-32-20-2-256-10-1024-[10, 10]-[21000]-1000.pkl"",""788.1670774240047"",""[17070.36,1414.13,0,0.04,0]"",""0.14944341778755188"",""[5352822154,30226376753,30115230192,0]"",""[90355201.87,2376.57,11642143.83,380400008.03,3545.99,0,5440.87,608336.53,0,0]"",""0.4527292549610138"",""0.4527292549610138"",""39.40780517496169"",""891.1953125"",""[934486016,8052928512,202235904,2838528,0,3436437504,0,919031808,922657792,0]"""
"gat-ogbn-arxiv-fastgcn-cpu-32-20-2-256-10-1024-[10, 10]-[18000]-1000,""finished"",""-"",""jana-vatter"","""",""2024-01-10T08:18:11.000Z"",""734"","""",""gat"",""1024"",""1000"",""ogbn-arxiv"",""20"",""[10,10]"",""[18000]"",""256"",""2"",""cpu"",""10"",""32"",""1"",""fastgcn"",""0.15262256562709808"",""0.21739690378308296"",""729.5035734493285"",""0.15262256562709808"",""11.55334479548037"",""2.971679408898514"",""2024-01-10-09-18-11-gat-ogbn-arxiv-fastgcn-cpu-32-20-2-256-10-1024-[10, 10]-[18000]-1000.pkl"",""717.0622415207326"",""[16521.97,740.45,0,0.04,0]"",""0.1314696352928877"",""[5348714056,30215568770,30107529288,0]"",""[90338210.72,2376.57,11640730.16,380392465.66,3545.85,0,5420.72,608222.71,0,0]"",""0.4474620819091797"",""0.4474620819091797"",""35.852641840372236"",""1177.54296875"",""[1234743296,8354865152,202108928,2838528,0,3735937024,0,1218859008,1222557696,0]"""
"gat-ogbn-arxiv-fastgcn-cpu-32-20-2-256-10-1024-[10, 10]-[15500]-1000,""finished"",""-"",""jana-vatter"","""",""2024-01-10T08:06:20.000Z"",""703"","""",""gat"",""1024"",""1000"",""ogbn-arxiv"",""20"",""[10,10]"",""[15500]"",""256"",""2"",""cpu"",""10"",""32"",""1"",""fastgcn"",""0.13862881064414978"",""0.3306817729026079"",""698.3244126588106"",""0.13862881064414978"",""12.745051031932237"",""2.9904772083411055"",""2024-01-10-09-06-21-gat-ogbn-arxiv-fastgcn-cpu-32-20-2-256-10-1024-[10, 10]-[15500]-1000.pkl"",""684.5924117509276"",""[15387.61,1034.63,0,0.05,0]"",""0.13716381043195724"",""[5344723282,30205366028,30100270207,0]"",""[90321744.36,2376.57,11639985.36,380386028.56,3545.62,0,5401.6,608130,0,0]"",""0.4272987246513366"",""0.4272987246513366"",""34.22908133147284"",""988.66796875"",""[1036693504,8156758016,201555968,2838528,0,3538194432,0,1020964864,1024632832,0]"""
"gat-ogbn-arxiv-fastgcn-cpu-32-20-2-256-10-1024-[10, 10]-[12500]-1000,""finished"",""-"",""jana-vatter"","""",""2024-01-10T07:55:20.000Z"",""652"","""",""gat"",""1024"",""1000"",""ogbn-arxiv"",""20"",""[10,10]"",""[12500]"",""256"",""2"",""cpu"",""10"",""32"",""1"",""fastgcn"",""0.13168227672576904"",""0.34352803975343704"",""647.7038517519832"",""0.13168227672576904"",""12.435118114575744"",""3.0075741591078513"",""2024-01-10-08-55-20-gat-ogbn-arxiv-fastgcn-cpu-32-20-2-256-10-1024-[10, 10]-[12500]-1000.pkl"",""634.2326654400676"",""[14721.34,750.59,0,0.04,0]"",""0.1503535471856594"",""[5340715716,30195249913,30093288720,0]"",""[90306423.19,2376.57,11638949.37,380379716.83,3545.46,0,5382.75,608044.35,0,0]"",""0.4411250352859497"",""0.4411250352859497"",""31.711160637531428"",""959.33203125"",""[1005932544,8127184896,201531392,2838528,0,3507978240,0,990474240,994202624,0]"""
"gat-ogbn-arxiv-fastgcn-cpu-32-20-2-256-10-1024-[10, 10]-[9000]-1000,""finished"",""-"",""jana-vatter"","""",""2024-01-10T07:46:14.000Z"",""537"","""",""gat"",""1024"",""1000"",""ogbn-arxiv"",""20"",""[10,10]"",""[9000]"",""256"",""2"",""cpu"",""10"",""32"",""1"",""fastgcn"",""0.10986945778131484"",""0.23648587800562385"",""534.2685011029243"",""0.10986945778131484"",""12.492356522008777"",""3.0363193228003684"",""2024-01-10-08-46-14-gat-ogbn-arxiv-fastgcn-cpu-32-20-2-256-10-1024-[10, 10]-[9000]-1000.pkl"",""520.8314347248524"",""[12347.05,766.83,0,0.04,0]"",""0.14029675535857675"",""[5336423448,30185354879,30086553628,0]"",""[90291753.38,2376.57,11638195.35,380374126.21,3545.34,0,5366.82,607948.85,0,0]"",""0.3700388967990875"",""0.3700388967990875"",""26.04113035351038"",""1003.8359375"",""[1052598272,8084815872,202047488,2838528,0,3590610944,0,1035706368,1039454208,0]"""
"gat-ogbn-arxiv-ladies-cpu-32-20-2-256-10-1024-[10, 10]-[21000]-1000,""finished"",""-"",""jana-vatter"","""",""2024-01-10T07:38:58.000Z"",""428"","""",""gat"",""1024"",""1000"",""ogbn-arxiv"",""20"",""[10,10]"",""[21000]"",""256"",""2"",""cpu"",""10"",""32"",""1"",""ladies"",""0.3953152894973755"",""0.21099959313869476"",""423.24457022733986"",""0.3953152894973755"",""12.494556315243244"",""2.773964908685577"",""2024-01-10-08-38-58-gat-ogbn-arxiv-ladies-cpu-32-20-2-256-10-1024-[10, 10]-[21000]-1000.pkl"",""409.8770514819771"",""[10525.85,116.93,0,0.04,0]"",""0.13317685388028622"",""[5333818744,30178647556,30081850295,0]"",""[90279468.95,2376.57,11637428.28,380369769.52,3545.22,0,5351.58,607884.49,0,0]"",""0.3845030069351196"",""0.3845030069351196"",""20.493407035525887"",""1095.7890625"",""[1149018112,8188911616,202649600,2838528,0,3678150656,0,1134759936,1138433024,0]"""
"gat-ogbn-arxiv-ladies-cpu-32-20-2-256-10-1024-[10, 10]-[18000]-1000,""finished"",""-"",""jana-vatter"","""",""2024-01-10T07:31:28.000Z"",""442"","""",""gat"",""1024"",""1000"",""ogbn-arxiv"",""20"",""[10,10]"",""[18000]"",""256"",""2"",""cpu"",""10"",""32"",""1"",""ladies"",""0.3691399097442627"",""0.19099875167012215"",""436.5440998319536"",""0.3691399097442627"",""12.763873375952244"",""2.7757633161009028"",""2024-01-10-08-31-29-gat-ogbn-arxiv-ladies-cpu-32-20-2-256-10-1024-[10, 10]-[18000]-1000.pkl"",""422.91450113244355"",""[10760.37,203.48,0,0.04,0]"",""0.13138623908162117"",""[5331475072,30172938643,30077860806,0]"",""[90268999.27,2376.57,11637307.85,380366469.84,3545.09,0,5339.25,607833.66,0,0]"",""0.34526675939559937"",""0.34526675939559937"",""21.145296726655214"",""982.3125"",""[1030029312,8069672960,201486336,2838528,0,3558105088,0,1012686848,1016349696,0]"""
"gat-ogbn-arxiv-ladies-cpu-32-20-2-256-10-1024-[10, 10]-[15500]-1000,""finished"",""-"",""jana-vatter"","""",""2024-01-10T07:24:08.000Z"",""432"","""",""gat"",""1024"",""1000"",""ogbn-arxiv"",""20"",""[10,10]"",""[15500]"",""256"",""2"",""cpu"",""10"",""32"",""1"",""ladies"",""0.3801805377006531"",""0.2749111745506525"",""428.508300088346"",""0.3801805377006531"",""12.929810240864754"",""2.7777929386396085"",""2024-01-10-08-24-08-gat-ogbn-arxiv-ladies-cpu-32-20-2-256-10-1024-[10, 10]-[15500]-1000.pkl"",""414.6451752316206"",""[10432.29,287.38,0,0.05,0]"",""0.13290465623140335"",""[5328963046,30166973432,30073739635,0]"",""[90258306.8,2376.57,11637101.73,380363094.67,3545.01,0,5326.75,607767.96,0,0]"",""0.3646482825279236"",""0.3646482825279236"",""20.731876073498277"",""965.125"",""[1012006912,8075857920,202031104,2838528,0,3565621248,0,995995648,999656448,0]"""
"gat-ogbn-arxiv-ladies-cpu-32-20-2-256-10-1024-[10, 10]-[12500]-1000,""finished"",""-"",""jana-vatter"","""",""2024-01-10T07:16:46.000Z"",""433"","""",""gat"",""1024"",""1000"",""ogbn-arxiv"",""20"",""[10,10]"",""[12500]"",""256"",""2"",""cpu"",""10"",""32"",""1"",""ladies"",""0.3838048279285431"",""0.3659099340438843"",""429.5975266043097"",""0.3838048279285431"",""12.22566439025104"",""2.776337307490659"",""2024-01-10-08-16-46-gat-ogbn-arxiv-ladies-cpu-32-20-2-256-10-1024-[10, 10]-[12500]-1000.pkl"",""416.319105360657"",""[10514.39,216.93,0,0.03,0]"",""0.1477427687495947"",""[5326618778,30161242881,30069747811,0]"",""[90247926.58,2376.57,11636811.81,380359728.87,3544.89,0,5314.28,607718.93,0,0]"",""0.3632697463035583"",""0.3632697463035583"",""20.815533561538903"",""1026.8359375"",""[1076715520,8141008896,202170368,2838528,0,3629015040,0,1060409344,1064042496,0]"""
"gat-ogbn-arxiv-ladies-cpu-32-20-2-256-10-1024-[10, 10]-[9000]-1000,""finished"",""-"",""jana-vatter"","""",""2024-01-10T07:09:24.000Z"",""434"","""",""gat"",""1024"",""1000"",""ogbn-arxiv"",""20"",""[10,10]"",""[9000]"",""256"",""2"",""cpu"",""10"",""32"",""1"",""ladies"",""0.3936038017272949"",""0.22508396208286283"",""430.3675368875265"",""0.3936038017272949"",""12.58939290419221"",""2.7736480959345786"",""2024-01-10-08-09-24-gat-ogbn-arxiv-ladies-cpu-32-20-2-256-10-1024-[10, 10]-[9000]-1000.pkl"",""416.8372714444995"",""[10721.14,122.97,0,0.04,0]"",""0.1761224940419197"",""[5324326741,30155481063,30065789806,0]"",""[90237473.49,2376.57,11636592.46,380356370.72,3544.79,0,5300.97,607668.46,0,0]"",""0.3761907815933227"",""0.3761907815933227"",""20.84146777568385"",""1045.96484375"",""[1096773632,8160321536,202756096,2838528,0,3647553536,0,1079717888,1083387904,0]"""
"gat-ogbn-arxiv-cluster-cpu-32-20-2-256-4500-1024-[10, 10]-None-1000,""finished"",""-"",""jana-vatter"","""",""2024-01-10T07:05:02.000Z"",""254"","""",""gat"",""1024"",""1000"",""ogbn-arxiv"",""20"",""[10,10]"","""",""256"",""2"",""cpu"",""4500"",""32"",""1"",""cluster"",""0.517511785030365"",""0.20490985736250877"",""250.22211197204888"",""0.517511785030365"",""12.166999278590083"",""2.8333714962005616"",""2024-01-10-08-05-03-gat-ogbn-arxiv-cluster-cpu-32-20-2-256-4500-1024-[10, 10]-None-1000.pkl"",""232.84968885593116"",""[4397.65,1236.63,0,0.04,0]"",""4.452600184828043"",""[5322011899,30149699640,30061778937,0]"",""[90226810.59,2376.57,11636466.24,380353097.31,3544.67,0,5287.94,607613.15,0,0]"",""0.5283418893814087"",""0.5283418893814087"",""11.642061136104166"",""963.5625"",""[1010368512,8159936512,202092544,2838528,0,3536105472,0,994402304,998061056,0]"""
"gat-ogbn-arxiv-cluster-cpu-32-20-2-256-5000-1024-[10, 10]-None-1000,""finished"",""-"",""jana-vatter"","""",""2024-01-10T07:00:36.000Z"",""258"","""",""gat"",""1024"",""1000"",""ogbn-arxiv"",""20"",""[10,10]"","""",""256"",""2"",""cpu"",""5000"",""32"",""1"",""cluster"",""0.5106735825538635"",""0.2003705408424139"",""252.7404350452125"",""0.5106735825538635"",""12.979757586494088"",""2.832445240020752"",""2024-01-10-08-00-37-gat-ogbn-arxiv-cluster-cpu-32-20-2-256-5000-1024-[10, 10]-None-1000.pkl"",""234.4793366678059"",""[4447.52,1251.39,0,0.04,0]"",""4.5480274222791195"",""[5321513787,30147638770,30060062237,0]"",""[90222436.46,2376.57,11635234.53,380350309.43,3544.57,0,5285.23,607581.45,0,0]"",""0.520605742931366"",""0.520605742931366"",""11.723522502556444"",""954.828125"",""[1001209856,8109285376,202027008,2838528,0,3501658112,0,984973312,988635136,0]"""
"gat-ogbn-arxiv-cluster-cpu-32-20-2-256-6000-1024-[10, 10]-None-1000,""finished"",""-"",""jana-vatter"","""",""2024-01-10T06:56:09.000Z"",""259"","""",""gat"",""1024"",""1000"",""ogbn-arxiv"",""20"",""[10,10]"","""",""256"",""2"",""cpu"",""6000"",""32"",""1"",""cluster"",""0.5107149481773376"",""0.218290776014328"",""255.00071411952376"",""0.5107149481773376"",""12.785128789022565"",""2.8283657232920327"",""2024-01-10-07-56-09-gat-ogbn-arxiv-cluster-cpu-32-20-2-256-6000-1024-[10, 10]-None-1000.pkl"",""236.6249431855977"",""[4536.22,1248.46,0,0.04,0]"",""4.831796105951071"",""[5320970151,30145550710,30058325487,0]"",""[90218013.9,2376.57,11633988.32,380347528.32,3544.48,0,5282.35,607542.14,0,0]"",""0.5237330794334412"",""0.5237330794334412"",""11.830847705248743"",""863.46875"",""[905412608,8023420928,201998336,2838528,0,3406168064,0,889413632,893010944,0]"""
"gat-ogbn-arxiv-cluster-cpu-32-20-2-256-8000-1024-[10, 10]-None-1000,""finished"",""-"",""jana-vatter"","""",""2024-01-10T06:51:29.000Z"",""271"","""",""gat"",""1024"",""1000"",""ogbn-arxiv"",""20"",""[10,10]"","""",""256"",""2"",""cpu"",""8000"",""32"",""1"",""cluster"",""0.5168504118919373"",""0.19361723400652409"",""267.2753511108458"",""0.5168504118919373"",""12.466175047680736"",""2.81763619184494"",""2024-01-10-07-51-29-gat-ogbn-arxiv-cluster-cpu-32-20-2-256-8000-1024-[10, 10]-None-1000.pkl"",""249.038758687675"",""[4848.22,1252.02,0,0.04,0]"",""5.049502816051245"",""[5320417548,30143331042,30056515568,0]"",""[90213493.68,2376.57,11632742.47,380344761.84,3544.41,0,5278.82,607513.76,0,0]"",""0.5277040600776672"",""0.5277040600776672"",""12.451573513541373"",""849.140625"",""[890388480,8037679104,202440704,2838528,0,3416416256,0,875073536,878667776,0]"""
"gat-ogbn-arxiv-cluster-cpu-32-20-2-256-10000-1024-[10, 10]-None-1000,""finished"",""-"",""jana-vatter"","""",""2024-01-10T06:46:38.000Z"",""283"","""",""gat"",""1024"",""1000"",""ogbn-arxiv"",""20"",""[10,10]"","""",""256"",""2"",""cpu"",""10000"",""32"",""1"",""cluster"",""0.5069060921669006"",""0.4728298485279083"",""277.04373741708696"",""0.5069060921669006"",""12.381556114181876"",""2.7991101264953615"",""2024-01-10-07-46-39-gat-ogbn-arxiv-cluster-cpu-32-20-2-256-10000-1024-[10, 10]-None-1000.pkl"",""258.09114545583725"",""[5107.92,1255.33,0,0.05,0]"",""5.573447356000543"",""[5319694480,30140788120,30054549441,0]"",""[90208662.75,2376.57,11631493.16,380341889.71,3544.38,0,5275.1,607483.63,0,0]"",""0.5186099410057068"",""0.5186099410057068"",""12.904183244425804"",""851.24609375"",""[892596224,8040996864,202149888,2838528,0,3418984448,0,877080576,880706560,0]"""
"gat-ogbn-arxiv-saint-cpu-32-20-2-256-10-1024-[10, 10]-None-42000,""finished"",""-"",""jana-vatter"","""",""2024-01-10T05:48:57.000Z"",""3452"","""",""gat"",""1024"",""42000"",""ogbn-arxiv"",""20"",""[10,10]"","""",""256"",""2"",""cpu"",""10"",""32"",""1"",""saint"",""0.5054729580879211"",""0.4845938626676798"",""3449.048619680106"",""0.5054729580879211"",""13.1501659527421"",""2.2537873943200273"",""2024-01-10-06-48-57-gat-ogbn-arxiv-saint-cpu-32-20-2-256-10-1024-[10, 10]-None-42000.pkl"",""3434.841501608491"",""[63978.75,16750.08,0,0.04,0]"",""0.003794187679886818"",""[5318863799,30137955183,30052449293,0]"",""[90203573.93,2376.57,11630240.56,380339002.04,3544.33,0,5270.43,607453.01,0,0]"",""0.4396847784519195"",""0.4396847784519195"",""171.74166683368384"",""970.6015625"",""[1017749504,8540704768,200720384,2838528,0,3545284608,0,1002381312,1006003200,0]"""
"gat-ogbn-arxiv-saint-cpu-32-20-2-256-10-1024-[10, 10]-None-36000,""finished"",""-"",""jana-vatter"","""",""2024-01-10T04:57:20.000Z"",""3088"","""",""gat"",""1024"",""36000"",""ogbn-arxiv"",""20"",""[10,10]"","""",""256"",""2"",""cpu"",""10"",""32"",""1"",""saint"",""0.4951024651527405"",""0.4777650199830532"",""3082.862191218883"",""0.4951024651527405"",""12.985676623880863"",""2.2566618115714427"",""2024-01-10-05-57-21-gat-ogbn-arxiv-saint-cpu-32-20-2-256-10-1024-[10, 10]-None-36000.pkl"",""3068.8380011059344"",""[57399.16,14963.16,0,0.04,0]"",""0.004254432395100594"",""[5312011211,30108880567,30027908150,0]"",""[90139946.02,2376.57,11613579.08,380309018.73,3543.77,0,5238.45,606996.75,0,0]"",""0.4230808913707733"",""0.4230808913707733"",""153.4414814681746"",""1009.00390625"",""[1058017280,8187596800,201220096,2838528,0,3585077248,0,1042296832,1045925888,0]"""
"gat-ogbn-arxiv-saint-cpu-32-20-2-256-10-1024-[10, 10]-None-31000,""finished"",""-"",""jana-vatter"","""",""2024-01-10T04:11:06.000Z"",""2765"","""",""gat"",""1024"",""31000"",""ogbn-arxiv"",""20"",""[10,10]"","""",""256"",""2"",""cpu"",""10"",""32"",""1"",""saint"",""0.5007482171058655"",""0.48195925913751125"",""2763.167816516012"",""0.5007482171058655"",""13.196374967694284"",""2.2584613896487804"",""2024-01-10-05-11-06-gat-ogbn-arxiv-saint-cpu-32-20-2-256-10-1024-[10, 10]-None-31000.pkl"",""2748.9313811548054"",""[51387.76,13495.03,0,0.05,0]"",""0.00241190567612648"",""[5305386198,30081964765,30005465071,0]"",""[90082802.53,2343.38,11598670.33,380282527.51,3542.37,0,5202.69,606593.55,0,0]"",""0.42674320936203"",""0.42674320936203"",""137.44620031956583"",""929.17578125"",""[974311424,8105725952,200810496,2838528,0,3500589056,0,957677568,961396736,0]"""
"gat-ogbn-arxiv-saint-cpu-32-20-2-256-10-1024-[10, 10]-None-25000,""finished"",""-"",""jana-vatter"","""",""2024-01-10T03:29:29.000Z"",""2489"","""",""gat"",""1024"",""25000"",""ogbn-arxiv"",""20"",""[10,10]"","""",""256"",""2"",""cpu"",""10"",""32"",""1"",""saint"",""0.49462148547172546"",""0.45102618262171745"",""2481.257556775585"",""0.49462148547172546"",""13.505787512287498"",""2.2629953046863"",""2024-01-10-04-29-29-gat-ogbn-arxiv-saint-cpu-32-20-2-256-10-1024-[10, 10]-None-25000.pkl"",""2466.7095872201025"",""[45699.4,11495.87,0.01,0.03,0]"",""0.0023836027830839157"",""[5299131671,30057120324,29985114999,0]"",""[90031648.57,2343.38,11585233.16,380258547.06,3541.89,0,5167.36,606252.35,0,0]"",""0.41878074407577515"",""0.41878074407577515"",""123.33508748365566"",""891.09375"",""[934379520,8069767168,200855552,2838528,0,3461173248,0,918278144,922039296,0]"""
"gat-ogbn-arxiv-saint-cpu-32-20-2-256-10-1024-[10, 10]-None-18000,""finished"",""-"",""jana-vatter"","""",""2024-01-10T02:57:11.000Z"",""1929"","""",""gat"",""1024"",""18000"",""ogbn-arxiv"",""20"",""[10,10]"","""",""256"",""2"",""cpu"",""10"",""32"",""1"",""saint"",""0.4925627410411834"",""0.45638181269168854"",""1924.9803810771557"",""0.4925627410411834"",""13.917090503498912"",""2.2686971305461414"",""2024-01-10-03-57-11-gat-ogbn-arxiv-saint-cpu-32-20-2-256-10-1024-[10, 10]-None-18000.pkl"",""1910.023001253605"",""[36749.74,8537.49,0.01,0.03,0]"",""0.004991613328456879"",""[5292132798,30033686293,29966828964,0]"",""[89986225.02,2343.38,11573803.85,380235994.37,3541.37,0,5134.81,605907.54,0,0]"",""0.412258505821228"",""0.412258505821228"",""95.50075231948868"",""858.09765625"",""[899780608,8041205760,200941568,2838528,0,3426664448,0,883699712,887467008,0]"""
"gat-ogbn-arxiv-shadow-cpu-32-20-2-256-10-1024-[50]-None-1000,""finished"",""-"",""jana-vatter"","""",""2024-01-10T02:05:15.000Z"",""3107"","""",""gat"",""1024"",""1000"",""ogbn-arxiv"",""20"",""[50]"","""",""256"",""2"",""cpu"",""10"",""32"",""1"",""shadow"",""0.5700893998146057"",""0.7937431745231152"",""3102.645139096305"",""0.5700893998146057"",""13.908729080110788"",""2.1471017478557117"",""2024-01-10-03-05-15-gat-ogbn-arxiv-shadow-cpu-32-20-2-256-10-1024-[50]-None-1000.pkl"",""3087.3835794311017"",""[55829.93,14060.21,0,0.04,0]"",""0.0026271380484104156"",""[5285645407,30013441150,29951833926,0]"",""[89949615.89,2343.38,11565295.44,380219324.96,3540.99,0,5100.91,605659.1,0,0]"",""0.4546838700771332"",""0.4546838700771332"",""154.36870798850433"",""933.59375"",""[978944000,8131538944,201203712,2838528,0,3505795072,0,963313664,967070720,0]"""
"gat-ogbn-arxiv-shadow-cpu-32-20-2-256-10-1024-[40]-None-1000,""finished"",""-"",""jana-vatter"","""",""2024-01-10T01:16:41.000Z"",""2905"","""",""gat"",""1024"",""1000"",""ogbn-arxiv"",""20"",""[40]"","""",""256"",""2"",""cpu"",""10"",""32"",""1"",""shadow"",""0.5564594864845276"",""0.4900611452758312"",""2899.7057815752923"",""0.5564594864845276"",""13.701834058389068"",""2.1705405551396058"",""2024-01-10-02-16-42-gat-ogbn-arxiv-shadow-cpu-32-20-2-256-10-1024-[40]-None-1000.pkl"",""2884.960533650592"",""[52429.58,13256.71,0,0.04,0]"",""0.002720419317483902"",""[5277805709,29986240421,29929197240,0]"",""[89894105.52,2343.38,11551312.84,380189585.74,3540.46,0,5068.79,605193.44,0,0]"",""0.4483262300491333"",""0.4483262300491333"",""144.2475836164318"",""900.8671875"",""[944627712,8098185216,200982528,2838528,0,3471175680,0,928493568,932202496,0]"""
"gat-ogbn-arxiv-shadow-cpu-32-20-2-256-10-1024-[30]-None-1000,""finished"",""-"",""jana-vatter"","""",""2024-01-10T00:32:44.000Z"",""2629"","""",""gat"",""1024"",""1000"",""ogbn-arxiv"",""20"",""[30]"","""",""256"",""2"",""cpu"",""10"",""32"",""1"",""shadow"",""0.5472115874290466"",""0.8230133503675461"",""2623.7570871207863"",""0.5472115874290466"",""13.761577611789107"",""2.2029504293806097"",""2024-01-10-01-32-44-gat-ogbn-arxiv-shadow-cpu-32-20-2-256-10-1024-[30]-None-1000.pkl"",""2608.611157981679"",""[47965.65,11800.32,0,0.05,0]"",""0.0026137027889490128"",""[5269987030,29960075460,29907659572,0]"",""[89841985.63,2343.38,11538131.61,380162121.55,3539.88,0,5037.03,604754.68,0,0]"",""0.4410221576690674"",""0.4410221576690674"",""130.43011365486308"",""921.84375"",""[966623232,8122515456,200253440,2838528,0,3494543360,0,951144448,954866688,0]"""
"gat-ogbn-arxiv-shadow-cpu-32-20-2-256-10-1024-[20]-None-1000,""finished"",""-"",""jana-vatter"","""",""2024-01-09T23:55:54.000Z"",""2201"","""",""gat"",""1024"",""1000"",""ogbn-arxiv"",""20"",""[20]"","""",""256"",""2"",""cpu"",""10"",""32"",""1"",""shadow"",""0.5351649522781372"",""0.4470509812235832"",""2197.9836874231696"",""0.5351649522781372"",""13.896327001973988"",""2.2610222945052585"",""2024-01-10-00-55-54-gat-ogbn-arxiv-shadow-cpu-32-20-2-256-10-1024-[20]-None-1000.pkl"",""2183.097450559959"",""[40946.31,9988.5,0,0.04,0]"",""0.0031142383813858032"",""[5262324051,29935568798,29887703606,0]"",""[89794278.12,2343.38,11526391.84,380137617.56,3539.39,0,5003.33,604355.2,0,0]"",""0.4357755780220032"",""0.4357755780220032"",""109.15449013430626"",""878.96875"",""[921665536,8064180224,200781824,2838528,0,3448885248,0,905805824,909578240,0]"""
"gat-ogbn-arxiv-shadow-cpu-32-20-2-256-10-1024-[10]-None-1000,""finished"",""-"",""jana-vatter"","""",""2024-01-09T23:29:28.000Z"",""1577"","""",""gat"",""1024"",""1000"",""ogbn-arxiv"",""20"",""[10]"","""",""256"",""2"",""cpu"",""10"",""32"",""1"",""shadow"",""0.5256134271621704"",""0.39551820792257786"",""1572.7999417539686"",""0.5256134271621704"",""14.101258112117648"",""2.3708306859048567"",""2024-01-10-00-29-28-gat-ogbn-arxiv-shadow-cpu-32-20-2-256-10-1024-[10]-None-1000.pkl"",""1557.7478677425534"",""[30986.49,6719.05,0,0.04,0]"",""0.002460561692714691"",""[5255395429,29913886990,29870537935,0]"",""[89753549.2,2343.38,11516452.85,380117880.57,3538.99,0,4971.08,604068.27,0,0]"",""0.4462481737136841"",""0.4462481737136841"",""77.88680881308392"",""898.609375"",""[942260224,8067174400,200667136,2838528,0,3469320192,0,925966336,929801216,0]"""
"gat-ogbn-arxiv-labor-cpu-32-20-2-256-10-1024-[50]-None-1000,""finished"",""-"",""jana-vatter"","""",""2024-01-09T23:01:09.000Z"",""1690"","""",""gat"",""1024"",""1000"",""ogbn-arxiv"",""20"",""[50]"","""",""256"",""2"",""cpu"",""10"",""32"",""1"",""labor"",""0.5424007773399353"",""0.3431637864559889"",""1687.3489841856062"",""0.5424007773399353"",""13.79190837778151"",""2.383831444751011"",""2024-01-10-00-01-09-gat-ogbn-arxiv-labor-cpu-32-20-2-256-10-1024-[50]-None-1000.pkl"",""1672.6783279124647"",""[31678.83,8016.76,0,0.03,0]"",""0.003866838291287422"",""[5249095792,29896315825,29857359050,0]"",""[89722719.62,2343.38,11509764.76,380104937.66,3538.72,0,4942.94,603859.88,0,0]"",""0.49754130840301514"",""0.49754130840301514"",""83.63345629023388"",""863.3046875"",""[905240576,8054792192,201207808,2838528,0,3431542784,0,888971264,892729344,0]"""
"gat-ogbn-arxiv-labor-cpu-32-20-2-256-10-1024-[40]-None-1000,""finished"",""-"",""jana-vatter"","""",""2024-01-09T22:34:17.000Z"",""1603"","""",""gat"",""1024"",""1000"",""ogbn-arxiv"",""20"",""[40]"","""",""256"",""2"",""cpu"",""10"",""32"",""1"",""labor"",""0.5396825671195984"",""0.4838865138590336"",""1599.2289419528097"",""0.5396825671195984"",""14.140343930572271"",""2.3769073030921852"",""2024-01-09-23-34-17-gat-ogbn-arxiv-labor-cpu-32-20-2-256-10-1024-[40]-None-1000.pkl"",""1584.0623162686825"",""[30305.6,7390.86,0,0.04,0]"",""0.004448434337973595"",""[5243875098,29880668517,29844881720,0]"",""[89691186.65,2343.38,11501783.11,380090285.06,3538.38,0,4925.91,603624.36,0,0]"",""0.4953809380531311"",""0.4953809380531311"",""79.2026266911067"",""792.39453125"",""[830885888,7983800320,201129984,2838528,0,3357962240,0,815390720,819088384,0]"""
"gat-ogbn-arxiv-labor-cpu-32-20-2-256-10-1024-[30]-None-1000,""finished"",""-"",""jana-vatter"","""",""2024-01-09T22:09:46.000Z"",""1462"","""",""gat"",""1024"",""1000"",""ogbn-arxiv"",""20"",""[30]"","""",""256"",""2"",""cpu"",""10"",""32"",""1"",""labor"",""0.5361924767494202"",""0.2378714084625244"",""1459.38320094347"",""0.5361924767494202"",""13.968627704307435"",""2.385983394772819"",""2024-01-09-23-09-46-gat-ogbn-arxiv-labor-cpu-32-20-2-256-10-1024-[30]-None-1000.pkl"",""1444.6310245450586"",""[27877.74,6986.18,0,0.04,0]"",""0.0024162977933883667"",""[5238575873,29865475988,29832911383,0]"",""[89661018.29,2343.23,11494423.18,380076479.24,3538.03,0,4909.72,603409.17,0,0]"",""0.49721211194992065"",""0.49721211194992065"",""72.23104627272114"",""823.65234375"",""[863662080,8015134720,201396224,2838528,0,3389440000,0,847376384,851050496,0]"""
"gat-ogbn-arxiv-labor-cpu-32-20-2-256-10-1024-[20]-None-1000,""finished"",""-"",""jana-vatter"","""",""2024-01-09T21:48:18.000Z"",""1279"","""",""gat"",""1024"",""1000"",""ogbn-arxiv"",""20"",""[20]"","""",""256"",""2"",""cpu"",""10"",""32"",""1"",""labor"",""0.5366287231445312"",""0.41363805159926414"",""1275.2785938307643"",""0.5366287231445312"",""13.828735588118434"",""2.3938635788606795"",""2024-01-09-22-48-18-gat-ogbn-arxiv-labor-cpu-32-20-2-256-10-1024-[20]-None-1000.pkl"",""1260.5014568269253"",""[25092.19,5793.7,0,0.04,0]"",""0.0030552223324775696"",""[5233523048,29851139753,29821723544,0]"",""[89633263.81,2343.23,11487464.95,380064296.63,3537.7,0,4893.79,603222.4,0,0]"",""0.4898051619529724"",""0.4898051619529724"",""63.02460765661672"",""834.50390625"",""[875040768,7975571456,201428992,2838528,0,3377098752,0,859820032,863541248,0]"""
"gat-ogbn-arxiv-labor-cpu-32-20-2-256-10-1024-[10]-None-1000,""finished"",""-"",""jana-vatter"","""",""2024-01-09T21:32:19.000Z"",""951"","""",""gat"",""1024"",""1000"",""ogbn-arxiv"",""20"",""[10]"","""",""256"",""2"",""cpu"",""10"",""32"",""1"",""labor"",""0.5330715775489807"",""0.3715752772986889"",""945.9797623809428"",""0.5330715775489807"",""13.609953267499804"",""2.4067753138167136"",""2024-01-09-22-32-19-gat-ogbn-arxiv-labor-cpu-32-20-2-256-10-1024-[10]-None-1000.pkl"",""931.4370565190912"",""[19976.25,3948.35,0,0.04,0]"",""0.0039060786366462703"",""[5228533127,29837817385,29811693201,0]"",""[89608287.76,2343.23,11481695.48,380053994.68,3537.54,0,4877.69,603052.52,0,0]"",""0.5020883679389954"",""0.5020883679389954"",""46.57137512313202"",""978.34765625"",""[1025871872,8134152192,200458240,2838528,0,3554250752,0,1010073600,1013854208,0]"""
"gat-ogbn-arxiv-neighbor-cpu-32-20-2-256-10-1024-[50]-None-1000,""finished"",""-"",""jana-vatter"","""",""2024-01-09T21:03:17.000Z"",""1733"","""",""gat"",""1024"",""1000"",""ogbn-arxiv"",""20"",""[50]"","""",""256"",""2"",""cpu"",""10"",""32"",""1"",""neighbor"",""0.53401118516922"",""0.37270097248256207"",""1728.1850845329463"",""0.53401118516922"",""13.826727531850338"",""2.395064603076892"",""2024-01-09-22-03-17-gat-ogbn-arxiv-neighbor-cpu-32-20-2-256-10-1024-[50]-None-1000.pkl"",""1713.4395997133106"",""[32575.31,8320.01,0,0.03,0]"",""0.002999257296323776"",""[5223922356,29826705389,29803651882,0]"",""[89588433.25,2343.23,11477768.04,380047244.8,3537.31,0,4863,602915.37,0,0]"",""0.4848877787590027"",""0.4848877787590027"",""85.67157959463074"",""789.99609375"",""[828370944,7975677952,201359360,2838528,0,3353772032,0,811786240,815566848,0]"""
"gat-ogbn-arxiv-neighbor-cpu-32-20-2-256-10-1024-[40]-None-1000,""finished"",""-"",""jana-vatter"","""",""2024-01-09T20:35:52.000Z"",""1636"","""",""gat"",""1024"",""1000"",""ogbn-arxiv"",""20"",""[40]"","""",""256"",""2"",""cpu"",""10"",""32"",""1"",""neighbor"",""0.5427699089050293"",""0.45268194004893303"",""1632.7716232370583"",""0.5427699089050293"",""14.333657251670957"",""2.385583068547624"",""2024-01-09-21-35-52-gat-ogbn-arxiv-neighbor-cpu-32-20-2-256-10-1024-[40]-None-1000.pkl"",""1617.394640924409"",""[31228.23,7410.87,0,0.04,0]"",""0.0032928697764873505"",""[5218343117,29810564929,29790383473,0]"",""[89556006.77,2343.23,11469484.11,380032500.45,3536.98,0,4847.59,602677.1,0,0]"",""0.5030142068862915"",""0.5030142068862915"",""80.86920727342367"",""841.69921875"",""[882585600,8004517888,200757248,2838528,0,3384598528,0,866889728,870670336,0]"""
"gat-ogbn-arxiv-neighbor-cpu-32-20-2-256-10-1024-[30]-None-1000,""finished"",""-"",""jana-vatter"","""",""2024-01-09T20:10:40.000Z"",""1503"","""",""gat"",""1024"",""1000"",""ogbn-arxiv"",""20"",""[30]"","""",""256"",""2"",""cpu"",""10"",""32"",""1"",""neighbor"",""0.5363267064094543"",""0.26915709860622883"",""1498.1859091166407"",""0.5363267064094543"",""13.946231359615922"",""2.389065396919679"",""2024-01-09-21-10-41-gat-ogbn-arxiv-neighbor-cpu-32-20-2-256-10-1024-[30]-None-1000.pkl"",""1483.4096732996404"",""[28936.84,7068.99,0,0.04,0]"",""0.00211949273943901"",""[5212719043,29794942349,29777661208,0]"",""[89524921.27,2343.23,11462105.24,380018519.65,3536.74,0,4830.77,602455.4,0,0]"",""0.49636852741241455"",""0.49636852741241455"",""74.17004850422964"",""793.9453125"",""[832512000,7986257920,201023488,2838528,0,3359662080,0,817328128,821063680,0]"""
"gat-ogbn-arxiv-neighbor-cpu-32-20-2-256-10-1024-[20]-None-1000,""finished"",""-"",""jana-vatter"","""",""2024-01-09T19:48:32.000Z"",""1320"","""",""gat"",""1024"",""1000"",""ogbn-arxiv"",""20"",""[20]"","""",""256"",""2"",""cpu"",""10"",""32"",""1"",""neighbor"",""0.5369643568992615"",""0.4525519721210003"",""1315.938925070688"",""0.5369643568992615"",""14.142234506085517"",""2.3976922195948913"",""2024-01-09-20-48-32-gat-ogbn-arxiv-neighbor-cpu-32-20-2-256-10-1024-[20]-None-1000.pkl"",""1300.8182722367346"",""[26042.94,6059.25,0,0.04,0]"",""0.0029963627457618713"",""[5207214275,29780076153,29765691690,0]"",""[89496106.73,2343.23,11455063.71,380006228.63,3536.42,0,4816.69,602246.06,0,0]"",""0.49202725291252136"",""0.49202725291252136"",""65.04043583096936"",""819.8046875"",""[859627520,8005550080,201498624,2838528,0,3386462208,0,844451840,848183296,0]"""
"gat-ogbn-arxiv-neighbor-cpu-32-20-2-256-10-1024-[10]-None-1000,""finished"",""-"",""jana-vatter"","""",""2024-01-09T19:31:59.000Z"",""985"","""",""gat"",""1024"",""1000"",""ogbn-arxiv"",""20"",""[10]"","""",""256"",""2"",""cpu"",""10"",""32"",""1"",""neighbor"",""0.5366958379745483"",""0.239697502925992"",""980.96168063581"",""0.5366958379745483"",""13.77281315624714"",""2.4072380226649597"",""2024-01-09-20-31-59-gat-ogbn-arxiv-neighbor-cpu-32-20-2-256-10-1024-[10]-None-1000.pkl"",""966.385670216754"",""[20949.03,4062.3,0,0.04,0]"",""0.00401298888027668"",""[5201809008,29766212217,29754765777,0]"",""[89470180.62,2343.23,11449029.27,379995873.8,3536.21,0,4801.06,602061.18,0,0]"",""0.4977676272392273"",""0.4977676272392273"",""48.31875455472618"",""1016.546875"",""[1065926656,8170459136,201289728,2838528,0,3567935488,0,1050624000,1054379008,0]"""
