"Name,""State"",""Notes"",""User"",""Tags"",""Created"",""Runtime"",""Sweep"",""run"",""architecture"",""batch_size"",""budget"",""dataset"",""epochs"",""fanout"",""hidden"",""layer"",""mode"",""num_parts"",""num_threads"",""test-acc"",""sampler"",""fastladies"",""accuracy"",""dataloading time"",""end-to-end time"",""inference time"",""loss"",""overall training time"",""process cpu times"",""sampling time"",""system cpu stats"",""system cpu times"",""time per epoch"",""used memory"",""used memory full"",""f1"",""modelpath"",""test-f1"""
"gcn-ogbn-arxiv-vrgcn-cpu-32-20-5-256-10-1024-[10]-None-1000,""finished"",""-"","""","""",""2024-05-03T01:40:09.000Z"",""1380"","""",""3"",""gcn"",""1024"",""1000"",""ogbn-arxiv"",""20"",""[10]"",""256"",""5"",""cpu"",""10"",""32"",""0.5681954026222229"",""vrgcn"","""",""0.6306923031806946"",""0.34459280129522085"",""1373.7999481754375"",""13.681196679361165"",""0.9923502293865332"",""1289.515695703216"",""[39000.33,968.59,0,0.04,0]"",""69.66696324851364"",""[3363599066,21080206666,21828632181,0]"",""[64504882.43,915.48,6643531.14,89898876.98,1002.17,0,4147.93,425205.95,0,0]"",""64.4753357780166"",""3949.0859375"",""[4140916736,25178382336,197189632,2838528,0,6682636288,0,4121489408,4127933440,0]"",""0.6306923031806946"",""2024-05-03-03-40-10-gcn-ogbn-arxiv-vrgcn-cpu-32-20-5-256-10-1024-[10]-None-1000.pkl"",""0.5681954026222229"""
"gcn-ogbn-arxiv-vrgcn-cpu-32-20-4-256-10-1024-[10]-None-1000,""finished"",""-"","""","""",""2024-05-03T01:27:21.000Z"",""760"","""",""3"",""gcn"",""1024"",""1000"",""ogbn-arxiv"",""20"",""[10]"",""256"",""4"",""cpu"",""10"",""32"",""0.55424565076828"",""vrgcn"","""",""0.6199536919593811"",""0.2246480779722333"",""755.9547968246043"",""8.605101875960827"",""1.0545142319764984"",""691.5913916928694"",""[21869.76,235.09,0,0.04,0]"",""54.99413152784109"",""[3354405188,21059160581,21814485010,0]"",""[64466020.38,915.48,6642556.81,89894538.85,1001.94,0,4142.09,424984.15,0,0]"",""34.57910966458731"",""3423.43359375"",""[3589730304,24679026688,197480448,2838528,0,6203658240,0,3570229248,3576624128,0]"",""0.6199536919593811"",""2024-05-03-03-27-21-gcn-ogbn-arxiv-vrgcn-cpu-32-20-4-256-10-1024-[10]-None-1000.pkl"",""0.55424565076828"""
"gcn-ogbn-arxiv-vrgcn-cpu-32-20-3-256-10-1024-[10]-None-1000,""finished"",""-"","""","""",""2024-05-03T01:20:29.000Z"",""405"","""",""3"",""gcn"",""1024"",""1000"",""ogbn-arxiv"",""20"",""[10]"",""256"",""3"",""cpu"",""10"",""32"",""0.5627224445343018"",""vrgcn"","""",""0.6209268569946289"",""0.37514099944382906"",""401.2485931785777"",""8.197733248583972"",""1.130274832918403"",""351.19903585966676"",""[11378.19,128.94,0,0.05,0]"",""40.95180167630315"",""[3348597430,21045516008,21806141342,0]"",""[64444236.53,915.48,6642315.57,89892140.63,1001.83,0,4137.57,424875.58,0,0]"",""17.55944967949763"",""2674.23046875"",""[2804133888,23851966464,196812800,2838528,0,5457596416,0,2785210368,2791625728,0]"",""0.6209268569946289"",""2024-05-03-03-20-29-gcn-ogbn-arxiv-vrgcn-cpu-32-20-3-256-10-1024-[10]-None-1000.pkl"",""0.5627224445343018"""
"gcn-ogbn-arxiv-vrgcn-cpu-32-20-5-256-10-1024-[10]-None-1000,""finished"",""-"","""","""",""2024-05-03T00:56:09.000Z"",""1452"","""",""2"",""gcn"",""1024"",""1000"",""ogbn-arxiv"",""20"",""[10]"",""256"",""5"",""cpu"",""10"",""32"",""0.5432997941970825"",""vrgcn"","""",""0.6170676946640015"",""0.2500227987766266"",""1448.0242018662393"",""12.064073699526489"",""0.976483116658886"",""1361.4012559363618"",""[40274.97,1309.98,0,0.05,0]"",""73.77934691961855"",""[3344770614,21036265556,21801271548,0]"",""[64432923.1,915.48,6642181.01,89890439.72,1001.75,0,4132.23,424814.32,0,0]"",""68.069622457074"",""4089.8203125"",""[4288487424,25301344256,197525504,2838528,0,6823358464,0,4269133824,4275522560,0]"",""0.6170676946640015"",""2024-05-03-02-56-09-gcn-ogbn-arxiv-vrgcn-cpu-32-20-5-256-10-1024-[10]-None-1000.pkl"",""0.5432997941970825"""
"gcn-ogbn-arxiv-vrgcn-cpu-32-20-4-256-10-1024-[10]-None-1000,""finished"",""-"","""","""",""2024-05-03T00:42:51.000Z"",""790"","""",""2"",""gcn"",""1024"",""1000"",""ogbn-arxiv"",""20"",""[10]"",""256"",""4"",""cpu"",""10"",""32"",""0.5294323563575745"",""vrgcn"","""",""0.6083425879478455"",""0.35125596169382334"",""783.9498257907107"",""8.208098097704351"",""1.0573110459895616"",""719.9589503426105"",""[22631.34,236.91,0,0.05,0]"",""54.899140612222254"",""[3334508212,21014067610,21786319896,0]"",""[64392816.93,915.48,6640867.61,89885329.4,1001.48,0,4125.56,424568.28,0,0]"",""35.997511960752306"",""3339.03515625"",""[3501232128,24548438016,197337088,2838528,0,6135320576,0,3481837568,3488211968,0]"",""0.6083425879478455"",""2024-05-03-02-42-52-gcn-ogbn-arxiv-vrgcn-cpu-32-20-4-256-10-1024-[10]-None-1000.pkl"",""0.5294323563575745"""
"gcn-ogbn-arxiv-vrgcn-cpu-32-20-3-256-10-1024-[10]-None-1000,""finished"",""-"","""","""",""2024-05-03T00:35:53.000Z"",""408"","""",""2"",""gcn"",""1024"",""1000"",""ogbn-arxiv"",""20"",""[10]"",""256"",""3"",""cpu"",""10"",""32"",""0.5515914559364319"",""vrgcn"","""",""0.6166985630989075"",""0.3542907042428851"",""403.9259322099387"",""7.545045438222587"",""1.136791644471415"",""352.81377871055156"",""[11434.36,152.8,0,0.04,0]"",""42.68074907083064"",""[3328278993,21000026029,21777687486,0]"",""[64370283.99,915.48,6640624.58,89882668.73,1001.43,0,4121.03,424430.26,0,0]"",""17.64021530817263"",""2570.421875"",""[2695282688,23762251776,196513792,2838528,0,5339123712,0,2676252672,2682685440,0]"",""0.6166985630989075"",""2024-05-03-02-35-53-gcn-ogbn-arxiv-vrgcn-cpu-32-20-3-256-10-1024-[10]-None-1000.pkl"",""0.5515914559364319"""
"gcn-ogbn-arxiv-vrgcn-cpu-32-20-5-256-10-1024-[10]-None-1000,""finished"",""-"","""","""",""2024-05-03T00:08:47.000Z"",""1618"","""",""1"",""gcn"",""1024"",""1000"",""ogbn-arxiv"",""20"",""[10]"",""256"",""5"",""cpu"",""10"",""32"",""0.5582576990127563"",""vrgcn"","""",""0.6235779523849487"",""0.21714575123041868"",""1608.9932296043262"",""12.04057266935706"",""0.9886823832319024"",""1525.84062057361"",""[43813.65,951.48,0,0.04,0]"",""70.34918926563114"",""[3324356326,20990773071,21772796389,0]"",""[64358918.17,915.48,6640466.32,89880912,1001.32,0,4116.55,424369.21,0,0]"",""76.29153190073558"",""4288.296875"",""[4496605184,25536507904,196263936,2838528,0,7051792384,0,4477206528,4483654656,0]"",""0.6235779523849487"",""2024-05-03-02-08-50-gcn-ogbn-arxiv-vrgcn-cpu-32-20-5-256-10-1024-[10]-None-1000.pkl"",""0.5582576990127563"""
"gcn-ogbn-arxiv-vrgcn-cpu-32-20-4-256-10-1024-[10]-None-1000,""finished"",""-"","""","""",""2024-05-02T23:54:11.000Z"",""868"","""",""1"",""gcn"",""1024"",""1000"",""ogbn-arxiv"",""20"",""[10]"",""256"",""4"",""cpu"",""10"",""32"",""0.5489784479141235"",""vrgcn"","""",""0.6174368262290955"",""0.36579956114292145"",""865.1131791435182"",""7.796609056182206"",""1.0449222801776414"",""800.3413300877437"",""[24500.32,273.47,0,0.04,0]"",""56.080147924833"",""[3312321257,20967102757,21756376504,0]"",""[64315339.63,915.48,6639511.02,89873787.47,1001.05,0,4109.88,424031.66,0,0]"",""40.01665357784368"",""3418.71484375"",""[3584782336,24629301248,197115904,2838528,0,6210887680,0,3565162496,3571605504,0]"",""0.6174368262290955"",""2024-05-03-01-54-11-gcn-ogbn-arxiv-vrgcn-cpu-32-20-4-256-10-1024-[10]-None-1000.pkl"",""0.5489784479141235"""
"gcn-ogbn-arxiv-vrgcn-cpu-32-20-3-256-10-1024-[10]-None-1000,""finished"",""-"","""","""",""2024-05-02T23:46:26.000Z"",""456"","""",""1"",""gcn"",""1024"",""1000"",""ogbn-arxiv"",""20"",""[10]"",""256"",""3"",""cpu"",""10"",""32"",""0.5558916330337524"",""vrgcn"","""",""0.6236115097999573"",""0.5367274265736341"",""452.304559815675"",""7.80945482943207"",""1.1307765406169248"",""397.6338612893596"",""[12709.17,165.91,0,0.04,0]"",""43.10304785147309"",""[3305278259,20951404365,21747159480,0]"",""[64290946.29,915.48,6639231.66,89870542.87,1000.91,0,4104.87,423894.91,0,0]"",""19.88127643992193"",""2715.453125"",""[2847358976,23907946496,196767744,2838528,0,5505687552,0,2827821056,2834228224,0]"",""0.6236115097999573"",""2024-05-03-01-46-27-gcn-ogbn-arxiv-vrgcn-cpu-32-20-3-256-10-1024-[10]-None-1000.pkl"",""0.5558916330337524"""
"gcn-ogbn-arxiv-vrgcn-cpu-32-20-2-256-10-1024-[10]-None-1000,""finished"",""-"","""","""",""2024-04-26T14:52:59.000Z"",""213"","""",""3"",""gcn"",""1024"",""1000"",""ogbn-arxiv"",""20"",""[10]"",""256"",""2"",""cpu"",""10"",""32"",""0.5564882755279541"",""vrgcn"","""",""0.6142823696136475"",""0.4010291676968336"",""209.51180155854672"",""5.069216918200254"",""1.2383464869488492"",""176.21225340478122"",""[5645.21,81.85,0,0.04,0]"",""27.28994081541896"",""[2100741514,16954126933,17979710748,0]"",""[54398276.95,841.89,5757491.26,83087734.15,846.24,0,2620.01,367253.37,0,0]"",""8.810224629146978"",""2179.94921875"",""[2285842432,23306981376,196730880,2838528,0,4907515904,0,2266357760,2271630336,0]"",""0.6142823696136475"",""2024-04-26-16-52-59-gcn-ogbn-arxiv-vrgcn-cpu-32-20-2-256-10-1024-[10]-None-1000.pkl"",""0.5564882755279541"""
"gcn-ogbn-arxiv-vrgcn-cpu-32-20-2-256-10-1024-[10]-None-1000,""finished"",""-"","""","""",""2024-04-26T14:32:39.000Z"",""208"","""",""2"",""gcn"",""1024"",""1000"",""ogbn-arxiv"",""20"",""[10]"",""256"",""2"",""cpu"",""10"",""32"",""0.5481554865837097"",""vrgcn"","""",""0.6145508289337158"",""0.20988855697214603"",""202.885637646541"",""4.524596539326012"",""1.2352299355389027"",""170.20202081557363"",""[5461.23,74.22,0,0.03,0]"",""27.413110858760778"",""[2086818738,16920882442,17964948883,0]"",""[54366565.01,841.89,5757008.32,83080943.31,845.99,0,2584.87,367066.64,0,0]"",""8.509703721804545"",""2244.17578125"",""[2353188864,23311536128,196591616,2838528,0,4962836480,0,2333982720,2339268608,0]"",""0.6145508289337158"",""2024-04-26-16-32-39-gcn-ogbn-arxiv-vrgcn-cpu-32-20-2-256-10-1024-[10]-None-1000.pkl"",""0.5481554865837097"""
"gcn-ogbn-arxiv-vrgcn-cpu-32-20-2-256-10-1024-[10]-None-1000,""finished"",""-"","""","""",""2024-04-26T14:12:06.000Z"",""211"","""",""1"",""gcn"",""1024"",""1000"",""ogbn-arxiv"",""20"",""[10]"",""256"",""2"",""cpu"",""10"",""32"",""0.5611176490783691"",""vrgcn"","""",""0.6150877475738525"",""0.4664627658203244"",""208.2113495618105"",""4.516153867356479"",""1.238205325737428"",""175.72561901900917"",""[5582.27,81.34,0,0.04,0]"",""26.96587843168527"",""[2072637254,16887494421,17950087338,0]"",""[54334831.62,841.89,5756524.71,83074167.56,845.75,0,2549.34,366870.74,0,0]"",""8.785865192813798"",""2169.9453125"",""[2275352576,23236001792,196435968,2838528,0,4881805312,0,2256498688,2261823488,0]"",""0.6150877475738525"",""2024-04-26-16-12-06-gcn-ogbn-arxiv-vrgcn-cpu-32-20-2-256-10-1024-[10]-None-1000.pkl"",""0.5611176490783691"""
"gcn-ogbn-arxiv-fastgcn-cpu-32-20-2-256-10-1024-[10, 10]-[9000]-1000,""finished"",""-"","""","""",""2024-01-09T19:13:40.000Z"",""156"","""",""3"",""gcn"",""1024"",""1000"",""ogbn-arxiv"",""20"",""[10,10]"",""256"",""2"",""cpu"",""10"",""32"",""0.4683249890804291"",""fastgcn"",""[9000]"",""0.12037316709756853"",""0.20348416827619076"",""150.64175925962627"",""2.751569984480738"",""2.916774149691121"",""146.97893384099007"",""[2380.25,12.7,0,0.04,0]"",""0.1314632073044777"",""[5190368310,29737007991,29735925238,0]"",""[89435737.14,2343.23,11444697.96,379973246.61,3535.65,0,4775.22,601796.1,0,0]"",""7.3485700286924835"",""790.98046875"",""[829403136,7976726528,202014720,2838528,0,3357204480,0,813228032,817064960,0]"",""0.12037316709756853"",""2024-01-09-20-13-41-gcn-ogbn-arxiv-fastgcn-cpu-32-20-2-256-10-1024-[10, 10]-[9000]-1000.pkl"",""0.4683249890804291"""
"gcn-ogbn-arxiv-ladies-cpu-32-20-2-256-10-1024-[10, 10]-[9000]-1000,""finished"",""-"","""","""",""2024-01-09T19:01:51.000Z"",""134"","""",""3"",""gcn"",""1024"",""1000"",""ogbn-arxiv"",""20"",""[10,10]"",""256"",""2"",""cpu"",""10"",""32"",""0.535789966583252"",""ladies"",""[9000]"",""0.5497499704360962"",""0.2524582576006651"",""128.44405131042004"",""2.1009890288114548"",""1.6535161278221044"",""125.20160909555852"",""[2095.37,12.39,0,0.04,0]"",""0.1733380574733019"",""[5187421277,29732720730,29731862680,0]"",""[89424838.23,2343.23,11444623.25,379960916.48,3535.28,0,4775,601705.33,0,0]"",""6.25969824641943"",""827.59765625"",""[867799040,8015552512,201936896,2838528,0,3395854336,0,851779584,855582720,0]"",""0.5497499704360962"",""2024-01-09-20-01-51-gcn-ogbn-arxiv-ladies-cpu-32-20-2-256-10-1024-[10, 10]-[9000]-1000.pkl"",""0.535789966583252"""
"gcn-ogbn-arxiv-cluster-cpu-32-20-2-256-10000-1024-[10, 10]-None-1000,""finished"",""-"","""","""",""2024-01-09T18:57:44.000Z"",""42"","""",""3"",""gcn"",""1024"",""1000"",""ogbn-arxiv"",""20"",""[10,10]"",""256"",""2"",""cpu"",""10000"",""32"",""0.518136739730835"",""cluster"","""",""0.4975759387016296"",""0.3317309860140085"",""37.21689767949283"",""1.961145471781492"",""2.013444352149963"",""28.522022327408195"",""[708.34,18.45,0,0.04,0]"",""5.72586783207953"",""[5186343183,29730769024,29730104407,0]"",""[89419842.53,2343.23,11444423.08,379955350.05,3535.12,0,4774.84,601674.42,0,0]"",""1.425661296211183"",""918.24609375"",""[962850816,8086507520,201601024,2838528,0,3497062400,0,947732480,951394304,0]"",""0.4975759387016296"",""2024-01-09-19-57-45-gcn-ogbn-arxiv-cluster-cpu-32-20-2-256-10000-1024-[10, 10]-None-1000.pkl"",""0.518136739730835"""
"gcn-ogbn-arxiv-saint-cpu-32-20-2-256-10-1024-[10, 10]-None-18000,""finished"",""-"","""","""",""2024-01-09T18:32:10.000Z"",""183"","""",""3"",""gcn"",""1024"",""18000"",""ogbn-arxiv"",""20"",""[10,10]"",""256"",""2"",""cpu"",""10"",""32"",""0.5430529117584229"",""saint"","""",""0.6158058047294617"",""0.20243814401328564"",""178.47112357243896"",""2.613198187202215"",""1.3791262473952903"",""175.13459633104503"",""[4550.7,42.89,0,0.04,0]"",""0.001625552773475647"",""[5181225817,29719500706,29720172416,0]"",""[89388426.32,2343.23,11443178.11,379943614.23,3534.73,0,4774.31,601509.09,0,0]"",""8.756376192253082"",""1061.33984375"",""[1112895488,8228700160,200888320,2838528,0,3652808704,0,1096814592,1100601344,0]"",""0.6158058047294617"",""2024-01-09-19-32-11-gcn-ogbn-arxiv-saint-cpu-32-20-2-256-10-1024-[10, 10]-None-18000.pkl"",""0.5430529117584229"""
"gcn-ogbn-arxiv-shadow-cpu-32-20-2-256-10-1024-[10]-None-1000,""finished"",""-"","""","""",""2024-01-09T18:11:10.000Z"",""145"","""",""3"",""gcn"",""1024"",""1000"",""ogbn-arxiv"",""20"",""[10]"",""256"",""2"",""cpu"",""10"",""32"",""0.535831093788147"",""shadow"","""",""0.621472179889679"",""0.2185947634279728"",""140.53133453801274"",""2.4901780914515257"",""1.4615786785490057"",""137.29300441034138"",""[3758.15,47.18,0,0.04,0]"",""0.0017454959452152252"",""[5176597267,29708982313,29710485518,0]"",""[89356565.17,2343.23,11442740.67,379934526,3534.43,0,4773.92,601337.87,0,0]"",""6.864254076685756"",""923.375"",""[968228864,8093650944,201064448,2838528,0,3504070656,0,953024512,956490752,0]"",""0.621472179889679"",""2024-01-09-19-11-10-gcn-ogbn-arxiv-shadow-cpu-32-20-2-256-10-1024-[10]-None-1000.pkl"",""0.535831093788147"""
"gcn-ogbn-arxiv-labor-cpu-32-20-2-256-10-1024-[10]-None-1000,""finished"",""-"","""","""",""2024-01-09T18:02:34.000Z"",""76"","""",""3"",""gcn"",""1024"",""1000"",""ogbn-arxiv"",""20"",""[10]"",""256"",""2"",""cpu"",""10"",""32"",""0.5341851115226746"",""labor"","""",""0.6022014021873474"",""0.2268154304474592"",""71.5760115403682"",""2.8784992042928934"",""1.3742780082681203"",""67.95553035847843"",""[1771.37,29.06,0,0.04,0]"",""0.002171330153942108"",""[5174372937,29704431055,29706475862,0]"",""[89343382.23,2343.23,11442569.32,379929246.34,3534.23,0,4773.69,601253.24,0,0]"",""3.3974191511049865"",""779.828125"",""[817709056,7962730496,200609792,2838528,0,3353567232,0,802168832,805623808,0]"",""0.6022014021873474"",""2024-01-09-19-02-35-gcn-ogbn-arxiv-labor-cpu-32-20-2-256-10-1024-[10]-None-1000.pkl"",""0.5341851115226746"""
"gcn-ogbn-arxiv-neighbor-cpu-32-20-2-256-10-1024-[10]-None-1000,""finished"",""-"","""","""",""2024-01-09T17:54:33.000Z"",""71"","""",""3"",""gcn"",""1024"",""1000"",""ogbn-arxiv"",""20"",""[10]"",""256"",""2"",""cpu"",""10"",""32"",""0.5334238409996033"",""neighbor"","""",""0.6022685170173645"",""0.18678129650652409"",""67.52758762799203"",""2.2087992522865534"",""1.3711547141664484"",""64.60214008204639"",""[1986.09,12.29,0,0.03,0]"",""0.0017174743115901947"",""[5171969874,29700159257,29702991986,0]"",""[89331652.39,2343.23,11442375.62,379925730.23,3534.1,0,4773.38,601193.4,0,0]"",""3.229376224428415"",""826.16015625"",""[866291712,8010354688,200077312,2838528,0,3402149888,0,850206720,853699584,0]"",""0.6022685170173645"",""2024-01-09-18-54-34-gcn-ogbn-arxiv-neighbor-cpu-32-20-2-256-10-1024-[10]-None-1000.pkl"",""0.5334238409996033"""
"gcn-ogbn-arxiv-fastgcn-cpu-32-20-2-256-10-1024-[10, 10]-[9000]-1000,""finished"",""-"","""","""",""2024-01-09T17:36:14.000Z"",""153"","""",""2"",""gcn"",""1024"",""1000"",""ogbn-arxiv"",""20"",""[10,10]"",""256"",""2"",""cpu"",""10"",""32"",""0.4498693645000458"",""fastgcn"",""[9000]"",""0.11829256266355516"",""0.23048524372279644"",""147.92952213808894"",""2.750053659081459"",""2.915823711438126"",""144.27105118893087"",""[2313.73,16.72,0,0.04,0]"",""0.1509491819888353"",""[5165153224,29681871924,29692489233,0]"",""[89316005.18,2343.23,11442070.37,379909237.98,3533.63,0,4761.26,601065.85,0,0]"",""7.213166365493089"",""781.890625"",""[819871744,7967244288,201502720,2838528,0,3347668992,0,803233792,806719488,0]"",""0.11829256266355516"",""2024-01-09-18-36-15-gcn-ogbn-arxiv-fastgcn-cpu-32-20-2-256-10-1024-[10, 10]-[9000]-1000.pkl"",""0.4498693645000458"""
"gcn-ogbn-arxiv-ladies-cpu-32-20-2-256-10-1024-[10, 10]-[9000]-1000,""finished"",""-"","""","""",""2024-01-09T17:24:27.000Z"",""133"","""",""2"",""gcn"",""1024"",""1000"",""ogbn-arxiv"",""20"",""[10,10]"",""256"",""2"",""cpu"",""10"",""32"",""0.5353784561157227"",""ladies"",""[9000]"",""0.5493472814559937"",""0.2197697106748819"",""129.68558966368437"",""2.4784977473318577"",""1.6634478502059251"",""126.28228772617877"",""[2132.17,11.31,0,0.04,0]"",""0.17630508914589882"",""[5162271529,29677603133,29688480412,0]"",""[89305190.54,2343.23,11441976.73,379897086.37,3533.13,0,4760.84,600974.13,0,0]"",""6.313724839314818"",""816.97265625"",""[856657920,8004427776,201920512,2838528,0,3384729600,0,840663040,844168192,0]"",""0.5493472814559937"",""2024-01-09-18-24-28-gcn-ogbn-arxiv-ladies-cpu-32-20-2-256-10-1024-[10, 10]-[9000]-1000.pkl"",""0.5353784561157227"""
"gcn-ogbn-arxiv-cluster-cpu-32-20-2-256-10000-1024-[10, 10]-None-1000,""finished"",""-"","""","""",""2024-01-09T17:20:15.000Z"",""41"","""",""2"",""gcn"",""1024"",""1000"",""ogbn-arxiv"",""20"",""[10,10]"",""256"",""2"",""cpu"",""10000"",""32"",""0.5165524482727051"",""cluster"","""",""0.4965720474720001"",""0.20059724524617195"",""37.401319075375795"",""2.19362379796803"",""2.022428262233734"",""28.69506673514843"",""[731.99,15.53,0,0.05,0]"",""5.623551124706864"",""[5161115174,29675568568,29686661023,0]"",""[89300100.77,2343.23,11441748.22,379891399.77,3532.95,0,4760.61,600940.55,0,0]"",""1.4343479043804108"",""1004.2109375"",""[1052991488,8164761600,202088448,2838528,0,3590975488,0,1036369920,1039879168,0]"",""0.4965720474720001"",""2024-01-09-18-20-15-gcn-ogbn-arxiv-cluster-cpu-32-20-2-256-10000-1024-[10, 10]-None-1000.pkl"",""0.5165524482727051"""
"gcn-ogbn-arxiv-saint-cpu-32-20-2-256-10-1024-[10, 10]-None-18000,""finished"",""-"","""","""",""2024-01-09T16:54:29.000Z"",""179"","""",""2"",""gcn"",""1024"",""18000"",""ogbn-arxiv"",""20"",""[10,10]"",""256"",""2"",""cpu"",""10"",""32"",""0.5373536348342896"",""saint"","""",""0.6177687644958496"",""0.24711096100509167"",""174.1938458364457"",""2.188953422009945"",""1.3788928275697687"",""171.2063760124147"",""[4452.28,42.66,0.01,0.03,0]"",""0.001647353172302246"",""[5155621983,29663953695,29676415858,0]"",""[89268529.62,2343.23,11440341.82,379879456.69,3532.67,0,4760.01,600766.2,0,0]"",""8.559945315495133"",""1018.89453125"",""[1068388352,8188895232,201015296,2838528,0,3606011904,0,1052938240,1056379904,0]"",""0.6177687644958496"",""2024-01-09-17-54-29-gcn-ogbn-arxiv-saint-cpu-32-20-2-256-10-1024-[10, 10]-None-18000.pkl"",""0.5373536348342896"""
"gcn-ogbn-arxiv-shadow-cpu-32-20-2-256-10-1024-[10]-None-1000,""finished"",""-"","""","""",""2024-01-09T16:33:29.000Z"",""159"","""",""2"",""gcn"",""1024"",""1000"",""ogbn-arxiv"",""20"",""[10]"",""256"",""2"",""cpu"",""10"",""32"",""0.5265312790870667"",""shadow"","""",""0.6212563514709473"",""0.1871639396995306"",""154.29298963584006"",""2.513287339359522"",""1.4624885628732402"",""151.06538466736674"",""[4116.19,46.55,0,0.04,0]"",""0.001634344458580017"",""[5150949347,29653518746,29666712577,0]"",""[89236963.88,2343.23,11439965.04,379870561.25,3532.39,0,4759.23,600612.71,0,0]"",""7.5528856560587885"",""908.40625"",""[952532992,8077574144,200105984,2838528,0,3488862208,0,936812544,940288000,0]"",""0.6212563514709473"",""2024-01-09-17-33-29-gcn-ogbn-arxiv-shadow-cpu-32-20-2-256-10-1024-[10]-None-1000.pkl"",""0.5265312790870667"""
"gcn-ogbn-arxiv-labor-cpu-32-20-2-256-10-1024-[10]-None-1000,""finished"",""-"","""","""",""2024-01-09T16:25:02.000Z"",""74"","""",""2"",""gcn"",""1024"",""1000"",""ogbn-arxiv"",""20"",""[10]"",""256"",""2"",""cpu"",""10"",""32"",""0.5251527428627014"",""labor"","""",""0.5974025726318359"",""0.3098218832165003"",""71.64854222908616"",""2.2309925761073828"",""1.3781693021902877"",""68.56872572749853"",""[1770.14,28.89,0,0.04,0]"",""0.003436753526329994"",""[5148691161,29648989615,29662693947,0]"",""[89223745.47,2343.23,11439781.51,379865168.66,3532.18,0,4758.88,600531.5,0,0]"",""3.4280549715273083"",""807.9140625"",""[847159296,7991001088,200970240,2838528,0,3381362688,0,830439424,833805312,0]"",""0.5974025726318359"",""2024-01-09-17-25-02-gcn-ogbn-arxiv-labor-cpu-32-20-2-256-10-1024-[10]-None-1000.pkl"",""0.5251527428627014"""
"gcn-ogbn-arxiv-neighbor-cpu-32-20-2-256-10-1024-[10]-None-1000,""finished"",""-"","""","""",""2024-01-09T16:16:50.000Z"",""74"","""",""2"",""gcn"",""1024"",""1000"",""ogbn-arxiv"",""20"",""[10]"",""256"",""2"",""cpu"",""10"",""32"",""0.5310165882110596"",""neighbor"","""",""0.6003557443618774"",""0.2506344672292471"",""68.94663885608315"",""2.3926965687423944"",""1.3679450710168046"",""65.22254252433777"",""[1984.56,30.54,0,0.04,0]"",""0.001761334016919136"",""[5146331652,29644672579,29659107666,0]"",""[89211837.87,2343.23,11439565.52,379861538.59,3532,0,4758.58,600473.18,0,0]"",""3.260756987053901"",""773.75390625"",""[811339776,7953096704,199974912,2838528,0,3347124224,0,795971584,799325184,0]"",""0.6003557443618774"",""2024-01-09-17-16-51-gcn-ogbn-arxiv-neighbor-cpu-32-20-2-256-10-1024-[10]-None-1000.pkl"",""0.5310165882110596"""
"gcn-ogbn-arxiv-fastgcn-cpu-32-20-2-256-10-1024-[10, 10]-[9000]-1000,""finished"",""-"","""","""",""2024-01-09T15:58:19.000Z"",""156"","""",""1"",""gcn"",""1024"",""1000"",""ogbn-arxiv"",""20"",""[10,10]"",""256"",""2"",""cpu"",""10"",""32"",""0.4636339247226715"",""fastgcn"",""[9000]"",""0.11909795552492142"",""0.1980824563652277"",""150.47771705314517"",""3.08947828784585"",""2.9154224877946833"",""146.53251033835113"",""[2365.17,15.57,0,0.04,0]"",""0.13291640020906925"",""[5139239812,29626223884,29648459753,0]"",""[89195940.12,2343.23,11439244.05,379844955.55,3531.43,0,4746.18,600337.46,0,0]"",""7.326170717179775"",""791.52734375"",""[829976576,7975501824,201687040,2838528,0,3367550976,0,814637056,818002944,0]"",""0.11909795552492142"",""2024-01-09-16-58-19-gcn-ogbn-arxiv-fastgcn-cpu-32-20-2-256-10-1024-[10, 10]-[9000]-1000.pkl"",""0.4636339247226715"""
"gcn-ogbn-arxiv-ladies-cpu-32-20-2-256-10-1024-[10, 10]-[9000]-1000,""finished"",""-"","""","""",""2024-01-09T15:46:41.000Z"",""131"","""",""1"",""gcn"",""1024"",""1000"",""ogbn-arxiv"",""20"",""[10,10]"",""256"",""2"",""cpu"",""10"",""32"",""0.5377857089042664"",""ladies"",""[9000]"",""0.5484747886657715"",""0.19104022160172465"",""127.51284816116096"",""2.2655774261802435"",""1.6555906360069017"",""124.36433956772088"",""[2064.99,11.29,0,0.04,0]"",""0.17776330187916756"",""[5136519614,29622109997,29644531578,0]"",""[89185366.85,2343.23,11439163.17,379832675.12,3531.14,0,4745.89,600261.17,0,0]"",""6.217828078940511"",""831.09375"",""[871464960,8018513920,202113024,2838528,0,3398811648,0,855027712,858404864,0]"",""0.5484747886657715"",""2024-01-09-16-46-42-gcn-ogbn-arxiv-ladies-cpu-32-20-2-256-10-1024-[10, 10]-[9000]-1000.pkl"",""0.5377857089042664"""
"gcn-ogbn-arxiv-cluster-cpu-32-20-2-256-10000-1024-[10, 10]-None-1000,""finished"",""-"","""","""",""2024-01-09T15:42:28.000Z"",""44"","""",""1"",""gcn"",""1024"",""1000"",""ogbn-arxiv"",""20"",""[10,10]"",""256"",""2"",""cpu"",""10000"",""32"",""0.5178075432777405"",""cluster"","""",""0.4966606199741363"",""0.40770507231354713"",""39.0423855278641"",""2.3368377089500427"",""2.0252743482589723"",""29.953942332416773"",""[759.76,16.76,0,0.04,0]"",""5.675851982086897"",""[5135384798,29620093224,29642703513,0]"",""[89180344.31,2343.23,11438928.43,379827020.16,3530.99,0,4745.71,600230.96,0,0]"",""1.4973225281573832"",""1007.75"",""[1056702464,8169820160,201650176,2838528,0,3596005376,0,1041010688,1044296704,0]"",""0.4966606199741363"",""2024-01-09-16-42-28-gcn-ogbn-arxiv-cluster-cpu-32-20-2-256-10000-1024-[10, 10]-None-1000.pkl"",""0.5178075432777405"""
"gcn-ogbn-arxiv-saint-cpu-32-20-2-256-10-1024-[10, 10]-None-18000,""finished"",""-"","""","""",""2024-01-09T15:16:03.000Z"",""183"","""",""1"",""gcn"",""1024"",""18000"",""ogbn-arxiv"",""20"",""[10,10]"",""256"",""2"",""cpu"",""10"",""32"",""0.5365101099014282"",""saint"","""",""0.6162571907043457"",""0.21632062271237373"",""178.8504113033414"",""2.23699882440269"",""1.3822868312342782"",""175.8788959737867"",""[4570,57.95,0,0.04,0]"",""0.00371544249355793"",""[5129420328,29608033634,29632184844,0]"",""[89148003.29,2343.23,11437523.05,379814663.35,3530.63,0,4745.24,600048.66,0,0]"",""8.79357473347336"",""1055.51953125"",""[1106792448,8223887360,200376320,2838528,0,3648016384,0,1091641344,1094912000,0]"",""0.6162571907043457"",""2024-01-09-16-16-03-gcn-ogbn-arxiv-saint-cpu-32-20-2-256-10-1024-[10, 10]-None-18000.pkl"",""0.5365101099014282"""
"gcn-ogbn-arxiv-shadow-cpu-32-20-2-256-10-1024-[10]-None-1000,""finished"",""-"","""","""",""2024-01-09T14:54:21.000Z"",""150"","""",""1"",""gcn"",""1024"",""1000"",""ogbn-arxiv"",""20"",""[10]"",""256"",""2"",""cpu"",""10"",""32"",""0.5301936268806458"",""shadow"","""",""0.6220085024833679"",""0.20996697805821896"",""144.2420966103673"",""2.197560528293252"",""1.463616802451316"",""141.29611283540726"",""[3850.88,55.17,0,0.05,0]"",""0.001681007444858551"",""[5124226635,29597003414,29622035138,0]"",""[89115176.88,2343.23,11437111.39,379805325.82,3530.38,0,4744.84,599874.22,0,0]"",""7.064433466829359"",""995.15625"",""[1043496960,8167243776,200425472,2838528,0,3580092416,0,1028374528,1031665664,0]"",""0.6220085024833679"",""2024-01-09-15-54-22-gcn-ogbn-arxiv-shadow-cpu-32-20-2-256-10-1024-[10]-None-1000.pkl"",""0.5301936268806458"""
"gcn-ogbn-arxiv-labor-cpu-32-20-2-256-10-1024-[10]-None-1000,""finished"",""-"","""","""",""2024-01-09T14:45:44.000Z"",""79"","""",""1"",""gcn"",""1024"",""1000"",""ogbn-arxiv"",""20"",""[10]"",""256"",""2"",""cpu"",""10"",""32"",""0.5222105383872986"",""labor"","""",""0.5954897999763489"",""0.19489767588675025"",""73.93696057610214"",""2.651704389601946"",""1.3758184092768122"",""70.56875226087868"",""[1834.4,32.46,0,0.04,0]"",""0.002015748992562294"",""[5122216058,29592544279,29618109687,0]"",""[89102004.3,2343.23,11436896.65,379799969.71,3530.03,0,4744.61,599804.91,0,0]"",""3.5280693640001117"",""776.125"",""[813826048,7958343680,200601600,2838528,0,3348594688,0,797597696,800891904,0]"",""0.5954897999763489"",""2024-01-09-15-45-44-gcn-ogbn-arxiv-labor-cpu-32-20-2-256-10-1024-[10]-None-1000.pkl"",""0.5222105383872986"""
"gcn-ogbn-arxiv-neighbor-cpu-32-20-2-256-10-1024-[10]-None-1000,""finished"",""-"","""","""",""2024-01-09T14:37:28.000Z"",""77"","""",""1"",""gcn"",""1024"",""1000"",""ogbn-arxiv"",""20"",""[10]"",""256"",""2"",""cpu"",""10"",""32"",""0.532662570476532"",""neighbor"","""",""0.5983086824417114"",""0.730459600687027"",""72.2249029558152"",""3.193656152114272"",""1.3733204254943334"",""67.77338995598257"",""[2086.39,33.75,0,0.04,0]"",""0.001694047823548317"",""[5119851240,29588204919,29614494550,0]"",""[89089985.01,2343.23,11436693.27,379796373.88,3529.92,0,4744.34,599745.75,0,0]"",""3.3883087125606837"",""817.8203125"",""[857546752,8000843776,200634368,2838528,0,3392933888,0,841666560,844989440,0]"",""0.5983086824417114"",""2024-01-09-15-37-29-gcn-ogbn-arxiv-neighbor-cpu-32-20-2-256-10-1024-[10]-None-1000.pkl"",""0.532662570476532"""
"gcn-ogbn-arxiv-fastgcn-cpu-32-20-5-256-10-1024-[20000]-1000,""finished"",""-"","""","""",""2023-06-24T14:13:00.000Z"",""858"","""",""3"",""gcn"",""1024"",""1000"",""ogbn-arxiv"",""20"",""[20000]"",""256"",""5"",""cpu"",""10"",""32"",""0.3583112061023712"",""fastgcn"","""",""0.14235377311706543"",""0.1871592430397868"",""854.3181510150898"",""6.126785784959793"",""2.8957958516110196"",""847.3243259079754"",""[16640.34,380.19,0,0.04,0]"",""0.1285158428363502"",""[1208770903,3381231116,2899413418,0]"",""[7797505.94,627.9,867146,38812981.21,1526.32,0,1218.31,45269.16,0,0]"",""42.36621454807464"",""3773.265625"",""[3956555776,23517675520,201633792,2854912,0,6519537664,0,3940757504,3944095744,0]"","""","""","""""
"gcn-ogbn-arxiv-ladies-cpu-32-20-5-256-10-1024-[20000]-1000,""finished"",""-"","""","""",""2023-06-24T14:04:24.000Z"",""509"","""",""3"",""gcn"",""1024"",""1000"",""ogbn-arxiv"",""20"",""[20000]"",""256"",""5"",""cpu"",""10"",""32"",""0.32226404547691345"",""ladies"","""",""0.5404543876647949"",""0.2302960068918765"",""505.2013604831882"",""5.241245159180835"",""1.824240616198336"",""499.0776007769164"",""[9089.04,96.66,0,0.05,0]"",""0.12558615091256797"",""[1202687039,3367898719,2890579197,0]"",""[7780922.19,627.9,866755.16,38802376.57,1525.92,0,1212.56,45157.96,0,0]"",""24.953878546506168"",""918.96484375"",""[963604480,8123305984,201760768,2854912,0,3513327616,0,948469760,951760896,0]"","""","""","""""
"gcn-ogbn-arxiv-fastgcn-cpu-32-20-5-256-10-1024-[20000]-1000,""finished"",""-"","""","""",""2023-06-24T13:50:18.000Z"",""839"","""",""2"",""gcn"",""1024"",""1000"",""ogbn-arxiv"",""20"",""[20000]"",""256"",""5"",""cpu"",""10"",""32"",""0.3312346935272217"",""fastgcn"","""",""0.14034028351306915"",""0.20802876609377563"",""836.7386507380288"",""6.456254420103505"",""2.8989440162530107"",""829.409911795985"",""[16151.68,345.44,0,0.04,0]"",""0.12390883290208876"",""[1199980321,3361445558,2885973818,0]"",""[7771855.11,627.9,866652.73,38795109.38,1525.76,0,1208.33,45095.04,0,0]"",""41.470492522139104"",""3762.3828125"",""[3945144320,23492739072,201916416,2854912,0,6506541056,0,3929817088,3933079552,0]"","""","""","""""
"gcn-ogbn-arxiv-ladies-cpu-32-20-5-256-10-1024-[20000]-1000,""finished"",""-"","""","""",""2023-06-24T13:41:40.000Z"",""510"","""",""2"",""gcn"",""1024"",""1000"",""ogbn-arxiv"",""20"",""[20000]"",""256"",""5"",""cpu"",""10"",""32"",""0.38300105929374695"",""ladies"","""",""0.529380202293396"",""0.3468850930221379"",""505.5143027140293"",""5.138110603904352"",""1.8238110073496787"",""499.3695380599238"",""[9132.38,106.25,0,0.04,0]"",""0.12238160404376686"",""[1193918528,3348311202,2877283981,0]"",""[7755777.35,627.9,866296.77,38784534.23,1525.48,0,1202.52,44987.14,0,0]"",""24.96847522543976"",""905.99609375"",""[950005760,8109481984,202031104,2854912,0,3499786240,0,934924288,938171392,0]"","""","""","""""
"gcn-ogbn-arxiv-fastgcn-cpu-32-20-5-256-10-1024-[20000]-1000,""finished"",""-"","""","""",""2023-06-24T13:27:15.000Z"",""857"","""",""1"",""gcn"",""1024"",""1000"",""ogbn-arxiv"",""20"",""[20000]"",""256"",""5"",""cpu"",""10"",""32"",""0.26195913553237915"",""fastgcn"","""",""0.14070941507816315"",""0.1591760099399835"",""854.5204888260923"",""5.9824363249354064"",""2.8988178231742943"",""847.7162538191769"",""[16639.63,375.06,0,0.04,0]"",""0.12524991296231747"",""[1191279659,3341879093,2872676622,0]"",""[7746664.99,627.9,866184.53,38777257.26,1525.22,0,1197.23,44928.09,0,0]"",""42.38581095905975"",""3821.51953125"",""[4007153664,23553826816,201388032,2854912,0,6564704256,0,3991896064,3995203584,0]"","""","""","""""
"gcn-ogbn-arxiv-ladies-cpu-32-20-5-256-10-1024-[20000]-1000,""finished"",""-"","""","""",""2023-06-24T13:18:44.000Z"",""501"","""",""1"",""gcn"",""1024"",""1000"",""ogbn-arxiv"",""20"",""[20000]"",""256"",""5"",""cpu"",""10"",""32"",""0.33831244707107544"",""ladies"","""",""0.5300513505935669"",""0.191746287047863"",""497.63228404708207"",""5.520797963952646"",""1.827571426884512"",""491.25618631904945"",""[8895.2,89.15,0,0.03,0]"",""0.1375945028848946"",""[1184949663,3328461701,2863779080,0]"",""[7730107.58,627.9,865799.01,38766564.34,1524.92,0,1191.18,44801.05,0,0]"",""24.56280764535768"",""912.30078125"",""[956616704,8116375552,201179136,2854912,0,3506507776,0,940679168,943934464,0]"","""","""","""""
"gcn-ogbn-arxiv-fastgcn-cpu-32-20-4-256-10-1024-[21250]-1000,""finished"",""-"","""","""",""2023-06-24T08:37:00.000Z"",""610"","""",""3"",""gcn"",""1024"",""1000"",""ogbn-arxiv"",""20"",""[21250]"",""256"",""4"",""cpu"",""10"",""32"",""0.32477420568466187"",""fastgcn"","""",""0.1420181840658188"",""0.17061864701099694"",""606.3296061349101"",""5.8803251788485795"",""2.8404598852221885"",""599.6127101439051"",""[11076.18,272.12,0,0.04,0]"",""0.13641422195360065"",""[1135644917,3185700581,2748426650,0]"",""[7404932.7,627.9,804547.69,38617689.8,1521.12,0,1182.05,42499.99,0,0]"",""29.98063396884827"",""3131.85546875"",""[3283988480,23166705664,201826304,2854912,0,5860306944,0,3268165632,3271488512,0]"","""","""","""""
"gcn-ogbn-arxiv-ladies-cpu-32-20-4-256-10-1024-[21250]-1000,""finished"",""-"","""","""",""2023-06-24T08:30:18.000Z"",""395"","""",""3"",""gcn"",""1024"",""1000"",""ogbn-arxiv"",""20"",""[21250]"",""256"",""4"",""cpu"",""10"",""32"",""0.44809991121292114"",""ladies"","""",""0.5461257100105286"",""0.18697698484174907"",""391.86666585784405"",""4.996867073932663"",""1.7514898254630271"",""386.0280185290612"",""[7522.29,53.23,0,0.04,0]"",""0.1330286238808185"",""[1131123256,3175800247,2742136149,0]"",""[7393900.86,627.9,804267.53,38609336.74,1520.88,0,1177.28,42423.77,0,0]"",""19.301399402238893"",""874.9140625"",""[917413888,8080900096,201105408,2854912,0,3466690560,0,901558272,904907776,0]"","""","""","""""
"gcn-ogbn-arxiv-fastgcn-cpu-32-20-4-256-10-1024-[21250]-1000,""finished"",""-"","""","""",""2023-06-24T08:20:08.000Z"",""601"","""",""2"",""gcn"",""1024"",""1000"",""ogbn-arxiv"",""20"",""[21250]"",""256"",""4"",""cpu"",""10"",""32"",""0.33600807189941406"",""fastgcn"","""",""0.14403167366981506"",""0.33204966387711465"",""598.5640855489764"",""5.743086933158338"",""2.840163249648019"",""591.8242006748915"",""[11021.16,213.12,0,0.04,0]"",""0.13723634788766503"",""[1129031104,3170907165,2738854050,0]"",""[7386407.78,627.9,804210.13,38604050.19,1520.62,0,1168.56,42362.97,0,0]"",""29.591208217537496"",""3161.54296875"",""[3315118080,23212965888,201687040,2854912,0,5893935104,0,3298525184,3301880832,0]"","""","""","""""
"gcn-ogbn-arxiv-ladies-cpu-32-20-4-256-10-1024-[21250]-1000,""finished"",""-"","""","""",""2023-06-24T08:13:34.000Z"",""387"","""",""2"",""gcn"",""1024"",""1000"",""ogbn-arxiv"",""20"",""[21250]"",""256"",""4"",""cpu"",""10"",""32"",""0.4293356239795685"",""ladies"","""",""0.5471324324607849"",""0.281769264023751"",""384.2824082330335"",""5.0202433741651475"",""1.7514469918240323"",""378.32593409810215"",""[7370.08,55.01,0,0.04,0]"",""0.12158128013834356"",""[1124552447,3161047038,2732584976,0]"",""[7375422.27,627.9,803988.66,38595852.55,1520.41,0,1163.9,42285.39,0,0]"",""18.916295174439437"",""889.8515625"",""[933076992,8095531008,201019392,2854912,0,3481432064,0,916480000,919808000,0]"","""","""","""""
"gcn-ogbn-arxiv-fastgcn-cpu-32-20-4-256-10-1024-[21250]-1000,""finished"",""-"","""","""",""2023-06-24T08:03:04.000Z"",""623"","""",""1"",""gcn"",""1024"",""1000"",""ogbn-arxiv"",""20"",""[21250]"",""256"",""4"",""cpu"",""10"",""32"",""0.3466864228248596"",""fastgcn"","""",""0.1472868174314499"",""0.16592289903201163"",""619.7379230519291"",""5.780074052046984"",""2.8405494555998385"",""613.1266377631109"",""[11503.2,249.1,0,0.04,0]"",""0.12387251621112227"",""[1122641457,3156225333,2729391237,0]"",""[7368071.75,627.9,803929.45,38590664.25,1520.1,0,1155.29,42241.01,0,0]"",""30.65633022194961"",""3182.56640625"",""[3337162752,23228116992,201789440,2854912,0,5898612736,0,3320180736,3323430912,0]"","""","""","""""
"gcn-ogbn-arxiv-ladies-cpu-32-20-4-256-10-1024-[21250]-1000,""finished"",""-"","""","""",""2023-06-24T07:56:37.000Z"",""379"","""",""1"",""gcn"",""1024"",""1000"",""ogbn-arxiv"",""20"",""[21250]"",""256"",""4"",""cpu"",""10"",""32"",""0.4425652623176574"",""ladies"","""",""0.542937695980072"",""0.1698520660866052"",""375.0082851259503"",""4.703629440162331"",""1.742653636450178"",""369.479634358082"",""[7073.4,60.79,0,0.05,0]"",""0.12626320589333773"",""[1117897222,3146050237,2722878461,0]"",""[7356607.44,627.9,803671.24,38582268.06,1519.89,0,1150.08,42147.24,0,0]"",""18.47398012907943"",""878.2265625"",""[920887296,8084066304,200990720,2854912,0,3470319616,0,905105408,908302336,0]"","""","""","""""
"gcn-ogbn-arxiv-fastgcn-cpu-32-20-3-256-10-1024-[15000]-1000,""finished"",""-"","""","""",""2023-06-24T07:51:01.000Z"",""329"","""",""3"",""gcn"",""1024"",""1000"",""ogbn-arxiv"",""20"",""[15000]"",""256"",""3"",""cpu"",""10"",""32"",""0.40954262018203735"",""fastgcn"","""",""0.12708480656147003"",""0.20495824189856648"",""325.5972237109672"",""4.06078453687951"",""2.8690265323338884"",""320.6908660370391"",""[5539.48,135.25,0,0.04,0]"",""0.12535024783574045"",""[1115991256,3141388588,2719779032,0]"",""[7349552.16,627.9,803606,38577070.99,1519.71,0,1142.16,42101.99,0,0]"",""16.03454165130388"",""843.265625"",""[884228096,8022769664,201945088,2854912,0,3402739712,0,867799040,871049216,0]"","""","""","""""
"gcn-ogbn-arxiv-ladies-cpu-32-20-3-256-10-1024-[15000]-1000,""finished"",""-"","""","""",""2023-06-24T07:47:08.000Z"",""225"","""",""3"",""gcn"",""1024"",""1000"",""ogbn-arxiv"",""20"",""[15000]"",""256"",""3"",""cpu"",""10"",""32"",""0.5185070633888245"",""ladies"","""",""0.5510252118110657"",""0.1806324878707528"",""220.27062957710584"",""3.783868669066578"",""1.6765589004152277"",""215.6496570529416"",""[3826.64,22.57,0,0.04,0]"",""0.12448453297838569"",""[1113610946,3135266996,2716305512,0]"",""[7344022.8,627.9,803464.41,38571962.58,1519.54,0,1139.95,42060.22,0,0]"",""10.782481277454645"",""827.23046875"",""[867414016,8008921088,201867264,2854912,0,3392544768,0,850845696,854136832,0]"","""","""","""""
"gcn-ogbn-arxiv-fastgcn-cpu-32-20-3-256-10-1024-[15000]-1000,""finished"",""-"","""","""",""2023-06-24T07:41:32.000Z"",""329"","""",""2"",""gcn"",""1024"",""1000"",""ogbn-arxiv"",""20"",""[15000]"",""256"",""3"",""cpu"",""10"",""32"",""0.3979795575141907"",""fastgcn"","""",""0.12708480656147003"",""0.19082073704339564"",""325.01106538809836"",""3.815912168007344"",""2.867211727613814"",""320.35951109416783"",""[5539.29,146.71,0,0.04,0]"",""0.1222494358662516"",""[1112705131,3133583264,2714935158,0]"",""[7340210.34,627.9,803438.45,38568416.7,1519.46,0,1138.38,42035.56,0,0]"",""16.017973928083666"",""948.85546875"",""[994947072,8136323072,201388032,2854912,0,3516157952,0,978812928,982083584,0]"","""","""","""""
"gcn-ogbn-arxiv-ladies-cpu-32-20-3-256-10-1024-[15000]-1000,""finished"",""-"","""","""",""2023-06-24T07:37:46.000Z"",""219"","""",""2"",""gcn"",""1024"",""1000"",""ogbn-arxiv"",""20"",""[15000]"",""256"",""3"",""cpu"",""10"",""32"",""0.5159352421760559"",""ladies"","""",""0.5500855445861816"",""0.299264244036749"",""216.0850210909266"",""4.089213076047599"",""1.672244949287243"",""211.04382879496552"",""[3684.54,20.17,0,0.05,0]"",""0.1282920208759606"",""[1110348165,3127470013,2711459555,0]"",""[7334687.04,627.9,803285.29,38563411.78,1519.3,0,1135.91,41993.93,0,0]"",""10.552189142955466"",""848.53125"",""[889749504,8033710080,201310208,2854912,0,3417804800,0,874450944,877739008,0]"","""","""","""""
"gcn-ogbn-arxiv-fastgcn-cpu-32-20-3-256-10-1024-[15000]-1000,""finished"",""-"","""","""",""2023-06-24T07:32:03.000Z"",""335"","""",""1"",""gcn"",""1024"",""1000"",""ogbn-arxiv"",""20"",""[15000]"",""256"",""3"",""cpu"",""10"",""32"",""0.38380345702171326"",""fastgcn"","""",""0.12929964065551758"",""0.5172908790409565"",""332.016002177028"",""3.6660166380461305"",""2.867116167304222"",""327.1861180928536"",""[5770.05,106.45,0,0.04,0]"",""0.12174748093821108"",""[1109492542,3125846541,2710134956,0]"",""[7331009.75,627.9,803261.91,38559876.83,1519.23,0,1134.52,41970.77,0,0]"",""16.359304286830593"",""958.890625"",""[1005469696,8147972096,201400320,2854912,0,3528073216,0,991031296,994256896,0]"","""","""","""""
"gcn-ogbn-arxiv-ladies-cpu-32-20-3-256-10-1024-[15000]-1000,""finished"",""-"","""","""",""2023-06-24T07:28:13.000Z"",""223"","""",""1"",""gcn"",""1024"",""1000"",""ogbn-arxiv"",""20"",""[15000]"",""256"",""3"",""cpu"",""10"",""32"",""0.5179104208946228"",""ladies"","""",""0.5472666621208191"",""0.20578991691581905"",""218.5364555469714"",""3.9033546750433743"",""1.6760193471158489"",""213.77487936685793"",""[3734.98,23.5,0.01,0.04,0]"",""0.1290928008966148"",""[1106928101,3119598606,2706544142,0]"",""[7325269.15,627.9,803149.19,38554765.34,1518.95,0,1131.62,41914.73,0,0]"",""10.688742078247014"",""836.5625"",""[877199360,8019939328,201650176,2854912,0,3403403264,0,861614080,864893952,0]"","""","""","""""
"gcn-ogbn-arxiv-cluster-cpu-32-20-5-256-2500-1024-[10, 10]-1000,""finished"",""-"","""","""",""2023-06-10T03:07:11.000Z"",""95"","""",""3"",""gcn"",""1024"",""1000"",""ogbn-arxiv"",""20"",""[10,10]"",""256"",""5"",""cpu"",""2500"",""32"",""0.3409460186958313"",""cluster"","""",""0.3692387640476227"",""0.33324435297981836"",""91.08718260200112"",""5.012118646001909"",""2.5984597206115723"",""82.66753069098922"",""[2224.61,199.35,0,0.04,0]"",""2.553661977988668"",""[335848543,770508693,607748451,0]"",""[1833942.8,416.86,122573.87,5555455.79,151.01,0,195.43,10031.57,0,0]"",""4.133374782248575"",""1656.27734375"",""[1736732672,8896139264,201342976,2854912,0,4243644416,0,1721372672,1728364544,0]"","""","""","""""
"gcn-ogbn-arxiv-shadow-cpu-32-20-5-256-10-1024-[10]-1000,""finished"",""-"","""","""",""2023-06-10T02:31:35.000Z"",""2128"","""",""3"",""gcn"",""1024"",""1000"",""ogbn-arxiv"",""20"",""[10]"",""256"",""5"",""cpu"",""10"",""32"",""0.38341253995895386"",""shadow"","""",""0.6063091158866882"",""0.2678162599913776"",""2124.182650472998"",""5.30970845700358"",""1.569420172927085"",""2118.067777400982"",""[47843.09,8955.81,0,0.03,0]"",""0.0019738510018214583"",""[335576393,769686487,607051919,0]"",""[1831725.95,416.86,122372.76,5554617.44,150.97,0,195.4,10018.33,0,0]"",""105.90338739635044"",""1008.90625"",""[1057914880,8076128256,199426048,2854912,0,3594358784,0,1041854464,1048966144,0]"","""","""","""""
"gcn-ogbn-arxiv-labor-cpu-32-20-5-256-10-1024-[10]-1000,""finished"",""-"","""","""",""2023-06-10T02:20:25.000Z"",""663"","""",""3"",""gcn"",""1024"",""1000"",""ogbn-arxiv"",""20"",""[10]"",""256"",""5"",""cpu"",""10"",""32"",""0.2733575999736786"",""labor"","""",""0.5690124034881592"",""0.3405405509984121"",""659.1438993070042"",""5.162679414002923"",""1.524275786421272"",""653.1046581960109"",""[17238.51,458.11,0,0.04,0]"",""0.002232516009826213"",""[327244892,747191637,589989342,0]"",""[1784072.08,416.86,113448.74,5543154.58,150.54,0,195.13,9695.01,0,0]"",""32.65523121919832"",""1256.68359375"",""[1317728256,8378703872,199827456,2854912,0,3853107200,0,1301598208,1308598272,0]"","""","""","""""
"gcn-ogbn-arxiv-saint-cpu-32-20-5-256-10-1024-[10, 10]-100000,""finished"",""-"","""","""",""2023-06-10T01:37:24.000Z"",""2574"","""",""3"",""gcn"",""1024"",""100000"",""ogbn-arxiv"",""20"",""[10,10]"",""256"",""5"",""cpu"",""10"",""32"",""0.32072094082832336"",""saint"","""",""0.560123860836029"",""0.2991416360018775"",""2568.925830205"",""5.457017717009876"",""1.6930106543423085"",""2562.620753007999"",""[57803.7,10243.65,0,0.03,0]"",""0.0030924190068617463"",""[325636098,741698852,585047269,0]"",""[1766877.25,416.86,112988.29,5539390.52,150.44,0,195.02,9605.96,0,0]"",""128.1310362832024"",""1309.40234375"",""[1373007872,8437760000,200495104,2854912,0,3897098240,0,1357422592,1364405248,0]"","""","""","""""
"gcn-ogbn-arxiv-neighbor-cpu-32-20-5-256-10-1024-[10]-1000,""finished"",""-"","""","""",""2023-06-10T01:25:34.000Z"",""703"","""",""3"",""gcn"",""1024"",""1000"",""ogbn-arxiv"",""20"",""[10]"",""256"",""5"",""cpu"",""10"",""32"",""0.3288480043411255"",""neighbor"","""",""0.579281210899353"",""0.1493213170033414"",""700.3697781499941"",""5.153861290978966"",""1.523668305257733"",""694.5320671369846"",""[19859,509.67,0,0.04,0]"",""0.003785114007769153"",""[317748215,716614465,565154153,0]"",""[1709265.22,416.86,102774.55,5524980.54,149.93,0,194.5,9238.75,0,0]"",""34.72660160285159"",""1252.90625"",""[1313767424,8369958912,200069120,2854912,0,3849551872,0,1298284544,1305189376,0]"","""","""","""""
"gcn-ogbn-arxiv-cluster-cpu-32-20-5-256-2500-1024-[10, 10]-1000,""finished"",""-"","""","""",""2023-06-10T01:23:51.000Z"",""96"","""",""2"",""gcn"",""1024"",""1000"",""ogbn-arxiv"",""20"",""[10,10]"",""256"",""5"",""cpu"",""2500"",""32"",""0.3860872685909271"",""cluster"","""",""0.3868421018123626"",""0.4327552060130984"",""92.03730940501556"",""4.972987252025632"",""2.5919406414031982"",""83.46009545100969"",""[2230.19,209.53,0,0.03,0]"",""2.619025141990278"",""[315023439,709862426,559210353,0]"",""[1689460.56,416.86,102262.81,5522627.81,149.86,0,194.35,9125.88,0,0]"",""4.173003184994741"",""1637.61328125"",""[1717161984,8876957696,201220096,2854912,0,4224458752,0,1702404096,1709255680,0]"","""","""","""""
"gcn-ogbn-arxiv-shadow-cpu-32-20-5-256-10-1024-[10]-1000,""finished"",""-"","""","""",""2023-06-10T00:48:14.000Z"",""2129"","""",""2"",""gcn"",""1024"",""1000"",""ogbn-arxiv"",""20"",""[10]"",""256"",""5"",""cpu"",""10"",""32"",""0.35355842113494873"",""shadow"","""",""0.6080443859100342"",""0.39226988298469223"",""2125.947409514978"",""5.226701787993079"",""1.568342965640379"",""2119.782360142999"",""[48138.48,8660.24,0,0.04,0]"",""0.001922678988194093"",""[314742050,709030517,558509080,0]"",""[1687238.26,416.86,102051.51,5521772.87,149.81,0,194.24,9111.2,0,0]"",""105.98911659474834"",""965.328125"",""[1012219904,8086216704,200384512,2854912,0,3536842752,0,996601856,1003588608,0]"","""","""","""""
"gcn-ogbn-arxiv-labor-cpu-32-20-5-256-10-1024-[10]-1000,""finished"",""-"","""","""",""2023-06-10T00:37:03.000Z"",""663"","""",""2"",""gcn"",""1024"",""1000"",""ogbn-arxiv"",""20"",""[10]"",""256"",""5"",""cpu"",""10"",""32"",""0.23008868098258972"",""labor"","""",""0.5751199722290039"",""0.38493955798912793"",""660.559771522996"",""5.316988561011385"",""1.5193715189280137"",""654.3263916870055"",""[17283.71,502.95,0,0.04,0]"",""0.0023465249978471547"",""[306099158,686389555,541589208,0]"",""[1639296.9,405.25,93420.36,5510273.4,149.38,0,193.73,8803.78,0,0]"",""32.716318001801845"",""1327.84375"",""[1392345088,8453967872,200232960,2854912,0,3927920640,0,1377218560,1384121344,0]"","""","""","""""
"gcn-ogbn-arxiv-saint-cpu-32-20-5-256-10-1024-[10, 10]-100000,""finished"",""-"","""","""",""2023-06-09T23:54:17.000Z"",""2558"","""",""2"",""gcn"",""1024"",""100000"",""ogbn-arxiv"",""20"",""[10,10]"",""256"",""5"",""cpu"",""10"",""32"",""0.3446700870990753"",""saint"","""",""0.5624166131019592"",""0.24104054100462236"",""2554.1209054799983"",""5.191176471998915"",""1.692909819356511"",""2548.157282439992"",""[59144.92,9074.73,0.01,0.03,0]"",""0.002078951016301289"",""[304475024,680824422,536537615,0]"",""[1622060.59,405.25,92915.19,5506578.62,149.18,0,193.53,8719.15,0,0]"",""127.40786274334825"",""1416.1953125"",""[1484988416,8494014464,199983104,2854912,0,4020883456,0,1469730816,1476605952,0]"","""","""","""""
"gcn-ogbn-arxiv-neighbor-cpu-32-20-5-256-10-1024-[10]-1000,""finished"",""-"","""","""",""2023-06-09T23:42:40.000Z"",""690"","""",""2"",""gcn"",""1024"",""1000"",""ogbn-arxiv"",""20"",""[10]"",""256"",""5"",""cpu"",""10"",""32"",""0.30127769708633423"",""neighbor"","""",""0.5760595798492432"",""0.19633987799170427"",""686.4393164550129"",""5.0992751870071515"",""1.522272929716646"",""680.6063164500229"",""[19470.48,540.36,0,0.04,0]"",""0.002128596999682486"",""[296087824,655771603,517120117,0]"",""[1563163.87,405.25,83874.01,5492813.62,148.83,0,193,8349.24,0,0]"",""34.03031412694982"",""1209.0078125"",""[1267736576,8324042752,200282112,2854912,0,3804016640,0,1252950016,1259912192,0]"","""","""","""""
"gcn-ogbn-arxiv-cluster-cpu-32-20-5-256-2500-1024-[10, 10]-1000,""finished"",""-"","""","""",""2023-06-09T23:40:57.000Z"",""96"","""",""1"",""gcn"",""1024"",""1000"",""ogbn-arxiv"",""20"",""[10,10]"",""256"",""5"",""cpu"",""2500"",""32"",""0.3381272852420807"",""cluster"","""",""0.37764772772789"",""0.4104922780243214"",""92.21972841600656"",""5.244924625993008"",""2.587233304977417"",""83.50638456601882"",""[2248.35,200.53,0.01,0.03,0]"",""2.5287639259768184"",""[293699306,649248667,511494227,0]"",""[1543734.48,405.25,83331.12,5490526.26,148.67,0,192.88,8257.15,0,0]"",""4.175317719345912"",""1368.57421875"",""[1435054080,8595742720,201097216,2854912,0,3943247872,0,1420886016,1427835904,0]"","""","""","""""
"gcn-ogbn-arxiv-shadow-cpu-32-20-5-256-10-1024-[10]-1000,""finished"",""-"","""","""",""2023-06-09T23:05:12.000Z"",""2138"","""",""1"",""gcn"",""1024"",""1000"",""ogbn-arxiv"",""20"",""[10]"",""256"",""5"",""cpu"",""10"",""32"",""0.4150361120700836"",""shadow"","""",""0.6134505271911621"",""0.3637534480076283"",""2133.0979118100076"",""6.021107356995344"",""1.5542135801208152"",""2126.176847122988"",""[48523.32,8678.59,0,0.03,0]"",""0.0019991260196547955"",""[293380652,648404117,510779898,0]"",""[1541494.95,405.25,83128.73,5489659.33,148.64,0,192.82,8241.52,0,0]"",""106.3088408477488"",""989.36328125"",""[1037422592,8063852544,199524352,2854912,0,3575304192,0,1023516672,1030433792,0]"","""","""","""""
"gcn-ogbn-arxiv-labor-cpu-32-20-5-256-10-1024-[10]-1000,""finished"",""-"","""","""",""2023-06-09T22:53:28.000Z"",""697"","""",""1"",""gcn"",""1024"",""1000"",""ogbn-arxiv"",""20"",""[10]"",""256"",""5"",""cpu"",""10"",""32"",""0.31864288449287415"",""labor"","""",""0.5798181295394897"",""0.42020837098243646"",""694.3900418379926"",""5.181652158003999"",""1.526529921574539"",""688.2610163829813"",""[18150.89,547.94,0,0.04,0]"",""0.0019285929738543928"",""[284763540,625629966,493883640,0]"",""[1493136.62,405.25,74476.01,5478341.7,148.32,0,192.4,7939.51,0,0]"",""34.41304916995286"",""1363.9375"",""[1430192128,8512274432,199802880,2854912,0,3960815616,0,1414975488,1421852672,0]"","""","""","""""
"gcn-ogbn-arxiv-saint-cpu-32-20-5-256-10-1024-[10, 10]-100000,""finished"",""-"","""","""",""2023-06-09T22:11:25.000Z"",""2515"","""",""1"",""gcn"",""1024"",""100000"",""ogbn-arxiv"",""20"",""[10,10]"",""256"",""5"",""cpu"",""10"",""32"",""0.3791741132736206"",""saint"","""",""0.5628072023391724"",""0.397088903002441"",""2511.8408962039975"",""5.138231613003882"",""1.6942724672596106"",""2505.752900869993"",""[58472.61,8830.87,0,0.04,0]"",""0.001824819017201662"",""[282714726,619603139,488550570,0]"",""[1475051.8,405.25,73926.69,5474476.43,148.18,0,192.27,7828.34,0,0]"",""125.28764303179923"",""1419.15234375"",""[1488089088,8497139712,199766016,2854912,0,4024373248,0,1473191936,1480164352,0]"","""","""","""""
"gcn-ogbn-arxiv-neighbor-cpu-32-20-5-256-10-1024-[10]-1000,""finished"",""-"","""","""",""2023-06-09T21:59:18.000Z"",""719"","""",""1"",""gcn"",""1024"",""1000"",""ogbn-arxiv"",""20"",""[10]"",""256"",""5"",""cpu"",""10"",""32"",""0.2963603138923645"",""neighbor"","""",""0.5770999193191528"",""0.1839489649864845"",""715.6407638360106"",""5.133267369994428"",""1.5241630157727877"",""709.7831597210024"",""[20256.72,537.51,0,0.04,0]"",""0.0033522149897180498"",""[274793000,595184429,469194960,0]"",""[1416774.4,405.25,65120.7,5461114.94,147.75,0,191.87,7475.82,0,0]"",""35.4891560405973"",""1355.23046875"",""[1421062144,8477560832,200019968,2854912,0,3957448704,0,1406308352,1413204992,0]"","""","""","""""
"gcn-ogbn-arxiv-cluster-cpu-32-20-4-256-3500-1024-[10, 10]-1000,""finished"",""-"","""","""",""2023-06-09T21:57:55.000Z"",""76"","""",""3"",""gcn"",""1024"",""1000"",""ogbn-arxiv"",""20"",""[10,10]"",""256"",""4"",""cpu"",""3500"",""32"",""0.3913338780403137"",""cluster"","""",""0.4181040823459625"",""0.4029569099948276"",""72.44018679799046"",""4.382314024987863"",""2.3619304299354553"",""64.4178041839914"",""[1731.73,171.77,0,0.04,0]"",""2.706711314007407"",""[272081539,588321856,463339375,0]"",""[1396586.93,405.09,64581.1,5458691.63,147.65,0,191.71,7362.41,0,0]"",""3.220888600999024"",""1223.1015625"",""[1282514944,8422899712,201392128,2854912,0,3796303872,0,1268682752,1275572224,0]"","""","""","""""
"gcn-ogbn-arxiv-shadow-cpu-32-20-4-256-10-1024-[10]-1000,""finished"",""-"","""","""",""2023-06-09T21:36:57.000Z"",""1250"","""",""3"",""gcn"",""1024"",""1000"",""ogbn-arxiv"",""20"",""[10]"",""256"",""4"",""cpu"",""10"",""32"",""0.4670905172824859"",""shadow"","""",""0.6244603991508484"",""0.1624739450053312"",""1246.5359619559897"",""4.3328866609954275"",""1.4698253843221771"",""1241.4854602960113"",""[28710.23,5269.47,0,0.04,0]"",""0.0018316170026082543"",""[271833161,587615443,462759732,0]"",""[1394856.02,405.09,64407.02,5457928.41,147.63,0,191.67,7353.29,0,0]"",""62.07427157714701"",""953.0703125"",""[999366656,8053145600,200544256,2854912,0,3534585856,0,983920640,990817280,0]"","""","""","""""
"gcn-ogbn-arxiv-labor-cpu-32-20-4-256-10-1024-[10]-1000,""finished"",""-"","""","""",""2023-06-09T21:30:37.000Z"",""373"","""",""3"",""gcn"",""1024"",""1000"",""ogbn-arxiv"",""20"",""[10]"",""256"",""4"",""cpu"",""10"",""32"",""0.3820751905441284"",""labor"","""",""0.5816302299499512"",""0.41099436199874617"",""368.6309464499936"",""4.346676777000539"",""1.4513979159044417"",""363.3461583710159"",""[9751.77,109.88,0,0.04,0]"",""0.001994873979128897"",""[265906527,572990707,452439176,0]"",""[1366218.75,405.09,59148.14,5451680.5,147.36,0,191.44,7179.99,0,0]"",""18.167306234451825"",""1220.29296875"",""[1279569920,8376950784,200323072,2854912,0,3814678528,0,1263988736,1270878208,0]"","""","""","""""
"gcn-ogbn-arxiv-saint-cpu-32-20-4-256-10-1024-[10, 10]-85000,""finished"",""-"","""","""",""2023-06-09T21:01:03.000Z"",""1766"","""",""3"",""gcn"",""1024"",""85000"",""ogbn-arxiv"",""20"",""[10,10]"",""256"",""4"",""cpu"",""10"",""32"",""0.35816720128059387"",""saint"","""",""0.5856742262840271"",""0.18523502099560576"",""1762.7121193599887"",""4.464529302989831"",""1.5723059177398682"",""1757.5062512409932"",""[39481.76,6809.42,0,0.03,0]"",""0.0034222910180687904"",""[264851660,569961677,449735831,0]"",""[1356496.33,405.09,59035.43,5449403.95,147.27,0,191.36,7118.39,0,0]"",""87.87531115004967"",""1287.2578125"",""[1349787648,8375279616,199892992,2854912,0,3885977600,0,1334677504,1341665280,0]"","""","""","""""
"gcn-ogbn-arxiv-neighbor-cpu-32-20-4-256-10-1024-[10]-1000,""finished"",""-"","""","""",""2023-06-09T20:54:58.000Z"",""358"","""",""3"",""gcn"",""1024"",""1000"",""ogbn-arxiv"",""20"",""[10]"",""256"",""4"",""cpu"",""10"",""32"",""0.3904902935028076"",""neighbor"","""",""0.5838786363601685"",""0.18064534399309196"",""353.3833625840198"",""4.344645779026905"",""1.449577772215511"",""348.31570346001536"",""[10302.15,117.97,0,0.04,0]"",""0.003254642011597753"",""[258561499,552116730,436266911,0]"",""[1317172.79,405.09,52249.99,5438996.95,146.93,0,190.96,6862.14,0,0]"",""17.415783544747683"",""1182.03125"",""[1239449600,8331034624,200372224,2854912,0,3775746048,0,1224450048,1231579136,0]"","""","""","""""
"gcn-ogbn-arxiv-cluster-cpu-32-20-4-256-3500-1024-[10, 10]-1000,""finished"",""-"","""","""",""2023-06-09T20:53:36.000Z"",""76"","""",""2"",""gcn"",""1024"",""1000"",""ogbn-arxiv"",""20"",""[10,10]"",""256"",""4"",""cpu"",""3500"",""32"",""0.37370121479034424"",""cluster"","""",""0.42452892661094666"",""0.3810399350186344"",""71.6929490090115"",""4.100471818004735"",""2.3405036330223083"",""63.98300191300223"",""[1710.87,178.9,0,0.04,0]"",""2.6830134080082644"",""[257235543,548824167,433268319,0]"",""[1306892.27,405.09,52129.18,5437772.41,146.83,0,190.8,6813.64,0,0]"",""3.199148509047518"",""959.86328125"",""[1006489600,8145633280,201089024,2854912,0,3519041536,0,990547968,997649408,0]"","""","""","""""
"gcn-ogbn-arxiv-shadow-cpu-32-20-4-256-10-1024-[10]-1000,""finished"",""-"","""","""",""2023-06-09T20:32:11.000Z"",""1277"","""",""2"",""gcn"",""1024"",""1000"",""ogbn-arxiv"",""20"",""[10]"",""256"",""4"",""cpu"",""10"",""32"",""0.4154064655303955"",""shadow"","""",""0.6211738586425781"",""0.39301509800134227"",""1272.1768614120083"",""4.48828640699503"",""1.4719555150257069"",""1266.7333169699996"",""[29235.56,5417.5,0,0.03,0]"",""0.0018158640014007688"",""[256991299,548128563,432692606,0]"",""[1305185.5,405.09,51948.45,5436984.68,146.81,0,190.79,6804.07,0,0]"",""63.336664408851355"",""866.98828125"",""[909103104,8052584448,200040448,2854912,0,3422916608,0,893841408,900827136,0]"","""","""","""""
"gcn-ogbn-arxiv-labor-cpu-32-20-4-256-10-1024-[10]-1000,""finished"",""-"","""","""",""2023-06-09T20:26:07.000Z"",""357"","""",""2"",""gcn"",""1024"",""1000"",""ogbn-arxiv"",""20"",""[10]"",""256"",""4"",""cpu"",""10"",""32"",""0.4366397261619568"",""labor"","""",""0.5913621187210083"",""0.3777717470075004"",""354.1302907089994"",""5.053527423006017"",""1.4586373969410242"",""348.1569030319806"",""[9429.47,68.33,0,0.04,0]"",""0.002103723003529012"",""[250986571,533285634,422297444,0]"",""[1276052.79,405.09,46547.41,5430653.24,146.63,0,190.46,6617.72,0,0]"",""17.40784354979696"",""1161.31640625"",""[1217728512,8315101184,200392704,2854912,0,3756175360,0,1202896896,1209811968,0]"","""","""","""""
"gcn-ogbn-arxiv-saint-cpu-32-20-4-256-10-1024-[10, 10]-85000,""finished"",""-"","""","""",""2023-06-09T19:56:07.000Z"",""1792"","""",""2"",""gcn"",""1024"",""85000"",""ogbn-arxiv"",""20"",""[10,10]"",""256"",""4"",""cpu"",""10"",""32"",""0.4331214129924774"",""saint"","""",""0.58937668800354"",""0.248853691999102"",""1789.9202481959946"",""4.306254330003867"",""1.5733967925725358"",""1784.8180500449962"",""[40336.8,6723.09,0,0.03,0]"",""0.0035805010120384395"",""[250125928,530459310,419625712,0]"",""[1266650.42,405.09,46476.16,5428509.51,146.54,0,190.42,6568.87,0,0]"",""89.24090096960136"",""1174.46484375"",""[1231515648,8309014528,199942144,2854912,0,3756941312,0,1216057344,1223134208,0]"","""","""","""""
"gcn-ogbn-arxiv-neighbor-cpu-32-20-4-256-10-1024-[10]-1000,""finished"",""-"","""","""",""2023-06-09T19:50:09.000Z"",""351"","""",""2"",""gcn"",""1024"",""1000"",""ogbn-arxiv"",""20"",""[10]"",""256"",""4"",""cpu"",""10"",""32"",""0.4257350265979767"",""neighbor"","""",""0.5829390287399292"",""0.256092613999499"",""347.56809417999466"",""3.8515179810056"",""1.450453837266129"",""342.92229835499893"",""[10167.05,88.21,0,0.03,0]"",""0.004020040010800585"",""[243451214,512308175,405939367,0]"",""[1226447.26,405.09,39771.8,5418008.65,146.24,0,190.13,6308.09,0,0]"",""17.146113327646162"",""1132.125"",""[1187119104,8278020096,199954432,2854912,0,3723485184,0,1171984384,1178980352,0]"","""","""","""""
"gcn-ogbn-arxiv-cluster-cpu-32-20-4-256-3500-1024-[10, 10]-1000,""finished"",""-"","""","""",""2023-06-09T19:48:44.000Z"",""76"","""",""1"",""gcn"",""1024"",""1000"",""ogbn-arxiv"",""20"",""[10,10]"",""256"",""4"",""cpu"",""3500"",""32"",""0.4876859486103058"",""cluster"","""",""0.41955676674842834"",""0.4066969609993976"",""70.72469337502844"",""4.093565782008227"",""2.349657237529754"",""62.95718684600433"",""[1701.02,162.48,0,0.04,0]"",""2.7277430660033133"",""[242163643,509073065,403045992,0]"",""[1216303.96,405.09,39680.69,5416701.06,146.12,0,189.99,6258.44,0,0]"",""3.147857721398759"",""1113.67578125"",""[1167773696,8307310592,201134080,2854912,0,3680718848,0,1152331776,1159462912,0]"","""","""","""""
"gcn-ogbn-arxiv-shadow-cpu-32-20-4-256-10-1024-[10]-1000,""finished"",""-"","""","""",""2023-06-09T19:27:32.000Z"",""1265"","""",""1"",""gcn"",""1024"",""1000"",""ogbn-arxiv"",""20"",""[10]"",""256"",""4"",""cpu"",""10"",""32"",""0.4905252754688263"",""shadow"","""",""0.6237192153930664"",""0.1875766469747759"",""1260.329777951003"",""4.291048000013689"",""1.4723640586552995"",""1255.2855305650155"",""[29089.42,5297.21,0,0.04,0]"",""0.0019542030058801174"",""[241938074,508399787,402503015,0]"",""[1214601.16,405.09,39515.61,5415938.83,146.11,0,189.82,6248.63,0,0]"",""62.76427524360188"",""978.5"",""[1026031616,8080793600,199716864,2854912,0,3561910272,0,1010388992,1017419776,0]"","""","""","""""
"gcn-ogbn-arxiv-labor-cpu-32-20-4-256-10-1024-[10]-1000,""finished"",""-"","""","""",""2023-06-09T19:21:40.000Z"",""345"","""",""1"",""gcn"",""1024"",""1000"",""ogbn-arxiv"",""20"",""[10]"",""256"",""4"",""cpu"",""10"",""32"",""0.4394378960132599"",""labor"","""",""0.5890465974807739"",""0.4221362179960124"",""341.74077166899224"",""4.0932170749874786"",""1.453005996982703"",""336.69442766701104"",""[8991.72,104.42,0,0.04,0]"",""0.0034740289847832173"",""[236028482,493673112,391900898,0]"",""[1185613.89,405.09,34234,5409688.83,145.85,0,189.58,6065.59,0,0]"",""16.834719798350125"",""1110.91015625"",""[1164873728,8263569408,199716864,2854912,0,3700572160,0,1148669952,1155824640,0]"","""","""","""""
"gcn-ogbn-arxiv-saint-cpu-32-20-4-256-10-1024-[10, 10]-85000,""finished"",""-"","""","""",""2023-06-09T18:52:57.000Z"",""1715"","""",""1"",""gcn"",""1024"",""85000"",""ogbn-arxiv"",""20"",""[10,10]"",""256"",""4"",""cpu"",""10"",""32"",""0.4436557292938232"",""saint"","""",""0.5922454595565796"",""0.3814167350064963"",""1710.5503553180024"",""3.8232127770024817"",""1.5766482313027543"",""1705.7807048350223"",""[38878.54,6546.95,0,0.04,0]"",""0.0018857530085369945"",""[235225732,490959793,389392000,0]"",""[1176641.5,405.09,34126.66,5407464.5,145.79,0,189.54,6020.8,0,0]"",""85.28903382259742"",""1240.203125"",""[1300447232,8348663808,200990720,2854912,0,3829608448,0,1285103616,1292029952,0]"","""","""","""""
"gcn-ogbn-arxiv-neighbor-cpu-32-20-4-256-10-1024-[10]-1000,""finished"",""-"","""","""",""2023-06-09T18:47:05.000Z"",""345"","""",""1"",""gcn"",""1024"",""1000"",""ogbn-arxiv"",""20"",""[10]"",""256"",""4"",""cpu"",""10"",""32"",""0.3847087621688843"",""neighbor"","""",""0.5875029563903809"",""0.1806527489970904"",""341.43701320001855"",""4.437841500010109"",""1.4527923846512698"",""336.2675450150273"",""[10048.12,48.3,0,0.03,0]"",""0.00363261898746714"",""[229539892,473797432,375954197,0]"",""[1137879.52,405.09,27595.58,5397857.46,145.47,0,189.24,5773.98,0,0]"",""16.813375677498698"",""1177.13671875"",""[1234317312,8325955584,200880128,2854912,0,3769352192,0,1219018752,1225990144,0]"","""","""","""""
"gcn-ogbn-arxiv-cluster-cpu-32-20-3-256-4000-1024-[10, 10]-1000,""finished"",""-"","""","""",""2023-06-09T18:45:56.000Z"",""62"","""",""3"",""gcn"",""1024"",""1000"",""ogbn-arxiv"",""20"",""[10,10]"",""256"",""3"",""cpu"",""4000"",""32"",""0.4230808913707733"",""cluster"","""",""0.4454686641693115"",""0.17887094800244083"",""57.1884232639859"",""2.771996050985763"",""2.3144336342811584"",""50.05740472799516"",""[1174.46,219.52,0,0.03,0]"",""3.5768695680017117"",""[228272649,470627089,373075493,0]"",""[1127855.43,405.09,27544.33,5396682.87,145.43,0,189.13,5725.66,0,0]"",""2.50286879055202"",""890.76953125"",""[934039552,8056512512,201338880,2854912,0,3452051456,0,919101440,926049280,0]"","""","""","""""
"gcn-ogbn-arxiv-shadow-cpu-32-20-3-256-10-1024-[10]-1000,""finished"",""-"","""","""",""2023-06-09T18:38:14.000Z"",""455"","""",""3"",""gcn"",""1024"",""1000"",""ogbn-arxiv"",""20"",""[10]"",""256"",""3"",""cpu"",""10"",""32"",""0.505812406539917"",""shadow"","""",""0.6292284727096558"",""0.18417413599672727"",""451.7483559699904"",""2.916942401003326"",""1.417478035005291"",""448.08338704900234"",""[12854.45,132.43,0,0.03,0]"",""0.003174226003466174"",""[228030201,470013351,372638287,0]"",""[1126681.4,405.09,27322.87,5395929.75,145.42,0,189.08,5718.87,0,0]"",""22.4041674473483"",""1240.8359375"",""[1301110784,8391319552,200511488,2854912,0,3835957248,0,1285214208,1292124160,0]"","""","""","""""
"gcn-ogbn-arxiv-labor-cpu-32-20-3-256-10-1024-[10]-1000,""finished"",""-"","""","""",""2023-06-09T18:35:18.000Z"",""169"","""",""3"",""gcn"",""1024"",""1000"",""ogbn-arxiv"",""20"",""[10]"",""256"",""3"",""cpu"",""10"",""32"",""0.4876447916030884"",""labor"","""",""0.5929729342460632"",""0.3689700189861469"",""165.9016649670084"",""3.4971347480022814"",""1.3928852375973475"",""161.4955345930066"",""[4229.69,92.73,0,0.04,0]"",""0.001916273991810158"",""[226661772,466064659,368963879,0]"",""[1113851.59,405.09,27187.45,5394131.82,145.37,0,188.93,5655.68,0,0]"",""8.074775008000142"",""886.44140625"",""[929501184,8056651776,199610368,2854912,0,3465969664,0,914153472,921234432,0]"","""","""","""""
"gcn-ogbn-arxiv-saint-cpu-32-20-3-256-10-1024-[10, 10]-45000,""finished"",""-"","""","""",""2023-06-09T18:21:57.000Z"",""793"","""",""3"",""gcn"",""1024"",""45000"",""ogbn-arxiv"",""20"",""[10,10]"",""256"",""3"",""cpu"",""10"",""32"",""0.5400489568710327"",""saint"","""",""0.6105726957321167"",""0.1584071849938482"",""789.5940813400084"",""2.996077421994414"",""1.4534656037105602"",""785.8901834930002"",""[17971.92,3092.81,0,0.04,0]"",""0.003842006990453229"",""[226145710,464674269,367801282,0]"",""[1109627.37,405.09,27092.03,5392790.54,145.31,0,188.88,5633.61,0,0]"",""39.29450779455219"",""1042.21875"",""[1092845568,8188313600,199774208,2854912,0,3624005632,0,1078001664,1084884992,0]"","""","""","""""
"gcn-ogbn-arxiv-neighbor-cpu-32-20-3-256-10-1024-[10]-1000,""finished"",""-"","""","""",""2023-06-09T18:19:08.000Z"",""161"","""",""3"",""gcn"",""1024"",""1000"",""ogbn-arxiv"",""20"",""[10]"",""256"",""3"",""cpu"",""10"",""32"",""0.495442658662796"",""neighbor"","""",""0.5969998836517334"",""0.16579626698512584"",""157.77727651799796"",""3.1756128770066425"",""1.3902037317833205"",""153.8953499039926"",""[4589.47,69.1,0.01,0.02,0]"",""0.0017649829969741404"",""[222260841,456035335,361278472,0]"",""[1091721.56,405.09,24008.1,5388271.76,145.15,0,188.68,5518.21,0,0]"",""7.694765676253883"",""950.1953125"",""[996352000,8119840768,199839744,2854912,0,3532595200,0,981094400,987973632,0]"","""","""","""""
"gcn-ogbn-arxiv-cluster-cpu-32-20-3-256-4000-1024-[10, 10]-1000,""finished"",""-"","""","""",""2023-06-09T18:17:57.000Z"",""64"","""",""2"",""gcn"",""1024"",""1000"",""ogbn-arxiv"",""20"",""[10,10]"",""256"",""3"",""cpu"",""4000"",""32"",""0.4367631673812866"",""cluster"","""",""0.4431479275226593"",""0.2626738089893479"",""58.42032294798992"",""3.1454642729950137"",""2.310409963130951"",""50.947106798994355"",""[1189.92,222.6,0,0.04,0]"",""3.5308768870017957"",""[221453282,454443698,359971223,0]"",""[1087147.33,405.09,23936.48,5387482.78,145.12,0,188.63,5496.69,0,0]"",""2.547353726250003"",""878.90625"",""[921600000,8065302528,201482240,2854912,0,3433283584,0,905613312,912683008,0]"","""","""","""""
"gcn-ogbn-arxiv-shadow-cpu-32-20-3-256-10-1024-[10]-1000,""finished"",""-"","""","""",""2023-06-09T18:10:16.000Z"",""453"","""",""2"",""gcn"",""1024"",""1000"",""ogbn-arxiv"",""20"",""[10]"",""256"",""3"",""cpu"",""10"",""32"",""0.5325185656547546"",""shadow"","""",""0.6281211376190186"",""0.33200615900568664"",""448.99431466299575"",""3.1871360810182523"",""1.4159683096274902"",""444.9468676559918"",""[12837.69,89.1,0,0.04,0]"",""0.003254587994888425"",""[221201325,453819652,359547121,0]"",""[1085960.18,405.09,23712.22,5386654.46,145.09,0,188.58,5489.25,0,0]"",""22.247341607049748"",""1362.109375"",""[1428275200,8520908800,199536640,2854912,0,3965358080,0,1413173248,1420222464,0]"","""","""","""""
"gcn-ogbn-arxiv-labor-cpu-32-20-3-256-10-1024-[10]-1000,""finished"",""-"","""","""",""2023-06-09T18:07:26.000Z"",""163"","""",""2"",""gcn"",""1024"",""1000"",""ogbn-arxiv"",""20"",""[10]"",""256"",""3"",""cpu"",""10"",""32"",""0.4933646023273468"",""labor"","""",""0.60075843334198"",""0.17910621597548015"",""159.16730354801985"",""2.971689451020211"",""1.3936617481574585"",""155.46813059897977"",""[4124.56,38.15,0,0.04,0]"",""0.001766030996805057"",""[219911123,449922479,355982114,0]"",""[1073159.98,405.09,23620.1,5384873.61,145.04,0,188.5,5429.5,0,0]"",""7.773405097349314"",""894.76171875"",""[938225664,8065937408,199843840,2854912,0,3474522112,0,923389952,930292736,0]"","""","""","""""
"gcn-ogbn-arxiv-saint-cpu-32-20-3-256-10-1024-[10, 10]-45000,""finished"",""-"","""","""",""2023-06-09T17:54:17.000Z"",""782"","""",""2"",""gcn"",""1024"",""45000"",""ogbn-arxiv"",""20"",""[10,10]"",""256"",""3"",""cpu"",""10"",""32"",""0.5286093354225159"",""saint"","""",""0.6153813004493713"",""0.2249973480065819"",""778.0992836090154"",""2.8607061600196175"",""1.4529842312416337"",""774.4822652940056"",""[17607.2,3157.98,0,0.04,0]"",""0.001769768015947193"",""[219447523,448625702,354849393,0]"",""[1069042.93,405.09,23579.21,5383619.26,145,0,188.45,5408.72,0,0]"",""38.724111682148944"",""1024.875"",""[1074659328,8153624576,200847360,2854912,0,3610361856,0,1060036608,1066977280,0]"","""","""","""""
"gcn-ogbn-arxiv-neighbor-cpu-32-20-3-256-10-1024-[10]-1000,""finished"",""-"","""","""",""2023-06-09T17:51:29.000Z"",""161"","""",""2"",""gcn"",""1024"",""1000"",""ogbn-arxiv"",""20"",""[10]"",""256"",""3"",""cpu"",""10"",""32"",""0.48108142614364624"",""neighbor"","""",""0.5954897999763489"",""0.1634509400173556"",""157.7062165440002"",""3.204889511980582"",""1.3894998210199765"",""153.82088429899886"",""[4581.59,69.04,0,0.04,0]"",""0.0017126540187746286"",""[215627692,440100131,348403800,0]"",""[1051470.84,405.09,20424.95,5379166.11,144.84,0,188.29,5292.48,0,0]"",""7.691042557844776"",""854.01171875"",""[895496192,8018210816,200908800,2854912,0,3430354944,0,879886336,886786048,0]"","""","""","""""
"gcn-ogbn-arxiv-cluster-cpu-32-20-3-256-4000-1024-[10, 10]-1000,""finished"",""-"","""","""",""2023-06-09T17:50:19.000Z"",""63"","""",""1"",""gcn"",""1024"",""1000"",""ogbn-arxiv"",""20"",""[10,10]"",""256"",""3"",""cpu"",""4000"",""32"",""0.4332448542118073"",""cluster"","""",""0.4396815896034241"",""0.32875841998611577"",""56.91632466099691"",""3.0468661499908194"",""2.327700138092041"",""49.4320041660103"",""[1165.09,220.32,0,0.04,0]"",""3.5741287270211615"",""[214833590,438500658,347087948,0]"",""[1046898.81,405.09,20353.29,5378372.2,144.8,0,188.27,5269.93,0,0]"",""2.4715987982985097"",""852.90234375"",""[894332928,8039247872,201003008,2854912,0,3407220736,0,879497216,886368256,0]"","""","""","""""
"gcn-ogbn-arxiv-shadow-cpu-32-20-3-256-10-1024-[10]-1000,""finished"",""-"","""","""",""2023-06-09T17:42:32.000Z"",""459"","""",""1"",""gcn"",""1024"",""1000"",""ogbn-arxiv"",""20"",""[10]"",""256"",""3"",""cpu"",""10"",""32"",""0.4808345139026642"",""shadow"","""",""0.6275437474250793"",""0.18864301798748784"",""454.9186313980026"",""3.192379233019892"",""1.4168717218249032"",""450.99399634898873"",""[12921.04,140.42,0.01,0.03,0]"",""0.003498206991935149"",""[214592459,437892444,346636037,0]"",""[1045733.22,405.09,20130.74,5377562.41,144.79,0,188.23,5263.42,0,0]"",""22.54969793359487"",""1198.515625"",""[1256734720,8347656192,200314880,2854912,0,3792519168,0,1241505792,1248401408,0]"","""","""","""""
"gcn-ogbn-arxiv-labor-cpu-32-20-3-256-10-1024-[10]-1000,""finished"",""-"","""","""",""2023-06-09T17:39:37.000Z"",""167"","""",""1"",""gcn"",""1024"",""1000"",""ogbn-arxiv"",""20"",""[10]"",""256"",""3"",""cpu"",""10"",""32"",""0.47595828771591187"",""labor"","""",""0.6017987132072449"",""0.386647058010567"",""162.93787118099863"",""3.2173880219925195"",""1.3908084630966189"",""158.8072684229992"",""[4155.37,84.79,0,0.04,0]"",""0.0019887720118276775"",""[213251341,433925116,342983079,0]"",""[1032842.23,405.09,19987.48,5375703.48,144.76,0,188.12,5200.92,0,0]"",""7.94036167890008"",""962.52734375"",""[1009283072,8135352320,200245248,2854912,0,3544559616,0,993497088,1000462336,0]"","""","""","""""
"gcn-ogbn-arxiv-saint-cpu-32-20-3-256-10-1024-[10, 10]-45000,""finished"",""-"","""","""",""2023-06-09T17:26:28.000Z"",""781"","""",""1"",""gcn"",""1024"",""45000"",""ogbn-arxiv"",""20"",""[10,10]"",""256"",""3"",""cpu"",""10"",""32"",""0.5316338539123535"",""saint"","""",""0.6120988130569458"",""0.2106374019931536"",""778.2888444569835"",""3.477193550002994"",""1.4510308155852758"",""774.0303855639941"",""[17701.54,3123.76,0.01,0.03,0]"",""0.003793125011725351"",""[212739082,432565409,341774953,0]"",""[1028700.91,405.09,19900.05,5374387.05,144.73,0,188.08,5178.69,0,0]"",""38.701517842950125"",""1107.66015625"",""[1161465856,8242036736,200003584,2854912,0,3697295360,0,1146699776,1153559552,0]"","""","""","""""
"gcn-ogbn-arxiv-neighbor-cpu-32-20-3-256-10-1024-[10]-1000,""finished"",""-"","""","""",""2023-06-09T17:23:42.000Z"",""159"","""",""1"",""gcn"",""1024"",""1000"",""ogbn-arxiv"",""20"",""[10]"",""256"",""3"",""cpu"",""10"",""32"",""0.5015328526496887"",""neighbor"","""",""0.6005570888519287"",""0.1869249520241283"",""154.51950188999763"",""2.8287498640129343"",""1.390449229251133"",""150.96457406601985"",""[4510.25,55.63,0,0.03,0]"",""0.0016228250169660896"",""[208895189,424019795,335267330,0]"",""[1011061.15,405.09,16784.21,5369971.86,144.55,0,187.91,5060.15,0,0]"",""7.54822712225141"",""1004.30078125"",""[1053085696,8176873472,200613888,2854912,0,3588280320,0,1037213696,1044303872,0]"","""","""","""""
